bowler,True Economy_death,True SR_death,dotpercentage_death,Containment_death,True Economy_middle,True SR_middle,dotpercentage_middle,Containment_middle,True Economy_powerplay,True SR_powerplay,dotpercentage_powerplay,Containment_powerplay
A Badoni,0,0,0,0,0,0,0,0,0,0,0,0
A Chopra,0,0,0,0,0,0,0,0,0,0,0,0
A Manohar,0,0,0,0,0,0,0,0,0,0,0,0
A Mukund,0,0,0,0,0,0,0,0,0,0,0,0
AA Bilakhia,0,0,0,0,0,0,0,0,0,0,0,0
AB Barath,0,0,0,0,0,0,0,0,0,0,0,0
AB de Villiers,0,0,0,0,0,0,0,0,0,0,0,0
AC Gilchrist,0,0,0,0,0,0,0,0,0,0,0,0
AD Nath,0,0,0,0,0,0,0,0,0,0,0,0
AK Markram,0,0,0,0,0,0,0,0,0,0,0,0
AM Rahane,0,0,0,0,0,0,0,0,0,0,0,0
AP Majumdar,0,0,0,0,0,0,0,0,0,0,0,0
AP Tare,0,0,0,0,0,0,0,0,0,0,0,0
AS Raut,0,0,0,0,0,0,0,0,0,0,0,0
AT Rayudu,0,0,0,0,0,0,0,0,0,0,0,0
AUK Pathan,0,0,0,0,0,0,0,0,0,0,0,0
Abdul Samad,0,0,0,0,0,0,0,0,0,0,0,0
Anirudh Singh,0,0,0,0,0,0,0,0,0,0,0,0
Anuj Rawat,0,0,0,0,0,0,0,0,0,0,0,0
B Chipli,0,0,0,0,0,0,0,0,0,0,0,0
B Sai Sudharsan,0,0,0,0,0,0,0,0,0,0,0,0
BB McCullum,0,0,0,0,0,0,0,0,0,0,0,0
BB Samantray,0,0,0,0,0,0,0,0,0,0,0,0
BJ Rohrer,0,0,0,0,0,0,0,0,0,0,0,0
C Munro,0,0,0,0,0,0,0,0,0,0,0,0
CA Ingram,0,0,0,0,0,0,0,0,0,0,0,0
CA Lynn,0,0,0,0,0,0,0,0,0,0,0,0
CA Pujara,0,0,0,0,0,0,0,0,0,0,0,0
CJ Ferguson,0,0,0,0,0,0,0,0,0,0,0,0
CL White,0,0,0,0,0,0,0,0,0,0,0,0
CM Gautam,0,0,0,0,0,0,0,0,0,0,0,0
D Padikkal,0,0,0,0,0,0,0,0,0,0,0,0
DA Miller,0,0,0,0,0,0,0,0,0,0,0,0
DA Warner,0,0,0,0,0,0,0,0,0,0,0,0
DB Das,0,0,0,0,0,0,0,0,0,0,0,0
DB Ravi Teja,0,0,0,0,0,0,0,0,0,0,0,0
DP Conway,0,0,0,0,0,0,0,0,0,0,0,0
DPMD Jayawardene,0,0,0,0,0,0,0,0,0,0,0,0
DR Martyn,0,0,0,0,0,0,0,0,0,0,0,0
E Lewis,0,0,0,0,0,0,0,0,0,0,0,0
EJG Morgan,0,0,0,0,0,0,0,0,0,0,0,0
F du Plessis,0,0,0,0,0,0,0,0,0,0,0,0
FY Fazal,0,0,0,0,0,0,0,0,0,0,0,0
G Gambhir,0,0,0,0,0,0,0,0,0,0,0,0
GC Smith,0,0,0,0,0,0,0,0,0,0,0,0
GD Phillips,0,0,0,0,0,0,0,0,0,0,0,0
GH Vihari,0,0,0,0,0,0,0,0,0,0,0,0
GJ Bailey,0,0,0,0,0,0,0,0,0,0,0,0
Gurkeerat Singh,0,0,0,0,0,0,0,0,0,0,0,0
H Klaasen,0,0,0,0,0,0,0,0,0,0,0,0
HH Gibbs,0,0,0,0,0,0,0,0,0,0,0,0
HM Amla,0,0,0,0,0,0,0,0,0,0,0,0
IR Jaggi,0,0,0,0,0,0,0,0,0,0,0,0
Ishan Kishan,0,0,0,0,0,0,0,0,0,0,0,0
JC Buttler,0,0,0,0,0,0,0,0,0,0,0,0
JJ Roy,0,0,0,0,0,0,0,0,0,0,0,0
JM Bairstow,0,0,0,0,0,0,0,0,0,0,0,0
JM Kemp,0,0,0,0,0,0,0,0,0,0,0,0
JM Sharma,0,0,0,0,0,0,0,0,0,0,0,0
JR Philippe,0,0,0,0,0,0,0,0,0,0,0,0
K Goel,0,0,0,0,0,0,0,0,0,0,0,0
KC Sangakkara,0,0,0,0,0,0,0,0,0,0,0,0
KD Karthik,0,0,0,0,0,0,0,0,0,0,0,0
KK Nair,0,0,0,0,0,0,0,0,0,0,0,0
KL Rahul,0,0,0,0,0,0,0,0,0,0,0,0
KM Jadhav,0,0,0,0,0,0,0,0,0,0,0,0
KS Bharat,0,0,0,0,0,0,0,0,0,0,0,0
KS Williamson,0,0,0,0,0,0,0,0,0,0,0,0
Kamran Akmal,0,0,0,0,0,0,0,0,0,0,0,0
LA Carseldine,0,0,0,0,0,0,0,0,0,0,0,0
LA Pomersbach,0,0,0,0,0,0,0,0,0,0,0,0
LMP Simmons,0,0,0,0,0,0,0,0,0,0,0,0
LPC Silva,0,0,0,0,0,0,0,0,0,0,0,0
LRPL Taylor,0,0,0,0,0,0,0,0,0,0,0,0
M Kaif,0,0,0,0,0,0,0,0,0,0,0,0
M Manhas,0,0,0,0,0,0,0,0,0,0,0,0
M Rawat,0,0,0,0,0,0,0,0,0,0,0,0
M Shahrukh Khan,0,0,0,0,0,0,0,0,0,0,0,0
M Vijay,0,0,0,0,0,0,0,0,0,0,0,0
M Vohra,0,0,0,0,0,0,0,0,0,0,0,0
MA Agarwal,0,0,0,0,0,0,0,0,0,0,0,0
MC Juneja,0,0,0,0,0,0,0,0,0,0,0,0
MD Mishra,0,0,0,0,0,0,0,0,0,0,0,0
MEK Hussey,0,0,0,0,0,0,0,0,0,0,0,0
MK Lomror,0,0,0,0,0,0,0,0,0,0,0,0
MK Pandey,0,0,0,0,0,0,0,0,0,0,0,0
MK Tiwary,0,0,0,0,0,0,0,0,0,0,0,0
ML Hayden,0,0,0,0,0,0,0,0,0,0,0,0
MN van Wyk,0,0,0,0,0,0,0,0,0,0,0,0
MS Bisla,0,0,0,0,0,0,0,0,0,0,0,0
MS Dhoni,0,0,0,0,0,0,0,0,0,0,0,0
MV Boucher,0,0,0,0,0,0,0,0,0,0,0,0
Mandeep Singh,0,0,0,0,0,0,0,0,0,0,0,0
Misbah-ul-Haq,0,0,0,0,0,0,0,0,0,0,0,0
Mohammad Hafeez,0,0,0,0,0,0,0,0,0,0,0,0
N Jagadeesan,0,0,0,0,0,0,0,0,0,0,0,0
N Pooran,0,0,0,0,0,0,0,0,0,0,0,0
N Saini,0,0,0,0,0,0,0,0,0,0,0,0
NK Patel,0,0,0,0,0,0,0,0,0,0,0,0
NS Naik,0,0,0,0,0,0,0,0,0,0,0,0
NV Ojha,0,0,0,0,0,0,0,0,0,0,0,0
OA Shah,0,0,0,0,0,0,0,0,0,0,0,0
P Simran Singh,0,0,0,0,0,0,0,0,0,0,0,0
PA Patel,0,0,0,0,0,0,0,0,0,0,0,0
PA Reddy,0,0,0,0,0,0,0,0,0,0,0,0
PBB Rajapaksa,0,0,0,0,0,0,0,0,0,0,0,0
PC Valthaty,0,0,0,0,0,0,0,0,0,0,0,0
PD Collingwood,0,0,0,0,0,0,0,0,0,0,0,0
PK Garg,0,0,0,0,0,0,0,0,0,0,0,0
PP Shaw,0,0,0,0,0,0,0,0,0,0,0,0
PR Shah,0,0,0,0,0,0,0,0,0,0,0,0
Q de Kock,0,0,0,0,0,0,0,0,0,0,0,0
R Bishnoi,0,0,0,0,0,0,0,0,0,0,0,0
R Dravid,0,0,0,0,0,0,0,0,0,0,0,0
R Sathish,0,0,0,0,0,0,0,0,0,0,0,0
RA Tripathi,0,0,0,0,0,0,0,0,0,0,0,0
RD Gaikwad,0,0,0,0,0,0,0,0,0,0,0,0
RJ Quiney,0,0,0,0,0,0,0,0,0,0,0,0
RK Bhui,0,0,0,0,0,0,0,0,0,0,0,0
RK Singh,0,0,0,0,0,0,0,0,0,0,0,0
RM Patidar,0,0,0,0,0,0,0,0,0,0,0,0
RN ten Doeschate,0,0,0,0,0,0,0,0,0,0,0,0
RR Pant,0,0,0,0,0,0,0,0,0,0,0,0
RR Rossouw,0,0,0,0,0,0,0,0,0,0,0,0
RS Bopara,0,0,0,0,0,0,0,0,0,0,0,0
RV Gomez,0,0,0,0,0,0,0,0,0,0,0,0
RV Uthappa,0,0,0,0,0,0,0,0,0,0,0,0
Ramandeep Singh,0,0,0,0,0,0,0,0,0,0,0,0
S Anirudha,0,0,0,0,0,0,0,0,0,0,0,0
S Badrinath,0,0,0,0,0,0,0,0,0,0,0,0
S Dhawan,0,0,0,0,0,0,0,0,0,0,0,0
S Dube,0,0,0,0,0,0,0,0,0,0,0,0
S Rana,0,0,0,0,0,0,0,0,0,0,0,0
S Sohal,0,0,0,0,0,0,0,0,0,0,0,0
S Vidyut,0,0,0,0,0,0,0,0,0,0,0,0
SA Yadav,0,0,0,0,0,0,0,0,0,0,0,0
SE Marsh,0,0,0,0,0,0,0,0,0,0,0,0
SE Rutherford,0,0,0,0,0,0,0,0,0,0,0,0
SM Katich,0,0,0,0,0,0,0,0,0,0,0,0
SN Khan,0,0,0,0,0,0,0,0,0,0,0,0
SO Hetmyer,0,0,0,0,0,0,0,0,0,0,0,0
SP Goswami,0,0,0,0,0,0,0,0,0,0,0,0
SP Jackson,0,0,0,0,0,0,0,0,0,0,0,0
SPD Smith,0,0,0,0,0,0,0,0,0,0,0,0
SR Tendulkar,0,0,0,0,0,0,0,0,0,0,0,0
SS Iyer,0,0,0,0,0,0,0,0,0,0,0,0
SS Tiwary,0,0,0,0,0,0,0,0,0,0,0,0
SV Samson,0,0,0,0,0,0,0,0,0,0,0,0
SW Billings,0,0,0,0,0,0,0,0,0,0,0,0
Sachin Baby,0,0,0,0,0,0,0,0,0,0,0,0
Salman Butt,0,0,0,0,0,0,0,0,0,0,0,0
Shoaib Malik,0,0,0,0,0,0,0,0,0,0,0,0
Shubman Gill,0,0,0,0,0,0,0,0,0,0,0,0
Sunny Singh,0,0,0,0,0,0,0,0,0,0,0,0
TM Head,0,0,0,0,0,0,0,0,0,0,0,0
Tilak Varma,0,0,0,0,0,0,0,0,0,0,0,0
UBT Chand,0,0,0,0,0,0,0,0,0,0,0,0
V Kohli,0,0,0,0,0,0,0,0,0,0,0,0
VR Iyer,0,0,0,0,0,0,0,0,0,0,0,0
VVS Laxman,0,0,0,0,0,0,0,0,0,0,0,0
WP Saha,0,0,0,0,0,0,0,0,0,0,0,0
Y Nagar,0,0,0,0,0,0,0,0,0,0,0,0
YV Takawale,0,0,0,0,0,0,0,0,0,0,0,0
Yashpal Singh,0,0,0,0,0,0,0,0,0,0,0,0
Yuvraj Singh,0,0,0,0,0,0,0,0,0,0,0,0
A Ashish Reddy,0.509446023,0.497281398,0.327272727,0.3,0.609262392,0.433892886,0.392156863,0.219298246,0.00372006,0.370151459,0.4,0.053191489
A Chandila,0.695454545,0.555040556,0.2,0.1,0.632793419,0.121603798,0.462650602,0.336842105,0.623190304,0.361313262,0.587412587,0.438047559
A Choudhary,0.595512821,0.377752028,0.35,0.35,0.655959121,0.293590082,0.497560976,0.223684211,0.724812214,0.658662726,0.6,0.273556231
A Flintoff,0.417874396,0.332560834,0.156521739,0.066666667,0.681968455,0.305592192,0.56,0.736842105,0.441036782,0.347801995,0.3,0.106382979
A Kumble,0.600793651,0.528118143,0.42962963,0.504347826,0.692775448,0.3966574,0.448664688,0.373610082,0.668511995,0.265332992,0.724528302,0.567375887
A Mishra,0.560521479,0.46224411,0.391836735,0.359550562,0.683426848,0.421513255,0.428770302,0.338896021,0.622552703,0.295971954,0.582352941,0.280851064
A Mithun,0.432498999,0.534414832,0.358441558,0.2,0.618076574,0.207069375,0.346478873,0.187643021,0.464637951,0.119024751,0.4875,0.184397163
A Nehra,0.573321089,0.531059558,0.372815534,0.351648352,0.658951891,0.425529744,0.428268551,0.253132832,0.541647078,0.265085936,0.596666667,0.260856893
A Nel,0.639855072,0.721900348,0.8,0.4,0.460655807,0.484832498,0.2,0.035087719,0.418041712,0.374214998,0.4,0.106382979
A Nortje,0.595600281,0.455868234,0.406451613,0.373333333,0.619803376,0.449485624,0.495867769,0.210526316,0.534398405,0.30452764,0.573559322,0.267857143
A Singh,0.497099943,0.542607866,0.349367089,0.255555556,0.616439525,0.309548932,0.469565217,0.236842105,0.570508613,0.277823165,0.581395349,0.332446809
A Symonds,0.606235614,0.446960919,0.325925926,0.244444444,0.603549149,0.382666494,0.398746082,0.247953216,0.592431412,0.272716825,0.67027027,0.47112462
A Uniyal,0.514215686,0.701042874,0.211764706,0.15,0,0.591664468,0.2,0.035087719,0.556746796,0.32545253,0.4,0.141843972
A Zampa,0.626533019,0.76778679,0.430188679,0.292307692,0.613002431,0.409777772,0.366371681,0.330143541,1,0.349833764,0.48,0.106382979
AA Chavan,0.405900621,0.580533024,0.342857143,0.133333333,0.5010221,0.29683084,0.334883721,0.148606811,0.584622012,0.155022925,0.626086957,0.364741641
AA Jhunjhunwala,0.295454545,0.624565469,0,0,0.612517004,0.2267922,0.362264151,0.210526316,0.496544937,0.227927595,0.44,0.167173252
AA Noffke,1,0.568945539,0.5,0.5,0.82438381,0.596412556,0,0,0,0.36608792,0.24,0.035460993
AB Agarkar,0.499869335,0.392418474,0.271186441,0.210526316,0.628323188,0.432776008,0.398062954,0.218500797,0.454086952,0.261838795,0.534104046,0.167173252
AB Dinda,0.499017266,0.513360169,0.316256158,0.201886792,0.744638238,0.389435782,0.460273973,0.406533575,0.573537381,0.298124842,0.614303639,0.287445399
AB McDonald,0.511176471,0.512553109,0.36,0.257142857,0.597797063,0.422579794,0.289285714,0.189473684,0.440398782,0.297007758,0.4,0.165484634
AC Thomas,0.513218391,0.365005794,0.216216216,0.19047619,0.701585991,0.66763387,0.436363636,0.280701754,0.618776399,0.304626893,0.672,0.359501101
AC Voges,0.665151515,0.555040556,0.2,0.1,0.597897759,0.321814825,0.3,0.236842105,0.380794107,0.287864795,0.5,0.075987842
AD Mascarenhas,0.523745819,0.464658169,0.276923077,0.3,0.702564492,0.408863097,0.414545455,0.4,0.531248507,0.31362659,0.578313253,0.293470286
AD Mathews,0.561646338,0.440953485,0.298039216,0.304,0.627925879,0.325879475,0.325748503,0.198830409,0.444989918,0.293929319,0.483870968,0.177304965
AD Russell,0.525652564,0.540075165,0.355764706,0.22300885,0.621279623,0.442984158,0.38778135,0.183981693,0.542662498,0.307877724,0.553333333,0.235460993
AF Milne,0.555352113,0.512061519,0.370909091,0.283333333,0.51705674,0.23450277,0.312,0.114035088,0.482267581,0.215736978,0.49787234,0.17287234
AG Murtaza,0.523079214,0.368713789,0.156521739,0.12,0.645978093,0.503561066,0.387341772,0.206477733,0.646771731,0.250615688,0.723076923,1
AJ Finch,0.76038961,0.541135574,0.685714286,0.4,0.464958976,0.446056449,0.2,0.07518797,0.808149761,0.374214998,0.8,0.212765957
AJ Tye,0.590241032,0.53637183,0.326501767,0.28,0.658265527,0.408269586,0.268020305,0.159709619,0.588526528,0.324738062,0.555319149,0.237315876
AL Menaria,0.319130435,0.527230591,0.24,0.1,0.674998784,0.466433659,0.428571429,0.394736842,0.638308827,0.259081394,0.525,0.319148936
AM Nayar,0.5,0.568945539,0.2,0.1,0.678561478,0.404793307,0.361111111,0.213815789,0.452717983,0.374214998,0.6,0.106382979
AM Salvi,0.545454545,0.388180765,0.16,0.2,0.657641219,0.428152203,0.530769231,0.269005848,0.524237792,0.096088331,0.5625,0.265957447
AN Ahmed,0.511585334,0.528292777,0.316483516,0.266666667,0.656424401,0.321431914,0.353571429,0.204334365,0.53195205,0.187766285,0.581538462,0.257774141
AP Dole,0.7,0.568945539,0.4,0.266666667,0.684795481,0.478501715,0.313043478,0.210526316,0.340020102,0.291928334,0.4,0.106382979
AR Patel,0.589652062,0.443830793,0.39,0.35862069,0.700379369,0.389013637,0.38421646,0.313033894,0.575939367,0.27602529,0.48,0.258358663
AS Joseph,0.591801242,0.565023621,0.42,0.42,0.550482173,0.37023093,0.413793103,0.166204986,0.435993927,0.231178426,0.6,0.180388529
AS Rajpoot,0.51263836,0.51118638,0.218181818,0.138461538,0.63326148,0.423467063,0.467114094,0.218045113,0.48757996,0.236343636,0.535384615,0.1898527
Abhishek Sharma,0.516666667,0.568945539,0,0,0.60007783,0.40557759,0.271875,0.190789474,0.569938856,0.577391947,0.533333333,0.212765957
Akash Deep,0.292081448,0.701042874,0.211764706,0.075,0.517029268,0.353142893,0.436363636,0.168421053,0.435880763,0.36811969,0.496551724,0.212765957
Akash Singh,0.425,0.73580533,0,0,0.890324565,0.601160644,0.4,0.105263158,0.448383449,0.32545253,0.5,0.132978723
Anand Rajan,0.482396694,0.535481899,0.39,0.216666667,0.604740126,0.43814297,0.387096774,0.350877193,0.594863174,0.197451053,0.685714286,0.364741641
Ankit Sharma,0.535333333,0.388180765,0.288,0.2,0.647856693,0.371142179,0.385714286,0.301435407,0.631199673,0.304844583,0.566666667,0.380739082
Ankit Soni,0.044117647,0.707995365,0,0,0.689898934,0.414402532,0.392079208,0.248120301,0.939424216,0.323420761,0.8,0.212765957
Anureet Singh,0.519467098,0.481962148,0.330708661,0.205882353,0.588765446,0.374923063,0.294915254,0.138755981,0.619476386,0.350849649,0.584415584,0.265957447
Arshdeep Singh,0.589116883,0.443446295,0.327272727,0.340909091,0.68137738,0.440075092,0.39389313,0.238227147,0.554578151,0.296132968,0.49305136,0.229652145
Avesh Khan,0.588236729,0.457609264,0.367010309,0.296666667,0.65963691,0.44996081,0.498360656,0.296296296,0.513057136,0.280003782,0.6,0.230272017
Azhar Mahmood,0.555134026,0.492357777,0.332673267,0.243478261,0.697854913,0.392320157,0.492972973,0.347826087,0.553813818,0.283011123,0.562237762,0.356382979
B Akhil,0.525653061,0.260718424,0.293877551,0.184615385,0.677200777,0.382341636,0.437209302,0.412280702,0.253329425,0.313261914,0.2,0.035460993
B Geeves,0.408333333,0.73580533,0.6,0.2,0.365411511,0.367910841,0.333333333,0.07518797,0.291371876,0.370151459,0.35,0.074468085
B Kumar,0.575684679,0.489700691,0.341186891,0.311650485,0.633316261,0.371531258,0.33431085,0.188679245,0.647176672,0.269189447,0.679205607,0.409067882
B Laughlin,0.481701319,0.638470452,0.304225352,0.189473684,0.606011226,0.352479557,0.3,0.175438596,0.541519239,0.344686615,0.308571429,0.119680851
B Lee,0.561701442,0.332817147,0.364356436,0.368,0.696136247,0.433466823,0.489473684,0.466165414,0.56134548,0.192667028,0.640851064,0.300023906
B Stanlake,0.608333333,0.73580533,0.2,0.1,0.580850546,0.45333685,0.488888889,0.210526316,0.561210934,0.180906644,0.585714286,0.272606383
BA Bhatt,0.582496392,0.238702202,0.285714286,0.25,0.575553206,0.404623733,0.336363636,0.194736842,0.554735759,0.326355539,0.5125,0.272606383
BA Stokes,0.544939603,0.494384526,0.353684211,0.28,0.681469886,0.280637444,0.384982935,0.230110159,0.515204824,0.294240473,0.525842697,0.180388529
BAW Mendis,0.601433692,0.391973033,0.333333333,0.333333333,0.717927064,0.361452046,0.344186047,0.324561404,0.587594842,0.288203423,0.496551724,0.319148936
BB Sran,0.558047389,0.490150637,0.279069767,0.266666667,0.568666842,0.391792591,0.361445783,0.164473684,0.456555863,0.191554937,0.525,0.193065406
BCJ Cutting,0.428439024,0.239695415,0.224,0.133333333,0.649293479,0.410031277,0.390184049,0.19924812,0.473541544,0.241743628,0.285714286,0.106382979
BE Hendricks,0.610753532,0.565469293,0.461538462,0.4,0.603274266,0.386140106,0.377142857,0.192982456,0.482440501,0.160879202,0.42,0.14893617
BJ Hodge,0.494444444,0.617612978,0.466666667,0.466666667,0.617244335,0.478294747,0.359322034,0.253588517,0.483707086,0.253663342,0.514285714,0.227963526
BW Hilfenhaus,0.476365181,0.457792044,0.357446809,0.2,0.529389618,0.433394883,0.4,0.210526316,0.600092135,0.297437555,0.690909091,0.404255319
Basil Thampi,0.498254219,0.510660487,0.247058824,0.162790698,0.645421239,0.402532313,0.342857143,0.171052632,0.484592624,0.031627405,0.493670886,0.168655942
Bipul Sharma,0.349038462,0.17202149,0.3,0.133333333,0.654000386,0.411799082,0.32971246,0.258646617,0.611812673,0.314684152,0.608219178,0.328014184
C Sakariya,0.567355372,0.421259077,0.283018868,0.263157895,0.690908492,0.446173069,0.315151515,0.18245614,0.592683242,0.279399089,0.545454545,0.346901018
C de Grandhomme,0.361473272,0.578215527,0.092307692,0.05,0.601256069,0.381083701,0.320855615,0.187969925,0.627743472,0.345770225,0.7,0.24822695
CH Gayle,0.581789082,0.444418694,0.378082192,0.368,0.670439942,0.31187285,0.366545455,0.285229202,0.601106628,0.218059,0.512820513,0.265957447
CH Morris,0.587297559,0.498053829,0.348571429,0.345283019,0.656457206,0.411460341,0.460358056,0.246710526,0.559864935,0.264546854,0.604511278,0.276265875
CJ Anderson,0.433371064,0.464327098,0.265116279,0.126666667,0.644431899,0.411154565,0.259701493,0.132723112,0.370909952,0.304322128,0.531428571,0.149903288
CJ Jordan,0.5087581,0.437236541,0.278672986,0.18490566,0.683899941,0.44540021,0.411764706,0.28340081,0.47793026,0.274640626,0.497297297,0.181245075
CJ McKay,0.75,0.568945539,0.3,0.2,0.698204938,0.455552625,0.466666667,0.368421053,0.21806542,0.467676395,0.4,0.070921986
CK Langeveldt,0.521070693,0.537659328,0.306382979,0.342857143,0.694275985,0.572276444,0.545454545,0.263157895,0.569647195,0.297685014,0.696296296,0.333333333
CR Brathwaite,0.497064083,0.588313193,0.370909091,0.242857143,0.593542046,0.410930152,0.329824561,0.164912281,0.574084932,0.422977466,0.5,0.177304965
CR Woakes,0.546489448,0.529663963,0.358441558,0.23,0.721411213,0.428064654,0.46779661,0.302631579,0.506611698,0.276211999,0.530769231,0.183510638
CRD Fernando,0.525,0.560205264,0.36,0.3,0.699574049,0.426114482,0.608450704,0.421052632,0.56339547,0.373634493,0.624,0.296352584
CV Varun,0.592333251,0.400189613,0.405882353,0.418181818,0.673591214,0.402921646,0.417472699,0.321557318,0.590585508,0.277529861,0.499459459,0.292553191
D Wiese,0.50759255,0.493404047,0.314754098,0.2,0.594456156,0.222236877,0.255483871,0.119782214,0.669073628,0.411464105,0.620689655,0.39893617
D du Preez,0.525757576,0.707995365,0,0,0.521437728,0.52993933,0.4,0.210526316,0.58082754,0.471739934,0.8,0.425531915
DAJ Bracewell,0.553030303,0.749710313,0.4,0.133333333,0.633572857,0.411237141,0.4,0.210526316,0.587707753,0.36608792,0.8,0.212765957
DE Bollinger,0.598871279,0.5659659,0.459130435,0.586666667,0.782224288,0.719862833,0.533333333,0.421052632,0.55563976,0.253443453,0.607692308,0.275549355
DJ Bravo,0.555039203,0.514888572,0.351693667,0.315873016,0.650244142,0.395866067,0.395675676,0.251805986,0.559587137,0.323627467,0.594690265,0.264775414
DJ Hooda,0.432548984,0.06419467,0.251162791,0.128571429,0.631985385,0.335267739,0.302608696,0.210526316,0.528804046,0.211165497,0.483333333,0.205673759
DJ Hussey,0.39750069,0.271974839,0.352941176,0.1875,0.617017242,0.38571617,0.330666667,0.21754386,0.450504604,0.229959365,0.308571429,0.106382979
DJ Muthuswami,0.794927536,0.561993048,1,0.5,0.635594524,0.601160644,0.8,0.140350877,0.537412904,0.324436646,0.608695652,0.24822695
DJ Willey,0.521666667,0.420625724,0.4,0.3,0.479965231,0.39224479,0.260869565,0.087719298,0.568806746,0.042746319,0.474074074,0.261865794
DJG Sammy,0.437404762,0.492468134,0.2,0.114285714,0.629369079,0.429283512,0.432298137,0.226120858,0.453027593,0.292944219,0.3,0.159574468
DL Chahar,0.582721294,0.504848448,0.34015748,0.4,0.69177186,0.299657083,0.344827586,0.23923445,0.554034708,0.283839767,0.574379345,0.246522095
DL Vettori,0.594876165,0.386919542,0.360736196,0.392,0.717497656,0.398249004,0.4265625,0.361469712,0.598584395,0.322066248,0.525842697,0.319148936
DNT Zoysa,0.593469591,0.454229432,0.423529412,0.3,0.539543835,0.493537325,0.3,0.063157895,0.517267943,0.202530477,0.5,0.227963526
DP Nannes,0.532955415,0.468417427,0.409756098,0.333333333,0.648947191,0.053315127,0.404347826,0.233082707,0.63996105,0.282636882,0.673170732,0.407801418
DP Vijaykumar,0.594409938,0.338740827,0.156521739,0.12,0.738458148,0.398575574,0.365217391,0.245614035,0.589784257,0.289557936,0.636,0.268490375
DR Sams,0.436187456,0.151216686,0.272727273,0.142857143,0.641567223,0.395656379,0.410526316,0.241486068,0.603956042,0.262129048,0.593258427,0.334346505
DR Smith,0.446456961,0.575525575,0.3,0.141666667,0.671372831,0.405871048,0.384848485,0.222807018,0.371306715,0.303079163,0.45,0.111008326
DS Kulkarni,0.567708358,0.483793394,0.366765579,0.302941176,0.634070216,0.44048334,0.4,0.199146515,0.556932432,0.283841316,0.594637537,0.252786221
DT Christian,0.488774697,0.422973493,0.306,0.226666667,0.652954023,0.383312904,0.408247423,0.304709141,0.502167869,0.290990594,0.539325843,0.218221495
DW Steyn,0.61135165,0.483290134,0.421935484,0.407476636,0.715545255,0.380312342,0.535012594,0.338755981,0.611946114,0.253612035,0.668571429,0.379331307
FH Edwards,0.573531551,0.274954478,0.357446809,0.254545455,0.646766894,0.457530994,0.6,0.210526316,0.674101282,0.268562985,0.789473684,0.591016548
Fazalhaq Farooqi,0.408265583,0.425260718,0.2,0.085714286,0.694861288,0.36672382,0.3,0.126315789,0.746132584,0.471739934,0.6,0.39893617
GB Hogg,0.64803653,0.483270118,0.48,0.553846154,0.649529241,0.410128834,0.378135048,0.264507422,0.63344693,0.374214998,0.652173913,0.332446809
GC Viljoen,0.498196496,0.397914253,0.32195122,0.1375,0.706082023,0.453291631,0.421052632,0.30075188,0.558578289,0.42026844,0.4,0.159574468
GD McGrath,0.555197093,0.240459014,0.268421053,0.226666667,0.680546884,0.437012473,0.45,0.189473684,0.717976662,0.282313344,0.708837209,0.422207447
GHS Garton,0.611111111,0.37030293,0.4,0.6,0.771390326,0.41915062,0.7,0.368421053,0.435026714,0.520502401,0.366101695,0.127659574
GJ Maxwell,0.556740177,0.277809965,0.229787234,0.36,0.632174302,0.382496823,0.368896926,0.229419703,0.549774684,0.262177424,0.469273743,0.201265095
GS Sandhu,0.478787879,0.304750869,0.2,0.114285714,0.563246954,0.52993933,0.141176471,0.070175439,0.53133746,0.370151459,0.6,0.159574468
Gagandeep Singh,0.394086022,0.367323291,0.25,0.1,0.608733054,0.384444361,0.38490566,0.198830409,0.392034509,0.313261914,0.6,0.159574468
HF Gurney,0.492893082,0.666280417,0.294339623,0.144444444,0.613374319,0.353581791,0.257142857,0.135338346,0.69024405,0.26287403,0.509090909,0.595744681
HH Pandya,0.496337568,0.528096726,0.394736842,0.245901639,0.64436097,0.40015827,0.395221843,0.233514822,0.522421533,0.238482242,0.505555556,0.186170213
HR Shokeen,0,0.568945539,0.4,0.08,0.583238299,0.208256397,0.496551724,0.315789474,0.522540535,0.263483561,0.75,0.265957447
HV Patel,0.545675811,0.502210011,0.403278689,0.33814433,0.672889827,0.40319435,0.427918782,0.261760596,0.521575303,0.280705418,0.46618705,0.182370821
Harbhajan Singh,0.556956599,0.497795368,0.404444444,0.443902439,0.687150016,0.397022025,0.407023555,0.313415117,0.558918305,0.271054064,0.598425197,0.301683074
Harmeet Singh,0.588611765,0.47622689,0.4416,0.484210526,0.594106299,0.401107887,0.406329114,0.239641657,0.467381154,0.292334688,0.6,0.212765957
Harpreet Brar,0.386363636,0.721900348,0.24,0.066666667,0.677395782,0.386375626,0.443697479,0.356275304,0.436262276,0.197958995,0.409756098,0.124113475
I Sharma,0.517873878,0.355970489,0.317647059,0.208421053,0.558137956,0.371062522,0.372537313,0.192059095,0.572447975,0.270804088,0.624938875,0.290507365
I Udana,0.576494808,0.39165701,0.252631579,0.3,0.539021047,0.402796096,0.34,0.162679426,0.349406913,0.271102697,0.362264151,0.094562648
IC Pandey,0.534021694,0.358053302,0.282352941,0.177777778,0.632203907,0.362539567,0.402531646,0.179966044,0.547156203,0.270099836,0.6996139,0.303091128
IK Pathan,0.555999593,0.487929384,0.296801706,0.260674157,0.640688483,0.427277154,0.40704,0.21878225,0.577747879,0.251927872,0.676751947,0.29313136
IS Sodhi,0.761428571,0.596755504,0.685714286,0.4,0.729416407,0.409325573,0.39,0.421052632,0.470998409,0.345770225,0.8,0.283687943
Imran Tahir,0.560239461,0.463423491,0.332075472,0.345098039,0.649413781,0.438442092,0.432258065,0.306636156,0.570895404,0.377601281,0.311111111,0.114566285
Iqbal Abdulla,0.540893551,0.394728614,0.4,0.371428571,0.625812566,0.391020076,0.375875486,0.252945797,0.576882449,0.316392344,0.573722628,0.376653249
J Botha,0.568169761,0.489120639,0.403846154,0.466666667,0.675809965,0.385148747,0.441450777,0.427067669,0.5169717,0.183131915,0.486315789,0.240926158
J Suchith,0.427272727,0.47161066,0.4,0.2,0.611672973,0.427601085,0.377245509,0.204678363,0.544362414,0.383967492,0.516666667,0.219858156
J Syed Mohammad,0.429487179,0.506373117,0.333333333,0.25,0.548279651,0.447678713,0.243137255,0.130526316,0.744576598,0.414850388,0.733333333,0.585106383
J Theron,0.611858974,0.460233857,0.25,0.285714286,0.805895698,0.453422073,0.466666667,0.442105263,0.496248756,0.443295161,0.50625,0.168961202
J Yadav,0.489130435,0.446581692,0.5,0.333333333,0.652901475,0.245647586,0.463366337,0.513157895,0.53103099,0.221019579,0.496,0.263829787
JA Morkel,0.543668478,0.531330778,0.315,0.305454545,0.684042419,0.408776768,0.430142566,0.303710095,0.515614233,0.271465513,0.529371429,0.202284876
JA Richardson,0.495614035,0.494785632,0.2,0.1,0.542061865,0.453020311,0.32,0.120300752,0.490803011,0.299716784,0.654545455,0.212765957
JC Archer,0.618776811,0.450526826,0.354878049,0.307936508,0.777957809,0.495911369,0.553846154,0.385964912,0.702448622,0.337027181,0.759763314,0.517408124
JD Ryder,0.474285714,0.453281365,0.288,0.15,0.632175446,0.398944869,0.42,0.294736842,0.487394254,0.374214998,0.6,0.159574468
JD Unadkat,0.499424128,0.509048463,0.313138686,0.213432836,0.617681729,0.378343501,0.341232227,0.182186235,0.560700429,0.258999825,0.525648415,0.267276244
JDP Oram,0.603883704,0.517574353,0.36,0.35,0.517853111,0.2355579,0.377777778,0.178947368,0.4696472,0.240795469,0.464150943,0.174468085
JDS Neesham,0.405555556,0.568945539,0,0,0.597693344,0.423446509,0.336585366,0.179337232,0.43121102,0.249870706,0.582857143,0.15070922
JE Taylor,0.522370266,0.702201622,0.417391304,0.290909091,0.647790224,0.434186231,0.635294118,0.315789474,0.598028071,0.337643147,0.575,0.349544073
JEC Franklin,0.468,0.490150637,0.35,0.233333333,0.580887371,0.416934846,0.315789474,0.157894737,0.451756238,0.311907401,0.218181818,0.106382979
JH Kallis,0.524056814,0.4819985,0.305142857,0.217073171,0.644499297,0.356524562,0.399053254,0.248562583,0.547483005,0.292375323,0.545669291,0.2700491
JJ Bumrah,0.607852376,0.471514569,0.378436658,0.392178771,0.725635432,0.443978583,0.472189349,0.345679012,0.608117871,0.263625169,0.617180617,0.342626559
JJ van der Wath,0.530645161,0.548088065,0.327272727,0.171428571,0.423457218,0.533104722,0.333333333,0.065789474,0.466307333,0.455485778,0.72,0.239361702
JL Pattinson,0.572111222,0.492699884,0.430769231,0.35,0.587434326,0.458109287,0.338028169,0.16194332,0.502268303,0.27953454,0.505882353,0.198889917
JO Holder,0.558015514,0.548128369,0.320361991,0.302564103,0.647254001,0.400705217,0.368231047,0.248538012,0.500916908,0.266250638,0.525239617,0.211224175
JP Behrendorff,0.270289855,0.482039397,0.4,0.133333333,0.788250084,0.457700569,0.496551724,0.421052632,0.409600778,0.306489349,0.584210526,0.178916828
JP Duminy,0.541882901,0.401092534,0.311111111,0.28,0.651758538,0.38258476,0.395633188,0.331140351,0.52326963,0.159848594,0.524050633,0.262158055
JP Faulkner,0.555894437,0.508163054,0.308035714,0.252747253,0.621260071,0.405003754,0.391836735,0.213868003,0.531040133,0.302872511,0.524369748,0.227338968
JPR Scantlebury-Searles,0.273188406,0.561993048,0.4,0.1,0.479926165,0.38464785,0.2,0.087719298,0.42671078,0.374214998,0,0
JR Hazlewood,0.518051948,0.504982619,0.350649351,0.25,0.660467554,0.477291418,0.486956522,0.32748538,0.623416055,0.28551222,0.598095238,0.278368794
JR Hopes,0.470673077,0.481807648,0.219230769,0.146153846,0.655802209,0.361297434,0.410666667,0.197689345,0.463913597,0.279128186,0.635294118,0.191489362
JW Hastings,0.666774194,0.561993048,0.6,0.5,1,0.572672118,0.6,0.315789474,0.57759384,0.201514592,0.666666667,0.193423598
Jaskaran Singh,0.49305924,0.676477404,0.331034483,0.133333333,0.532078545,0.367910841,0.48,0.157894737,0.573651478,0.276690063,0.57,0.288753799
Joginder Sharma,0.455392157,0.384207913,0.258823529,0.146666667,0.591230792,0.427538908,0.32849162,0.177858439,0.461178158,0.347801995,0.55,0.167173252
K Gowtham,0.408823529,0.413673233,0.282352941,0.114285714,0.640081817,0.402080115,0.382978723,0.232198142,0.569249613,0.288517864,0.460273973,0.186170213
K Khejroliya,0.620944742,0.432676709,0.141176471,0.133333333,0.592144403,0.344763915,0.372413793,0.189473684,0.360374839,0.26179042,0.375,0.088652482
K Rabada,0.557791126,0.559521051,0.427530364,0.338461538,0.691826057,0.436846667,0.48,0.330143541,0.543879835,0.290741425,0.529597198,0.237243457
K Santokie,0.366908213,0.332560834,0.260869565,0.125,0.721119828,0.446056449,0.6,0.157894737,0.431526929,0.276690063,0.466666667,0.186170213
KA Jamieson,0.428362573,0.367323291,0.266666667,0.16,0.699348797,0.481403324,0.579310345,0.294736842,0.50683504,0.321388992,0.552941176,0.2
KA Pollard,0.496348356,0.486115466,0.316167665,0.228571429,0.623699209,0.411174126,0.331822303,0.200657895,0.448729799,0.279128186,0.423529412,0.127659574
KAJ Roach,0.48197832,0.425260718,0.133333333,0.057142857,0.603979093,0.434027961,0.6,0.315789474,0.612317743,0.309198375,0.8,0.255319149
KC Cariappa,0.625462185,0.561993048,0.282352941,0.266666667,0.600631431,0.347753451,0.318518519,0.156079855,0.444607151,0.309198375,0.466666667,0.14893617
KH Pandya,0.586733889,0.497995581,0.42739726,0.495238095,0.680991802,0.355614958,0.342857143,0.293297346,0.569011647,0.268572994,0.499173554,0.254981425
KJ Abbott,0.45,0.285283893,0.25,0.111111111,0.55276044,0.420733316,0.413793103,0.131578947,0.505719113,0.658662726,0.380487805,0.125725338
KK Ahmed,0.560306674,0.50954194,0.392626728,0.315555556,0.615958879,0.428141435,0.423121387,0.221415608,0.528310763,0.316120733,0.569761273,0.235093249
KK Cooper,0.574227451,0.450074895,0.3456,0.342857143,0.668359868,0.442307959,0.390566038,0.279352227,0.597091224,0.277222193,0.579775281,0.32674772
KL Nagarkoti,0.475617978,0.274623407,0.44,0.275,0.53444141,0.371669744,0.26440678,0.136842105,0.462755851,0.618027337,0.52,0.197568389
KM Asif,0.356949807,0.902665122,0,0,0.448620958,0.525191242,0.2,0.078947368,0.61092847,0.439231622,0.75,0.227963526
KMA Paul,0.560314685,0.429123214,0.4,0.355555556,0.617807586,0.409677055,0.381308411,0.255639098,0.525358792,0.370151459,0.4,0.106382979
KMDN Kulasekara,0.660714286,0.420625724,0.385714286,0.6,0.685125365,0.601160644,0.2,0.052631579,0.583063609,0.361347125,0.636363636,0.265957447
KP Appanna,0.389130435,0.531865585,0.2,0.1,0.631813718,0.472638546,0.389189189,0.274599542,0.496969891,0.317325453,0.423529412,0.127659574
KP Pietersen,0.534090909,0.47161066,0.3,0.3,0.628481907,0.420733316,0.334883721,0.291497976,0.715679705,0.313261914,0.8,0.425531915
KR Sen,0.462273642,0.510235612,0.4,0.186666667,0.651310287,0.40775521,0.468292683,0.240601504,0.466922721,0.340352173,0.5,0.151975684
KV Sharma,0.494526421,0.446296461,0.395294118,0.233333333,0.632596605,0.433620124,0.3975,0.255524307,0.576080575,0.294755396,0.481578947,0.282146161
KW Richardson,0.527305871,0.483545771,0.316981132,0.224,0.603496898,0.304189348,0.311111111,0.184210526,0.533145412,0.295908212,0.621428571,0.308510638
Kamran Khan,0.499148317,0.693395133,0.331034483,0.228571429,0.641444032,0.431970456,0.365217391,0.245614035,0.466208086,0.314842179,0.592771084,0.198259188
Karanveer Singh,0.399074074,0.57967224,0.45,0.257142857,0.565726762,0.427023517,0.354216867,0.198380567,0.285838429,0.32545253,0.6,0.127659574
Kartik Tyagi,0.606120067,0.600811124,0.388571429,0.295652174,0.637377599,0.31450277,0.425806452,0.220551378,0.448037756,0.2525628,0.533333333,0.175219024
Kuldeep Yadav,0.615123035,0.563954007,0.388636364,0.393103448,0.633936729,0.397048208,0.356348374,0.206871345,0.668439906,1,0.40754717,0.319148936
L Ablish,0.679590018,0.579374276,0.352941176,0.5,0.378842815,0.544183593,0.2,0.035087719,0.266333026,0.28888068,0.3,0.053191489
L Balaji,0.488361504,0.456512775,0.275574113,0.20952381,0.651132778,0.418944434,0.433576642,0.297744361,0.562945579,0.271949267,0.624545455,0.300761755
L Ngidi,0.64698512,0.574495847,0.396850394,0.323076923,0.701763138,0.471379583,0.44,0.289473684,0.596940903,0.307819674,0.623255814,0.285106383
LE Plunkett,0.569865067,0.312335405,0.286956522,0.275,0.636981198,0.195462939,0.38,0.2,0.528646637,0.230249617,0.263414634,0.106382979
LH Ferguson,0.495526695,0.418468669,0.355364807,0.255555556,0.674976533,0.402289003,0.519869707,0.28,0.528950627,0.343665521,0.549056604,0.21955636
LJ Wright,0.586820652,0.388180765,0.156521739,0.12,0.661365651,0.421682933,0.263414634,0.135338346,0.458098784,0.370151459,0.4,0.106382979
LR Shukla,0.530772325,0.562958671,0.405194805,0.346666667,0.597003832,0.391585334,0.447058824,0.242424242,0.329857677,0.286442556,0.336,0.106382979
LS Livingstone,0.5,0.433371958,0.5,0.333333333,0.587429626,0.396992878,0.3,0.166204986,0.730128151,0.349833764,0.6,0.319148936
Lalit Yadav,0.52173913,0.478563152,0.5,0.5,0.622732221,0.364317402,0.302290076,0.217105263,0.59940255,0.274948546,0.5,0.303951368
M Ashwin,0.619297719,0.378910776,0.383193277,0.361904762,0.656500006,0.42593795,0.385232745,0.259909032,0.565432098,0.260435907,0.566292135,0.186170213
M Jansen,0.467894737,0.47238316,0.260869565,0.166666667,0.60700233,0.413569534,0.345762712,0.178947368,0.520702961,0.240857037,0.591428571,0.282324059
M Kartik,0.613132616,0.415479517,0.22745098,0.322222222,0.658949493,0.352437388,0.403513174,0.320574163,0.571850012,0.319268884,0.579545455,0.282579787
M Morkel,0.555549434,0.51201236,0.351832461,0.311111111,0.638769315,0.378432172,0.430395137,0.234359484,0.566786447,0.276874769,0.645945946,0.310067462
M Muralitharan,0.605945419,0.478714293,0.457777778,0.479069767,0.728228783,0.385402344,0.473713751,0.415150025,0.6131066,0.174255018,0.616438356,0.362669246
M Ntini,0.581578947,0.455388181,0.377142857,0.314285714,0.631674578,0.451121076,0.533333333,0.280701754,0.57731187,0.252192728,0.648648649,0.315208826
M Prasidh Krishna,0.545784865,0.422851913,0.409302326,0.269387755,0.623639742,0.429744838,0.438356164,0.187134503,0.552589418,0.268929832,0.59886148,0.254352031
M Theekshana,0.757476636,0.474770884,0.485714286,0.85,0.622947653,0.321362626,0.331578947,0.221052632,0.527733945,0.31597094,0.364044944,0.205167173
M de Lange,0.453146067,0.593974508,0.28,0.155555556,0.517885936,0.423898707,0.282352941,0.140350877,0.567766798,0.396564463,0.569491525,0.22913257
MA Starc,0.631955645,0.548900694,0.4,0.474074074,0.698268796,0.433262991,0.424390244,0.277511962,0.602244031,0.226942495,0.591489362,0.314622001
MC Henriques,0.567479675,0.387459766,0.3375,0.257142857,0.641857221,0.41291216,0.355900621,0.209429825,0.550564001,0.307659155,0.525373134,0.212765957
MF Maharoof,0.558976744,0.509347981,0.348,0.322222222,0.724912435,0.437169004,0.475,0.5,0.53746535,0.32030714,0.57804878,0.262632979
MG Johnson,0.549817691,0.534855483,0.443835616,0.332307692,0.647155049,0.322017262,0.475324675,0.237816764,0.544837976,0.274844157,0.597063622,0.249590835
MG Neser,0.255555556,0.568945539,0.2,0.066666667,0.636881039,0.582168293,0.4,0.105263158,0.126282742,0.370151459,0.2,0.035460993
MJ McClenaghan,0.587483773,0.517314467,0.369491525,0.335384615,0.616726542,0.384441549,0.4416,0.186234818,0.542581853,0.30873096,0.571073095,0.252350322
MJ Santner,0.658333333,0.541135574,0.5,0.5,0.671010777,0.399706071,0.386577181,0.421052632,0.558756383,0.214721093,0.576623377,0.246010638
MM Ali,0.635843265,0.378910776,0.4,0.52,0.689779566,0.436101263,0.421276596,0.347368421,0.62388307,0.202869105,0.643902439,0.468085106
MM Patel,0.500181637,0.46723824,0.341721854,0.232432432,0.702872162,0.438964755,0.48,0.390977444,0.531344805,0.277201543,0.651482059,0.305960964
MM Sharma,0.539401517,0.484841321,0.312941176,0.23963964,0.680145842,0.38381757,0.398156682,0.244482173,0.531490923,0.291136435,0.554545455,0.23039154
MN Samuels,0.484073769,0.509385863,0.329411765,0.254545455,0.608133172,0.366312927,0.385714286,0.218623482,0.546910739,0.268562985,0.584615385,0.367504836
MP Stoinis,0.500358272,0.570900351,0.304477612,0.161904762,0.601995252,0.388613069,0.305289673,0.154080854,0.507972715,0.393449083,0.339622642,0.127659574
MR Marsh,0.563670285,0.518943783,0.368181818,0.257142857,0.679867227,0.423253562,0.398156682,0.291497976,0.398291618,0.30039404,0.585,0.188588008
MS Gony,0.554377344,0.45159228,0.355932203,0.259259259,0.626184641,0.472054403,0.42919708,0.224256293,0.501277733,0.263437083,0.539748954,0.198889917
Mohammad Asif,0.518415584,0.454229432,0.24,0.157142857,0.69332673,0.30067453,0.409756098,0.210526316,0.496903442,0.253663342,0.525842697,0.165957447
Mohammad Nabi,0.508902576,0.462340672,0.315789474,0.25,0.625368519,0.29100878,0.378947368,0.236842105,0.632012562,0.320982638,0.563265306,0.386338186
Mohammed Shami,0.538800347,0.541643865,0.328443649,0.231818182,0.631016818,0.400547504,0.371875,0.195723684,0.594993092,0.258969415,0.598865784,0.263709919
Mohammed Siraj,0.53790219,0.444257238,0.352592593,0.253191489,0.704869319,0.390899626,0.518611987,0.343358396,0.540120969,0.295556494,0.571232877,0.21587203
Mohsin Khan,0.620416667,0.554282103,0.45,0.45,0.785049955,0.392451229,0.533333333,0.631578947,0.715655112,0.327314986,0.804255319,0.558510638
Mujeeb Ur Rahman,0.482679739,0.415703041,0.4,0.252631579,0.67452422,0.435431743,0.350442478,0.267206478,0.628952263,0.358309146,0.522137405,0.319148936
Mukesh Choudhary,0.453630769,0.431633835,0.215384615,0.127272727,0.600993475,0.481930889,0.485714286,0.198830409,0.521883931,0.315847802,0.590575916,0.227272727
Mustafizur Rahman,0.580410695,0.448855758,0.392677346,0.381333333,0.68384765,0.405516084,0.390697674,0.232686981,0.603971151,0.280753602,0.528571429,0.328014184
N Rana,0.818627451,0.638470452,0.4,0.2,0.582557896,0.445089246,0.285148515,0.114832536,0.873888965,0.703361655,0.884210526,0.496453901
ND Doshi,0.52,0.422943221,0.6,0.6,0.566142487,0.70561857,0.461538462,0.263157895,0.528835025,0.322743504,0.533333333,0.141843972
NLTC Perera,0.454778761,0.45947139,0.297345133,0.183606557,0.606237205,0.377627464,0.384507042,0.212865497,0.516764691,0.287218323,0.542372881,0.243161094
NM Coulter-Nile,0.521058656,0.535058221,0.395061728,0.307692308,0.684557697,0.420337642,0.505785124,0.306766917,0.588454405,0.270563496,0.632294618,0.290988736
NT Ellis,0.458763309,0.50405562,0.327272727,0.225,0.656524339,0.328620417,0.366666667,0.192982456,0.572351118,0.276690063,0.68,0.30141844
Navdeep Saini,0.624185464,0.454229432,0.442105263,0.36,0.573897898,0.23908853,0.466285714,0.193456615,0.541457565,0.250198914,0.586666667,0.234042553
O Thomas,0.682978723,0.532792584,0.3,0.3,0.853205212,0.499868109,0.327272727,0.157894737,0.459219784,0.252308829,0.4125,0.117021277
OC McCoy,0.593314501,0.539397451,0.488135593,0.48,0.565677011,0.385914007,0.260240964,0.126315789,0.673779211,0.349833764,0.5,0.177304965
OF Smith,0.345526098,0.673232908,0.423529412,0.171428571,0.456215444,0.413347402,0.422222222,0.117647059,0.543998167,0.410786849,0.666666667,0.212765957
P Amarnath,0.383713784,0.352645809,0.211764706,0.1,0.468921605,0.444671591,0.265384615,0.089668616,0.452717983,0.313261914,0.6,0.079787234
P Awana,0.513232074,0.512332395,0.371428571,0.247619048,0.672461607,0.412250861,0.470431894,0.288861689,0.523059088,0.339645892,0.559090909,0.237911025
P Kumar,0.521699609,0.47945571,0.291036907,0.209090909,0.650598011,0.410502318,0.422535211,0.248262165,0.603495526,0.233248493,0.637696335,0.33612054
P Negi,0.512559392,0.594592507,0.38961039,0.25,0.660358337,0.419941968,0.395897436,0.278298486,0.492132627,0.313261914,0.542857143,0.183752418
P Parameswaran,0.490381558,0.540208575,0.389189189,0.266666667,0.667135661,0.327806459,0.516455696,0.275303644,0.42917009,0.34678611,0.6,0.191489362
P Sahu,0.502321981,0.34820394,0.211764706,0.2,0.686101342,0.412819836,0.285,0.181818182,0.420433179,0.374214998,0.48,0.070921986
P Suyal,0.61826087,0.721900348,0.260869565,0.25,0.662528346,0.418359272,0.6,0.315789474,0.576401665,0.138529738,0.517241379,0.177304965
PJ Cummins,0.543592003,0.46475749,0.368871595,0.277192982,0.661437043,0.436370351,0.358064516,0.210526316,0.549747744,0.275888049,0.545714286,0.236269174
PJ Sangwan,0.521858516,0.42775998,0.367164179,0.315384615,0.607476089,0.438720636,0.392178771,0.195488722,0.511869819,0.288991385,0.56,0.214095745
PP Chawla,0.575632511,0.504632563,0.402941176,0.365333333,0.651807272,0.416418475,0.405490513,0.24541856,0.608725044,0.334508417,0.557983193,0.263575738
PP Ojha,0.564642949,0.501565966,0.301075269,0.269230769,0.663613165,0.423193688,0.441399851,0.363636364,0.499195446,0.241076046,0.523728814,0.233137166
PV Tambe,0.551536202,0.477404403,0.230769231,0.176470588,0.682730547,0.415695067,0.383030303,0.286751361,0.469740242,0.272795838,0.489473684,0.193992491
PVD Chameera,0.543908046,0.42815759,0.38,0.2375,0.636498503,0.195863888,0.434482759,0.184210526,0.554902314,0.290331944,0.655319149,0.24822695
PWH de Silva,0.611090909,0.527727197,0.464,0.414285714,0.680582897,0.433468912,0.480898876,0.312865497,0.409896279,0.457517547,0.48,0.127659574
Pankaj Singh,0.453901274,0,0.2,0.106666667,0.528230529,0.269388024,0.372,0.14187643,0.536287132,0.373537742,0.583783784,0.247083047
R Ashwin,0.602043467,0.431139855,0.373540856,0.516129032,0.695942653,0.38520537,0.388327526,0.330002221,0.631311556,0.311091928,0.546923077,0.35510938
R Bhatia,0.554567453,0.468962092,0.321052632,0.358823529,0.622566429,0.406315893,0.326153846,0.262098199,0.315358099,0.463612856,0.4,0.085106383
R Dhawan,0.536538462,0.322251968,0.213333333,0.188235294,0.635881337,0.399793032,0.367164179,0.264232009,0.557999978,0.259954698,0.521212121,0.269086358
R McLaren,0.503846154,0.472272803,0.246153846,0.168421053,0.625385337,0.3302444,0.332773109,0.144736842,0.462620744,0.225387883,0.554482759,0.197990544
R Parag,0.485714286,0.638470452,0,0,0.547310339,0.36622527,0.25,0.108892922,0.702544754,0.267208472,0.2,0.053191489
R Rampaul,0.476151391,0.434103799,0.4,0.283333333,0.831485664,0.448430493,0.456,1,0.640412827,0.285629849,0.705,0.4
R Sharma,0.56453137,0.369331788,0.355263158,0.346153846,0.672571092,0.436336406,0.447787611,0.350415512,0.562792945,0.265402455,0.490909091,0.294599018
R Shepherd,0.572222222,0.527230591,0.4,0.266666667,0.517277657,0.359799525,0.44,0.128654971,0.513401457,0.349833764,0.8,0.283687943
R Shukla,0.428087167,0.427578216,0.3,0.155555556,0.51322421,0.332102348,0.352941176,0.116959064,0.517178014,0.422977466,0.484615385,0.186170213
R Tewatia,0.62591925,0.509581959,0.473684211,0.75,0.671345831,0.39582379,0.36744186,0.233152976,0.593112801,0.467676395,0.5,0.265957447
R Vinay Kumar,0.515661431,0.495717232,0.309797823,0.232167832,0.635533661,0.415282386,0.423931624,0.228993536,0.549880825,0.294011973,0.562903226,0.275019701
RA Jadeja,0.587925516,0.419203584,0.393482688,0.407594937,0.652014547,0.397617703,0.38772137,0.276105599,0.498605162,0.264038911,0.503816794,0.216706068
RD Chahar,0.630151119,0.52769409,0.464516129,0.72,0.659990816,0.413109997,0.423738872,0.280439906,0.554220759,0.430562739,0.61875,0.234042553
RE van der Merwe,0.574888889,0.471401563,0.226666667,0.425,0.682495205,0.431755662,0.453420195,0.50877193,0.458910174,0.329516069,0.514285714,0.159574468
RG More,0.570833333,0.457705678,0.225,0.3,0.665623675,0.539435505,0.1,0.052631579,0.381870774,0.370151459,0,0
RG Sharma,0.537643678,0.551464989,0.325,0.325,0.604681233,0.343251875,0.269491525,0.20662768,0.549378872,0.2975157,0.53877551,0.292553191
RJ Harris,0.550029076,0.497277861,0.353207547,0.294339623,0.653921453,0.42310736,0.458015267,0.250626566,0.588321441,0.277070394,0.690731707,0.348699764
RJ Peterson,0.428861789,0.441814269,0.333333333,0.166666667,0.688544027,0.400791348,0.666666667,0.350877193,0.699786414,0.471739934,0.6,0.319148936
RP Meredith,0.524118549,0.527230591,0.426315789,0.3,0.660658643,0.334476391,0.496153846,0.238227147,0.544367306,0.203390071,0.534939759,0.218676123
RP Singh,0.588313253,0.513452017,0.3421875,0.301030928,0.611733947,0.397733021,0.403361345,0.205391528,0.543207193,0.247787195,0.634933606,0.299491212
RR Powar,0.517708333,0.445787121,0.5,0.5,0.648692148,0.321066772,0.381818182,0.304900181,0.557206383,0.271272011,0.664615385,0.294599018
RR Raje,0.540237999,0.087485516,0.259459459,0.228571429,0.512530695,0.405594486,0.344680851,0.157894737,0.392034509,0.313261914,0.8,0.141843972
Rashid Khan,0.611761409,0.439025633,0.461290323,0.52,0.76717195,0.426183324,0.47008761,0.439298246,0.575785327,0.320610536,0.508163265,0.26756931
Rasikh Salam,0.410606061,0.555040556,0,0,0.748807876,0.572672118,0.4,0.210526316,0.629977605,0.309198375,0.48,0.212765957
Ravi Bishnoi,0.64829681,0.47607927,0.465116279,0.454545455,0.638727729,0.387734107,0.424761905,0.276160991,0.574528571,0.304796207,0.592,0.246010638
S Aravind,0.535150215,0.54463665,0.355862069,0.286666667,0.615270576,0.442919834,0.391304348,0.170697013,0.548441375,0.281224163,0.535560859,0.261758119
S Badree,0.764492754,0.721900348,0.4,0.2,0.576892413,0.41329881,0.387096774,0.22556391,0.560807317,0.297820465,0.6,0.292553191
S Gopal,0.71002291,0.585168019,0.333333333,1,0.639464613,0.439987051,0.375679172,0.21587868,0.591770453,0.357791528,0.530973451,0.231267345
S Kaul,0.588770523,0.517036859,0.314851485,0.286486486,0.614830831,0.376207882,0.392727273,0.207642394,0.497246648,0.295757438,0.480701754,0.173505572
S Kaushik,0.497571606,0.517960603,0.218181818,0.088888889,0.734683071,0.495713532,0.42484472,0.272727273,0.354404404,0.422977466,0.494117647,0.093085106
S Ladda,0.471212121,0.490730012,0.4,0.24,0.553927477,0.088117286,0.414285714,0.218045113,0.5308439,0.386405615,0.494117647,0.14893617
S Lamichhane,0.461428571,0.201095544,0.32,0.266666667,0.600853315,0.423474771,0.370093458,0.231578947,0.564376611,0.365952469,0.574647887,0.212765957
S Nadeem,0.57020854,0.365118842,0.294736842,0.311111111,0.694714804,0.406542402,0.378947368,0.293233083,0.550690892,0.270770475,0.456565657,0.218568665
S Narwal,0.226797386,0.517960603,0.2,0.066666667,0.441845311,0.582168293,0.381818182,0.147368421,0.49926659,0.301680827,0.498461538,0.168961202
S Randiv,0.504285714,0.541135574,0.4,0.4,0.639132441,0.386547085,0.416666667,0.27700831,0.530590126,0.463612856,0.4,0.141843972
S Sreesanth,0.492395286,0.444573194,0.332307692,0.205714286,0.673858165,0.345690922,0.509302326,0.28460039,0.573164862,0.298857369,0.620320856,0.293819656
S Tyagi,0.308893281,0.492468134,0.109090909,0.033333333,0.713184709,0.34403344,0.6,0.315789474,0.518859759,0.230655971,0.57037037,0.234042553
SA Abbott,0.418115942,0.721900348,0.4,0.133333333,0.575079292,0.482458454,0.266666667,0.084210526,0.435379848,0.471739934,0.28,0.082742317
SB Bangar,0.450056465,0.433371958,0.104347826,0.04,0.625010503,0.361199602,0.466666667,0.221052632,0.648015391,0.361347125,0.776470588,0.585106383
SB Jakati,0.50298913,0.458370988,0.35625,0.304,0.606832731,0.410225277,0.373933649,0.251674641,0.524358025,0,0.454736842,0.174081238
SB Styris,0.529342532,0.53683165,0.39375,0.2625,0.695499147,0,0.488888889,0.356275304,0.624059558,0.204707372,0.514285714,0.478723404
SC Ganguly,0.286363636,0.536500579,0.109090909,0.04,0.674000354,0.443682406,0.34,0.238596491,0.38625513,0.32545253,0.4,0.159574468
SC Kuggeleijn,0.416666667,0.443800695,0.55,0.44,0.453509716,0.743603271,0.333333333,0.175438596,0.374696373,0.374214998,0.2,0.053191489
SD Chitnis,0.783333333,0.73580533,0.4,0.2,0.784466295,0.601160644,0.260869565,0.105263158,0.392034509,0.378278537,0.48,0.106382979
SE Bond,0.552096436,0.280149746,0.333333333,0.272727273,0.718658668,0.454401573,0.514285714,0.315789474,0.680016894,0.344754341,0.566292135,0.319148936
SJ Srivastava,0.550405885,0.49571263,0.422222222,0.316666667,0.60142534,0.359750066,0.378947368,0.175438596,0.47544717,0.320937487,0.498461538,0.174081238
SK Raina,0.520894252,0.422577301,0.348387097,0.342857143,0.639999756,0.332275247,0.380571429,0.274922601,0.679137838,0.274658293,0.406153846,0.260047281
SK Trivedi,0.560326859,0.474020857,0.354362416,0.352,0.644524428,0.393318459,0.394269341,0.299260548,0.479488577,0.282640245,0.576,0.205902539
SK Warne,0.558588354,0.444086974,0.394366197,0.358974359,0.667969448,0.420901317,0.44516129,0.366826156,0.471147624,0.254340598,0.377142857,0.130023641
SL Malinga,0.605601029,0.534602298,0.390334572,0.45751634,0.683990165,0.41408149,0.428282828,0.282478348,0.603041815,0.257340446,0.644280443,0.375241779
SM Boland,0.734191176,0.812282735,0.352941176,0.5,0.495583331,0.596412556,0,0,0.556746796,0.313261914,0.6,0.191489362
SM Curran,0.489792381,0.510368041,0.336231884,0.232,0.581728249,0.445185967,0.339823009,0.160401003,0.582283743,0.241472725,0.479245283,0.217913521
SM Harwood,0.44047619,0.411355736,0.35,0.233333333,0.823652799,0.52993933,0.776470588,0.578947368,0.748486177,0.252889335,1,0.79787234
SM Pollock,0.637878788,0.707995365,0.2,0.1,0.622210984,0.409100501,0.443076923,0.229665072,0.628917853,0.26079066,0.620689655,0.413711584
SMSM Senanayake,0.541304348,0.467748165,0.313043478,0.3,0.492583559,0.444473754,0.314285714,0.165413534,0.602479718,0.362363009,0.5376,0.496453901
SN Thakur,0.537834177,0.468206281,0.36,0.278571429,0.632266123,0.411247595,0.444806517,0.242504997,0.50461343,0.283462628,0.522957198,0.19694039
SP Narine,0.641998298,0.461927335,0.45387931,0.566129032,0.733848855,0.398814522,0.447815534,0.425900277,0.606344074,0.283220509,0.571908764,0.346180677
SR Watson,0.56097505,0.493468648,0.381625442,0.288,0.687631264,0.345135614,0.409950249,0.258145363,0.579806166,0.276123351,0.615498155,0.282558612
SS Cottrell,0.535470085,0.49594438,0.333333333,0.125,0.817400683,1,0.352941176,0.263157895,0.59446287,0.298633173,0.685714286,0.283687943
SS Sarkar,0.57,0.721900348,0.369230769,0.4,0.479926165,0.482458454,0,0,0.130766742,0.370151459,0,0
ST Jayasuriya,0.529320028,0.494048246,0.325423729,0.355555556,0.647567315,0.396757612,0.345132743,0.244360902,0.553757463,0.370151459,0.4,0.106382979
STR Binny,0.495060241,0.33565083,0.2,0.2,0.653464125,0.428668476,0.394652406,0.24428997,0.554170518,0.276151336,0.510967742,0.260047281
SW Tait,0.583240826,0.505379904,0.425531915,0.416666667,0.569849718,0.404936794,0.498876404,0.216374269,0.6276237,0.23576442,0.613574661,0.300531915
Sandeep Sharma,0.544394343,0.491167289,0.312258065,0.252083333,0.65354876,0.427924031,0.3751606,0.236437247,0.608775719,0.294666446,0.610184502,0.307974254
Shahbaz Ahmed,0.677059925,0.539590576,0.3,0.6,0.541750728,0.367407017,0.27079646,0.157894737,0.53510931,0.073825694,0.436363636,0.186170213
Shahid Afridi,0.596059933,0.383124407,0.282352941,0.266666667,0.719121292,0.469401213,0.4,0.25,0.554652379,0.275877355,0.55,0.234042553
Shakib Al Hasan,0.525168041,0.455212908,0.296842105,0.284848485,0.684294848,0.403416176,0.366787004,0.334210526,0.539710709,0.307228777,0.548648649,0.254067584
Shivam Mavi,0.517014338,0.465906052,0.343783784,0.252380952,0.686032524,0.408863097,0.525925926,0.355889724,0.560283416,0.259984403,0.539792388,0.212765957
Shoaib Ahmed,0.353603604,0.492468134,0.2,0.1,0.664789306,0.446372989,0.43125,0.302631579,0.302913865,0.292944219,0.466666667,0.106382979
Simarjeet Singh,0.602380952,0.513325608,0.5,0.5,0.864128923,0.596412556,1,0.263157895,0.605616695,0.242149982,0.613636364,0.251959686
Sohail Tanvir,0.593413729,0.588258015,0.465306122,0.633333333,0.745083752,0.409202246,0.7,0.368421053,0.590059075,0.277367319,0.7125,0.385005066
T Natarajan,0.529189353,0.471237305,0.315151515,0.232835821,0.632492807,0.298570456,0.310756972,0.263157895,0.500930331,0.300036941,0.59375,0.224586288
T Thushara,0.515155556,0.53923944,0.346666667,0.288888889,0.7178511,0.320073859,0.56,0.736842105,0.669509858,0.540820096,0.631578947,0.39893617
TA Boult,0.488197209,0.477498207,0.30619137,0.198540146,0.6615935,0.429302769,0.368316832,0.210526316,0.584475221,0.270350996,0.642400774,0.289801908
TG Southee,0.51462585,0.46419467,0.298181818,0.221621622,0.653789257,0.427974149,0.403791469,0.266917293,0.535500474,0.243461396,0.563061564,0.245901639
TK Curran,0.496024285,0.486432455,0.205405405,0.126666667,0.617299447,0.412532074,0.296470588,0.147368421,0.503154283,0.253663342,0.51,0.164410058
TL Suman,0.452380952,0.499420626,0.3,0.2,0.687291579,0.401461666,0.36,0.315789474,0.496063322,0.378278537,0.24,0.053191489
TM Dilshan,0.552,0.276940904,0.384,0.533333333,0.595132516,0.267039785,0.35049505,0.200339559,0.573042036,0.337643147,0.342857143,0.159574468
TP Sudhindra,0.525886525,0.5202781,0.171428571,0.1,0.519846545,0.446847797,0.25,0.087719298,0.546632884,0.270594754,0.5,0.212765957
TS Mills,0.522566794,0.384472769,0.375,0.25,0.499737343,0.172942495,0.257142857,0.078947368,0.556746796,0.326468415,0.591304348,0.241134752
TU Deshpande,0.487234043,0.369640788,0.3,0.2,0.491547192,0.403165392,0.158490566,0.052631579,0.453118094,0.099635865,0.590769231,0.170212766
Tejas Baroka,0,0.443800695,0,0,0.625486189,0.544183593,0.2,0.105263158,0.652106542,0.374214998,0.8,0.141843972
UT Yadav,0.52012834,0.493902775,0.332281205,0.239751553,0.621568955,0.409736663,0.415214724,0.210526316,0.556523497,0.283265608,0.599512591,0.25859894
Umar Gul,0.526511628,0.736732329,0.279069767,0.2,0.790941003,0.456667706,0.514285714,0.315789474,0.661503084,0.364462505,0.685714286,0.425531915
Umran Malik,0.620171958,0.561993048,0.55,0.338461538,0.663413303,0.476998154,0.564210526,0.239072257,0.266333026,0.341706686,0.3,0.063829787
V Pratap Singh,0.53767507,0.595017381,0.257142857,0.2,0.536147306,0.394460564,0.4,0.210526316,0.460097601,0.280753602,0.52173913,0.202634245
V Sehwag,0.316233766,0.511008111,0.218181818,0.1,0.602808022,0.385914007,0.463366337,0.216066482,0.105955273,0.309198375,0.1,0.015197568
V Shankar,0.578402778,0.299784804,0.4,0.375,0.635227567,0.416467574,0.402162162,0.203947368,0.735546319,0.504248245,0.45,0.159574468
VG Arora,0.248095238,0.492468134,0.12,0.05,0.580208388,0.452070694,0.266666667,0.084210526,0.548064523,0.253121537,0.507692308,0.206508135
VR Aaron,0.534689885,0.47964465,0.361809045,0.222222222,0.630224477,0.394813165,0.46342711,0.217736121,0.511527312,0.267479374,0.561702128,0.225583184
VRV Singh,0.583728626,0.504149256,0.326213592,0.311111111,0.605980374,0.298074387,0.372413793,0.18336163,0.431205952,0.059426179,0.505263158,0.141843972
VS Malik,0.607142857,1,0.342857143,0.133333333,0.635268239,0.346247692,0.377142857,0.192982456,0.520729166,0.270594754,0.580645161,0.290135397
VS Yeligati,0.408333333,0.73580533,0.2,0.1,0.636886258,0.734107096,0.282352941,0.070175439,0.19264595,0.378278537,0.24,0.053191489
VY Mahesh,0.649475479,0.587175038,0.561290323,0.644444444,0.61060155,0.368398368,0.38125,0.20713073,0.41667999,0.390875508,0.461538462,0.132978723
WD Parnell,0.557917656,0.490536887,0.411764706,0.388888889,0.717743923,0.326223763,0.510638298,0.421052632,0.583413818,0.303103066,0.606949807,0.309692671
WPUJC Vaas,0.549407115,0.46956581,0.260869565,0.153846154,0.553775104,0.330951296,0.166666667,0.105263158,0.607228392,0.364922641,0.698969072,0.343465046
Washington Sundar,0.516151512,0.455001931,0.339622642,0.272727273,0.693768694,0.361560052,0.351445087,0.326530612,0.588426224,0.263477225,0.539285714,0.276962583
Y Venugopal Rao,0.404885057,0.313093859,0.25,0.125,0.592032536,0.417613144,0.297986577,0.162280702,0.530056317,0.243504495,0.485714286,0.164410058
YA Abdulla,0.478786463,0.567049405,0.336842105,0.213333333,0.632418217,0.393036138,0.45,0.210526316,0.580611084,0.363548208,0.685714286,0.300375469
YK Pathan,0.564947368,0.362945796,0.331578947,0.323076923,0.612636985,0.374622728,0.355873926,0.242105263,0.594005977,0.274859818,0.570605187,0.331192292
YS Chahal,0.580341842,0.505156014,0.347586207,0.365217391,0.679185345,0.428734267,0.427710843,0.311403509,0.578599829,0.294157637,0.519685039,0.230963046
Yash Dayal,0.572097378,0.380819303,0.355555556,0.457142857,0.58439878,0.541018201,0.425,0.162679426,0.445946437,0.289619505,0.573333333,0.182978723
Z Khan,0.56443487,0.46604095,0.303050847,0.275925926,0.629091286,0.439516066,0.352702703,0.183157895,0.588021845,0.2996403,0.607631161,0.310853016
