bowler_id,bowler,True Economy_death,True SR_death,dotpercentage_death,Containment_death,True Economy_middle,True SR_middle,dotpercentage_middle,Containment_middle,True Economy_powerplay,True SR_powerplay,dotpercentage_powerplay,Containment_powerplay
144,A Badoni,-16.5,-34.916666666666664,0.0,0.0,-11.47826086956522,-84.61111111111111,0.0,0.0,-12.844444444444443,-68.0909090909091,0.0,0.0
635,A Chopra,-16.5,-34.916666666666664,0.0,0.0,-11.47826086956522,-84.61111111111111,0.0,0.0,-12.844444444444443,-68.0909090909091,0.0,0.0
261,A Manohar,-16.5,-34.916666666666664,0.0,0.0,-11.47826086956522,-84.61111111111111,0.0,0.0,-12.844444444444443,-68.0909090909091,0.0,0.0
192,A Mukund,-16.5,-34.916666666666664,0.0,0.0,-11.47826086956522,-84.61111111111111,0.0,0.0,-12.844444444444443,-68.0909090909091,0.0,0.0
300,AA Bilakhia,-16.5,-34.916666666666664,0.0,0.0,-11.47826086956522,-84.61111111111111,0.0,0.0,-12.844444444444443,-68.0909090909091,0.0,0.0
620,AB Barath,-16.5,-34.916666666666664,0.0,0.0,-11.47826086956522,-84.61111111111111,0.0,0.0,-12.844444444444443,-68.0909090909091,0.0,0.0
209,AB de Villiers,-16.5,-34.916666666666664,0.0,0.0,-11.47826086956522,-84.61111111111111,0.0,0.0,-12.844444444444443,-68.0909090909091,0.0,0.0
147,AC Gilchrist,-16.5,-34.916666666666664,0.0,0.0,-11.47826086956522,-84.61111111111111,0.0,0.0,-12.844444444444443,-68.0909090909091,0.0,0.0
591,AD Nath,-16.5,-34.916666666666664,0.0,0.0,-11.47826086956522,-84.61111111111111,0.0,0.0,-12.844444444444443,-68.0909090909091,0.0,0.0
360,AK Markram,-16.5,-34.916666666666664,0.0,0.0,-11.47826086956522,-84.61111111111111,0.0,0.0,-12.844444444444443,-68.0909090909091,0.0,0.0
366,AM Rahane,-16.5,-34.916666666666664,0.0,0.0,-11.47826086956522,-84.61111111111111,0.0,0.0,-12.844444444444443,-68.0909090909091,0.0,0.0
150,AP Majumdar,-16.5,-34.916666666666664,0.0,0.0,-11.47826086956522,-84.61111111111111,0.0,0.0,-12.844444444444443,-68.0909090909091,0.0,0.0
171,AP Tare,-16.5,-34.916666666666664,0.0,0.0,-11.47826086956522,-84.61111111111111,0.0,0.0,-12.844444444444443,-68.0909090909091,0.0,0.0
86,AS Raut,-16.5,-34.916666666666664,0.0,0.0,-11.47826086956522,-84.61111111111111,0.0,0.0,-12.844444444444443,-68.0909090909091,0.0,0.0
9,AT Rayudu,-16.5,-34.916666666666664,0.0,0.0,-11.47826086956522,-84.61111111111111,0.0,0.0,-12.844444444444443,-68.0909090909091,0.0,0.0
543,AUK Pathan,-16.5,-34.916666666666664,0.0,0.0,-11.47826086956522,-84.61111111111111,0.0,0.0,-12.844444444444443,-68.0909090909091,0.0,0.0
472,Abdul Samad,-16.5,-34.916666666666664,0.0,0.0,-11.47826086956522,-84.61111111111111,0.0,0.0,-12.844444444444443,-68.0909090909091,0.0,0.0
156,Anirudh Singh,-16.5,-34.916666666666664,0.0,0.0,-11.47826086956522,-84.61111111111111,0.0,0.0,-12.844444444444443,-68.0909090909091,0.0,0.0
314,Anuj Rawat,-16.5,-34.916666666666664,0.0,0.0,-11.47826086956522,-84.61111111111111,0.0,0.0,-12.844444444444443,-68.0909090909091,0.0,0.0
354,B Chipli,-16.5,-34.916666666666664,0.0,0.0,-11.47826086956522,-84.61111111111111,0.0,0.0,-12.844444444444443,-68.0909090909091,0.0,0.0
453,B Sai Sudharsan,-16.5,-34.916666666666664,0.0,0.0,-11.47826086956522,-84.61111111111111,0.0,0.0,-12.844444444444443,-68.0909090909091,0.0,0.0
441,BB McCullum,-16.5,-34.916666666666664,0.0,0.0,-11.47826086956522,-84.61111111111111,0.0,0.0,-12.844444444444443,-68.0909090909091,0.0,0.0
217,BB Samantray,-16.5,-34.916666666666664,0.0,0.0,-11.47826086956522,-84.61111111111111,0.0,0.0,-12.844444444444443,-68.0909090909091,0.0,0.0
196,BJ Rohrer,-16.5,-34.916666666666664,0.0,0.0,-11.47826086956522,-84.61111111111111,0.0,0.0,-12.844444444444443,-68.0909090909091,0.0,0.0
500,C Munro,-16.5,-34.916666666666664,0.0,0.0,-11.47826086956522,-84.61111111111111,0.0,0.0,-12.844444444444443,-68.0909090909091,0.0,0.0
291,CA Ingram,-16.5,-34.916666666666664,0.0,0.0,-11.47826086956522,-84.61111111111111,0.0,0.0,-12.844444444444443,-68.0909090909091,0.0,0.0
242,CA Lynn,-16.5,-34.916666666666664,0.0,0.0,-11.47826086956522,-84.61111111111111,0.0,0.0,-12.844444444444443,-68.0909090909091,0.0,0.0
282,CA Pujara,-16.5,-34.916666666666664,0.0,0.0,-11.47826086956522,-84.61111111111111,0.0,0.0,-12.844444444444443,-68.0909090909091,0.0,0.0
408,CJ Ferguson,-16.5,-34.916666666666664,0.0,0.0,-11.47826086956522,-84.61111111111111,0.0,0.0,-12.844444444444443,-68.0909090909091,0.0,0.0
31,CL White,-16.5,-34.916666666666664,0.0,0.0,-11.47826086956522,-84.61111111111111,0.0,0.0,-12.844444444444443,-68.0909090909091,0.0,0.0
218,CM Gautam,-16.5,-34.916666666666664,0.0,0.0,-11.47826086956522,-84.61111111111111,0.0,0.0,-12.844444444444443,-68.0909090909091,0.0,0.0
238,D Padikkal,-16.5,-34.916666666666664,0.0,0.0,-11.47826086956522,-84.61111111111111,0.0,0.0,-12.844444444444443,-68.0909090909091,0.0,0.0
11,DA Miller,-16.5,-34.916666666666664,0.0,0.0,-11.47826086956522,-84.61111111111111,0.0,0.0,-12.844444444444443,-68.0909090909091,0.0,0.0
33,DA Warner,-16.5,-34.916666666666664,0.0,0.0,-11.47826086956522,-84.61111111111111,0.0,0.0,-12.844444444444443,-68.0909090909091,0.0,0.0
407,DB Das,-16.5,-34.916666666666664,0.0,0.0,-11.47826086956522,-84.61111111111111,0.0,0.0,-12.844444444444443,-68.0909090909091,0.0,0.0
533,DB Ravi Teja,-16.5,-34.916666666666664,0.0,0.0,-11.47826086956522,-84.61111111111111,0.0,0.0,-12.844444444444443,-68.0909090909091,0.0,0.0
41,DP Conway,-16.5,-34.916666666666664,0.0,0.0,-11.47826086956522,-84.61111111111111,0.0,0.0,-12.844444444444443,-68.0909090909091,0.0,0.0
536,DPMD Jayawardene,-16.5,-34.916666666666664,0.0,0.0,-11.47826086956522,-84.61111111111111,0.0,0.0,-12.844444444444443,-68.0909090909091,0.0,0.0
75,DR Martyn,-16.5,-34.916666666666664,0.0,0.0,-11.47826086956522,-84.61111111111111,0.0,0.0,-12.844444444444443,-68.0909090909091,0.0,0.0
333,E Lewis,-16.5,-34.916666666666664,0.0,0.0,-11.47826086956522,-84.61111111111111,0.0,0.0,-12.844444444444443,-68.0909090909091,0.0,0.0
340,EJG Morgan,-16.5,-34.916666666666664,0.0,0.0,-11.47826086956522,-84.61111111111111,0.0,0.0,-12.844444444444443,-68.0909090909091,0.0,0.0
281,F du Plessis,-16.5,-34.916666666666664,0.0,0.0,-11.47826086956522,-84.61111111111111,0.0,0.0,-12.844444444444443,-68.0909090909091,0.0,0.0
372,FY Fazal,-16.5,-34.916666666666664,0.0,0.0,-11.47826086956522,-84.61111111111111,0.0,0.0,-12.844444444444443,-68.0909090909091,0.0,0.0
478,G Gambhir,-16.5,-34.916666666666664,0.0,0.0,-11.47826086956522,-84.61111111111111,0.0,0.0,-12.844444444444443,-68.0909090909091,0.0,0.0
380,GC Smith,-16.5,-34.916666666666664,0.0,0.0,-11.47826086956522,-84.61111111111111,0.0,0.0,-12.844444444444443,-68.0909090909091,0.0,0.0
137,GD Phillips,-16.5,-34.916666666666664,0.0,0.0,-11.47826086956522,-84.61111111111111,0.0,0.0,-12.844444444444443,-68.0909090909091,0.0,0.0
447,GH Vihari,-16.5,-34.916666666666664,0.0,0.0,-11.47826086956522,-84.61111111111111,0.0,0.0,-12.844444444444443,-68.0909090909091,0.0,0.0
490,GJ Bailey,-16.5,-34.916666666666664,0.0,0.0,-11.47826086956522,-84.61111111111111,0.0,0.0,-12.844444444444443,-68.0909090909091,0.0,0.0
356,Gurkeerat Singh,-16.5,-34.916666666666664,0.0,0.0,-11.47826086956522,-84.61111111111111,0.0,0.0,-12.844444444444443,-68.0909090909091,0.0,0.0
297,H Klaasen,-16.5,-34.916666666666664,0.0,0.0,-11.47826086956522,-84.61111111111111,0.0,0.0,-12.844444444444443,-68.0909090909091,0.0,0.0
305,HH Gibbs,-16.5,-34.916666666666664,0.0,0.0,-11.47826086956522,-84.61111111111111,0.0,0.0,-12.844444444444443,-68.0909090909091,0.0,0.0
511,HM Amla,-16.5,-34.916666666666664,0.0,0.0,-11.47826086956522,-84.61111111111111,0.0,0.0,-12.844444444444443,-68.0909090909091,0.0,0.0
115,IR Jaggi,-16.5,-34.916666666666664,0.0,0.0,-11.47826086956522,-84.61111111111111,0.0,0.0,-12.844444444444443,-68.0909090909091,0.0,0.0
560,Ishan Kishan,-16.5,-34.916666666666664,0.0,0.0,-11.47826086956522,-84.61111111111111,0.0,0.0,-12.844444444444443,-68.0909090909091,0.0,0.0
553,JC Buttler,-16.5,-34.916666666666664,0.0,0.0,-11.47826086956522,-84.61111111111111,0.0,0.0,-12.844444444444443,-68.0909090909091,0.0,0.0
289,JJ Roy,-16.5,-34.916666666666664,0.0,0.0,-11.47826086956522,-84.61111111111111,0.0,0.0,-12.844444444444443,-68.0909090909091,0.0,0.0
423,JM Bairstow,-16.5,-34.916666666666664,0.0,0.0,-11.47826086956522,-84.61111111111111,0.0,0.0,-12.844444444444443,-68.0909090909091,0.0,0.0
621,JM Kemp,-16.5,-34.916666666666664,0.0,0.0,-11.47826086956522,-84.61111111111111,0.0,0.0,-12.844444444444443,-68.0909090909091,0.0,0.0
124,JM Sharma,-16.5,-34.916666666666664,0.0,0.0,-11.47826086956522,-84.61111111111111,0.0,0.0,-12.844444444444443,-68.0909090909091,0.0,0.0
35,JR Philippe,-16.5,-34.916666666666664,0.0,0.0,-11.47826086956522,-84.61111111111111,0.0,0.0,-12.844444444444443,-68.0909090909091,0.0,0.0
606,K Goel,-16.5,-34.916666666666664,0.0,0.0,-11.47826086956522,-84.61111111111111,0.0,0.0,-12.844444444444443,-68.0909090909091,0.0,0.0
157,KC Sangakkara,-16.5,-34.916666666666664,0.0,0.0,-11.47826086956522,-84.61111111111111,0.0,0.0,-12.844444444444443,-68.0909090909091,0.0,0.0
44,KD Karthik,-16.5,-34.916666666666664,0.0,0.0,-11.47826086956522,-84.61111111111111,0.0,0.0,-12.844444444444443,-68.0909090909091,0.0,0.0
93,KK Nair,-16.5,-34.916666666666664,0.0,0.0,-11.47826086956522,-84.61111111111111,0.0,0.0,-12.844444444444443,-68.0909090909091,0.0,0.0
480,KL Rahul,-16.5,-34.916666666666664,0.0,0.0,-11.47826086956522,-84.61111111111111,0.0,0.0,-12.844444444444443,-68.0909090909091,0.0,0.0
5,KM Jadhav,-16.5,-34.916666666666664,0.0,0.0,-11.47826086956522,-84.61111111111111,0.0,0.0,-12.844444444444443,-68.0909090909091,0.0,0.0
233,KS Bharat,-16.5,-34.916666666666664,0.0,0.0,-11.47826086956522,-84.61111111111111,0.0,0.0,-12.844444444444443,-68.0909090909091,0.0,0.0
531,KS Williamson,-16.5,-34.916666666666664,0.0,0.0,-11.47826086956522,-84.61111111111111,0.0,0.0,-12.844444444444443,-68.0909090909091,0.0,0.0
489,Kamran Akmal,-16.5,-34.916666666666664,0.0,0.0,-11.47826086956522,-84.61111111111111,0.0,0.0,-12.844444444444443,-68.0909090909091,0.0,0.0
396,LA Carseldine,-16.5,-34.916666666666664,0.0,0.0,-11.47826086956522,-84.61111111111111,0.0,0.0,-12.844444444444443,-68.0909090909091,0.0,0.0
375,LA Pomersbach,-16.5,-34.916666666666664,0.0,0.0,-11.47826086956522,-84.61111111111111,0.0,0.0,-12.844444444444443,-68.0909090909091,0.0,0.0
539,LMP Simmons,-16.5,-34.916666666666664,0.0,0.0,-11.47826086956522,-84.61111111111111,0.0,0.0,-12.844444444444443,-68.0909090909091,0.0,0.0
267,LPC Silva,-16.5,-34.916666666666664,0.0,0.0,-11.47826086956522,-84.61111111111111,0.0,0.0,-12.844444444444443,-68.0909090909091,0.0,0.0
343,LRPL Taylor,-16.5,-34.916666666666664,0.0,0.0,-11.47826086956522,-84.61111111111111,0.0,0.0,-12.844444444444443,-68.0909090909091,0.0,0.0
610,M Kaif,-16.5,-34.916666666666664,0.0,0.0,-11.47826086956522,-84.61111111111111,0.0,0.0,-12.844444444444443,-68.0909090909091,0.0,0.0
565,M Manhas,-16.5,-34.916666666666664,0.0,0.0,-11.47826086956522,-84.61111111111111,0.0,0.0,-12.844444444444443,-68.0909090909091,0.0,0.0
640,M Rawat,-16.5,-34.916666666666664,0.0,0.0,-11.47826086956522,-84.61111111111111,0.0,0.0,-12.844444444444443,-68.0909090909091,0.0,0.0
7,M Shahrukh Khan,-16.5,-34.916666666666664,0.0,0.0,-11.47826086956522,-84.61111111111111,0.0,0.0,-12.844444444444443,-68.0909090909091,0.0,0.0
628,M Vijay,-16.5,-34.916666666666664,0.0,0.0,-11.47826086956522,-84.61111111111111,0.0,0.0,-12.844444444444443,-68.0909090909091,0.0,0.0
435,M Vohra,-16.5,-34.916666666666664,0.0,0.0,-11.47826086956522,-84.61111111111111,0.0,0.0,-12.844444444444443,-68.0909090909091,0.0,0.0
199,MA Agarwal,-16.5,-34.916666666666664,0.0,0.0,-11.47826086956522,-84.61111111111111,0.0,0.0,-12.844444444444443,-68.0909090909091,0.0,0.0
298,MC Juneja,-16.5,-34.916666666666664,0.0,0.0,-11.47826086956522,-84.61111111111111,0.0,0.0,-12.844444444444443,-68.0909090909091,0.0,0.0
507,MD Mishra,-16.5,-34.916666666666664,0.0,0.0,-11.47826086956522,-84.61111111111111,0.0,0.0,-12.844444444444443,-68.0909090909091,0.0,0.0
234,MEK Hussey,-16.5,-34.916666666666664,0.0,0.0,-11.47826086956522,-84.61111111111111,0.0,0.0,-12.844444444444443,-68.0909090909091,0.0,0.0
575,MK Lomror,-16.5,-34.916666666666664,0.0,0.0,-11.47826086956522,-84.61111111111111,0.0,0.0,-12.844444444444443,-68.0909090909091,0.0,0.0
313,MK Pandey,-16.5,-34.916666666666664,0.0,0.0,-11.47826086956522,-84.61111111111111,0.0,0.0,-12.844444444444443,-68.0909090909091,0.0,0.0
645,MK Tiwary,-16.5,-34.916666666666664,0.0,0.0,-11.47826086956522,-84.61111111111111,0.0,0.0,-12.844444444444443,-68.0909090909091,0.0,0.0
13,ML Hayden,-16.5,-34.916666666666664,0.0,0.0,-11.47826086956522,-84.61111111111111,0.0,0.0,-12.844444444444443,-68.0909090909091,0.0,0.0
454,MN van Wyk,-16.5,-34.916666666666664,0.0,0.0,-11.47826086956522,-84.61111111111111,0.0,0.0,-12.844444444444443,-68.0909090909091,0.0,0.0
257,MS Bisla,-16.5,-34.916666666666664,0.0,0.0,-11.47826086956522,-84.61111111111111,0.0,0.0,-12.844444444444443,-68.0909090909091,0.0,0.0
563,MS Dhoni,-16.5,-34.916666666666664,0.0,0.0,-11.47826086956522,-84.61111111111111,0.0,0.0,-12.844444444444443,-68.0909090909091,0.0,0.0
294,MV Boucher,-16.5,-34.916666666666664,0.0,0.0,-11.47826086956522,-84.61111111111111,0.0,0.0,-12.844444444444443,-68.0909090909091,0.0,0.0
470,Mandeep Singh,-16.5,-34.916666666666664,0.0,0.0,-11.47826086956522,-84.61111111111111,0.0,0.0,-12.844444444444443,-68.0909090909091,0.0,0.0
160,Misbah-ul-Haq,-16.5,-34.916666666666664,0.0,0.0,-11.47826086956522,-84.61111111111111,0.0,0.0,-12.844444444444443,-68.0909090909091,0.0,0.0
158,Mohammad Hafeez,-16.5,-34.916666666666664,0.0,0.0,-11.47826086956522,-84.61111111111111,0.0,0.0,-12.844444444444443,-68.0909090909091,0.0,0.0
431,N Jagadeesan,-16.5,-34.916666666666664,0.0,0.0,-11.47826086956522,-84.61111111111111,0.0,0.0,-12.844444444444443,-68.0909090909091,0.0,0.0
26,N Pooran,-16.5,-34.916666666666664,0.0,0.0,-11.47826086956522,-84.61111111111111,0.0,0.0,-12.844444444444443,-68.0909090909091,0.0,0.0
523,N Saini,-16.5,-34.916666666666664,0.0,0.0,-11.47826086956522,-84.61111111111111,0.0,0.0,-12.844444444444443,-68.0909090909091,0.0,0.0
524,NK Patel,-16.5,-34.916666666666664,0.0,0.0,-11.47826086956522,-84.61111111111111,0.0,0.0,-12.844444444444443,-68.0909090909091,0.0,0.0
481,NS Naik,-16.5,-34.916666666666664,0.0,0.0,-11.47826086956522,-84.61111111111111,0.0,0.0,-12.844444444444443,-68.0909090909091,0.0,0.0
36,NV Ojha,-16.5,-34.916666666666664,0.0,0.0,-11.47826086956522,-84.61111111111111,0.0,0.0,-12.844444444444443,-68.0909090909091,0.0,0.0
62,OA Shah,-16.5,-34.916666666666664,0.0,0.0,-11.47826086956522,-84.61111111111111,0.0,0.0,-12.844444444444443,-68.0909090909091,0.0,0.0
239,P Simran Singh,-16.5,-34.916666666666664,0.0,0.0,-11.47826086956522,-84.61111111111111,0.0,0.0,-12.844444444444443,-68.0909090909091,0.0,0.0
80,PA Patel,-16.5,-34.916666666666664,0.0,0.0,-11.47826086956522,-84.61111111111111,0.0,0.0,-12.844444444444443,-68.0909090909091,0.0,0.0
506,PA Reddy,-16.5,-34.916666666666664,0.0,0.0,-11.47826086956522,-84.61111111111111,0.0,0.0,-12.844444444444443,-68.0909090909091,0.0,0.0
603,PBB Rajapaksa,-16.5,-34.916666666666664,0.0,0.0,-11.47826086956522,-84.61111111111111,0.0,0.0,-12.844444444444443,-68.0909090909091,0.0,0.0
512,PC Valthaty,-16.5,-34.916666666666664,0.0,0.0,-11.47826086956522,-84.61111111111111,0.0,0.0,-12.844444444444443,-68.0909090909091,0.0,0.0
151,PD Collingwood,-16.5,-34.916666666666664,0.0,0.0,-11.47826086956522,-84.61111111111111,0.0,0.0,-12.844444444444443,-68.0909090909091,0.0,0.0
51,PK Garg,-16.5,-34.916666666666664,0.0,0.0,-11.47826086956522,-84.61111111111111,0.0,0.0,-12.844444444444443,-68.0909090909091,0.0,0.0
503,PP Shaw,-16.5,-34.916666666666664,0.0,0.0,-11.47826086956522,-84.61111111111111,0.0,0.0,-12.844444444444443,-68.0909090909091,0.0,0.0
220,PR Shah,-16.5,-34.916666666666664,0.0,0.0,-11.47826086956522,-84.61111111111111,0.0,0.0,-12.844444444444443,-68.0909090909091,0.0,0.0
97,Q de Kock,-16.5,-34.916666666666664,0.0,0.0,-11.47826086956522,-84.61111111111111,0.0,0.0,-12.844444444444443,-68.0909090909091,0.0,0.0
550,R Bishnoi,-16.5,-34.916666666666664,0.0,0.0,-11.47826086956522,-84.61111111111111,0.0,0.0,-12.844444444444443,-68.0909090909091,0.0,0.0
499,R Dravid,-16.5,-34.916666666666664,0.0,0.0,-11.47826086956522,-84.61111111111111,0.0,0.0,-12.844444444444443,-68.0909090909091,0.0,0.0
265,R Sathish,-16.5,-34.916666666666664,0.0,0.0,-11.47826086956522,-84.61111111111111,0.0,0.0,-12.844444444444443,-68.0909090909091,0.0,0.0
212,RA Tripathi,-16.5,-34.916666666666664,0.0,0.0,-11.47826086956522,-84.61111111111111,0.0,0.0,-12.844444444444443,-68.0909090909091,0.0,0.0
205,RD Gaikwad,-16.5,-34.916666666666664,0.0,0.0,-11.47826086956522,-84.61111111111111,0.0,0.0,-12.844444444444443,-68.0909090909091,0.0,0.0
271,RJ Quiney,-16.5,-34.916666666666664,0.0,0.0,-11.47826086956522,-84.61111111111111,0.0,0.0,-12.844444444444443,-68.0909090909091,0.0,0.0
483,RK Bhui,-16.5,-34.916666666666664,0.0,0.0,-11.47826086956522,-84.61111111111111,0.0,0.0,-12.844444444444443,-68.0909090909091,0.0,0.0
347,RK Singh,-16.5,-34.916666666666664,0.0,0.0,-11.47826086956522,-84.61111111111111,0.0,0.0,-12.844444444444443,-68.0909090909091,0.0,0.0
179,RM Patidar,-16.5,-34.916666666666664,0.0,0.0,-11.47826086956522,-84.61111111111111,0.0,0.0,-12.844444444444443,-68.0909090909091,0.0,0.0
306,RN ten Doeschate,-16.5,-34.916666666666664,0.0,0.0,-11.47826086956522,-84.61111111111111,0.0,0.0,-12.844444444444443,-68.0909090909091,0.0,0.0
279,RR Pant,-16.5,-34.916666666666664,0.0,0.0,-11.47826086956522,-84.61111111111111,0.0,0.0,-12.844444444444443,-68.0909090909091,0.0,0.0
211,RR Rossouw,-16.5,-34.916666666666664,0.0,0.0,-11.47826086956522,-84.61111111111111,0.0,0.0,-12.844444444444443,-68.0909090909091,0.0,0.0
145,RS Bopara,-16.5,-34.916666666666664,0.0,0.0,-11.47826086956522,-84.61111111111111,0.0,0.0,-12.844444444444443,-68.0909090909091,0.0,0.0
268,RV Gomez,-16.5,-34.916666666666664,0.0,0.0,-11.47826086956522,-84.61111111111111,0.0,0.0,-12.844444444444443,-68.0909090909091,0.0,0.0
21,RV Uthappa,-16.5,-34.916666666666664,0.0,0.0,-11.47826086956522,-84.61111111111111,0.0,0.0,-12.844444444444443,-68.0909090909091,0.0,0.0
132,Ramandeep Singh,-16.5,-34.916666666666664,0.0,0.0,-11.47826086956522,-84.61111111111111,0.0,0.0,-12.844444444444443,-68.0909090909091,0.0,0.0
538,S Anirudha,-16.5,-34.916666666666664,0.0,0.0,-11.47826086956522,-84.61111111111111,0.0,0.0,-12.844444444444443,-68.0909090909091,0.0,0.0
206,S Badrinath,-16.5,-34.916666666666664,0.0,0.0,-11.47826086956522,-84.61111111111111,0.0,0.0,-12.844444444444443,-68.0909090909091,0.0,0.0
492,S Dhawan,-16.5,-34.916666666666664,0.0,0.0,-11.47826086956522,-84.61111111111111,0.0,0.0,-12.844444444444443,-68.0909090909091,0.0,0.0
178,S Dube,-16.5,-34.916666666666664,0.0,0.0,-11.47826086956522,-84.61111111111111,0.0,0.0,-12.844444444444443,-68.0909090909091,0.0,0.0
266,S Rana,-16.5,-34.916666666666664,0.0,0.0,-11.47826086956522,-84.61111111111111,0.0,0.0,-12.844444444444443,-68.0909090909091,0.0,0.0
613,S Sohal,-16.5,-34.916666666666664,0.0,0.0,-11.47826086956522,-84.61111111111111,0.0,0.0,-12.844444444444443,-68.0909090909091,0.0,0.0
339,S Vidyut,-16.5,-34.916666666666664,0.0,0.0,-11.47826086956522,-84.61111111111111,0.0,0.0,-12.844444444444443,-68.0909090909091,0.0,0.0
273,SA Yadav,-16.5,-34.916666666666664,0.0,0.0,-11.47826086956522,-84.61111111111111,0.0,0.0,-12.844444444444443,-68.0909090909091,0.0,0.0
349,SE Marsh,-16.5,-34.916666666666664,0.0,0.0,-11.47826086956522,-84.61111111111111,0.0,0.0,-12.844444444444443,-68.0909090909091,0.0,0.0
12,SE Rutherford,-16.5,-34.916666666666664,0.0,0.0,-11.47826086956522,-84.61111111111111,0.0,0.0,-12.844444444444443,-68.0909090909091,0.0,0.0
174,SM Katich,-16.5,-34.916666666666664,0.0,0.0,-11.47826086956522,-84.61111111111111,0.0,0.0,-12.844444444444443,-68.0909090909091,0.0,0.0
249,SN Khan,-16.5,-34.916666666666664,0.0,0.0,-11.47826086956522,-84.61111111111111,0.0,0.0,-12.844444444444443,-68.0909090909091,0.0,0.0
394,SO Hetmyer,-16.5,-34.916666666666664,0.0,0.0,-11.47826086956522,-84.61111111111111,0.0,0.0,-12.844444444444443,-68.0909090909091,0.0,0.0
18,SP Goswami,-16.5,-34.916666666666664,0.0,0.0,-11.47826086956522,-84.61111111111111,0.0,0.0,-12.844444444444443,-68.0909090909091,0.0,0.0
359,SP Jackson,-16.5,-34.916666666666664,0.0,0.0,-11.47826086956522,-84.61111111111111,0.0,0.0,-12.844444444444443,-68.0909090909091,0.0,0.0
615,SPD Smith,-16.5,-34.916666666666664,0.0,0.0,-11.47826086956522,-84.61111111111111,0.0,0.0,-12.844444444444443,-68.0909090909091,0.0,0.0
362,SR Tendulkar,-16.5,-34.916666666666664,0.0,0.0,-11.47826086956522,-84.61111111111111,0.0,0.0,-12.844444444444443,-68.0909090909091,0.0,0.0
579,SS Iyer,-16.5,-34.916666666666664,0.0,0.0,-11.47826086956522,-84.61111111111111,0.0,0.0,-12.844444444444443,-68.0909090909091,0.0,0.0
540,SS Tiwary,-16.5,-34.916666666666664,0.0,0.0,-11.47826086956522,-84.61111111111111,0.0,0.0,-12.844444444444443,-68.0909090909091,0.0,0.0
187,SV Samson,-16.5,-34.916666666666664,0.0,0.0,-11.47826086956522,-84.61111111111111,0.0,0.0,-12.844444444444443,-68.0909090909091,0.0,0.0
118,SW Billings,-16.5,-34.916666666666664,0.0,0.0,-11.47826086956522,-84.61111111111111,0.0,0.0,-12.844444444444443,-68.0909090909091,0.0,0.0
119,Sachin Baby,-16.5,-34.916666666666664,0.0,0.0,-11.47826086956522,-84.61111111111111,0.0,0.0,-12.844444444444443,-68.0909090909091,0.0,0.0
402,Salman Butt,-16.5,-34.916666666666664,0.0,0.0,-11.47826086956522,-84.61111111111111,0.0,0.0,-12.844444444444443,-68.0909090909091,0.0,0.0
607,Shoaib Malik,-16.5,-34.916666666666664,0.0,0.0,-11.47826086956522,-84.61111111111111,0.0,0.0,-12.844444444444443,-68.0909090909091,0.0,0.0
482,Shubman Gill,-16.5,-34.916666666666664,0.0,0.0,-11.47826086956522,-84.61111111111111,0.0,0.0,-12.844444444444443,-68.0909090909091,0.0,0.0
626,Sunny Singh,-16.5,-34.916666666666664,0.0,0.0,-11.47826086956522,-84.61111111111111,0.0,0.0,-12.844444444444443,-68.0909090909091,0.0,0.0
69,TM Head,-16.5,-34.916666666666664,0.0,0.0,-11.47826086956522,-84.61111111111111,0.0,0.0,-12.844444444444443,-68.0909090909091,0.0,0.0
644,Tilak Varma,-16.5,-34.916666666666664,0.0,0.0,-11.47826086956522,-84.61111111111111,0.0,0.0,-12.844444444444443,-68.0909090909091,0.0,0.0
651,UBT Chand,-16.5,-34.916666666666664,0.0,0.0,-11.47826086956522,-84.61111111111111,0.0,0.0,-12.844444444444443,-68.0909090909091,0.0,0.0
186,V Kohli,-16.5,-34.916666666666664,0.0,0.0,-11.47826086956522,-84.61111111111111,0.0,0.0,-12.844444444444443,-68.0909090909091,0.0,0.0
310,VR Iyer,-16.5,-34.916666666666664,0.0,0.0,-11.47826086956522,-84.61111111111111,0.0,0.0,-12.844444444444443,-68.0909090909091,0.0,0.0
208,VVS Laxman,-16.5,-34.916666666666664,0.0,0.0,-11.47826086956522,-84.61111111111111,0.0,0.0,-12.844444444444443,-68.0909090909091,0.0,0.0
296,WP Saha,-16.5,-34.916666666666664,0.0,0.0,-11.47826086956522,-84.61111111111111,0.0,0.0,-12.844444444444443,-68.0909090909091,0.0,0.0
215,Y Nagar,-16.5,-34.916666666666664,0.0,0.0,-11.47826086956522,-84.61111111111111,0.0,0.0,-12.844444444444443,-68.0909090909091,0.0,0.0
632,YV Takawale,-16.5,-34.916666666666664,0.0,0.0,-11.47826086956522,-84.61111111111111,0.0,0.0,-12.844444444444443,-68.0909090909091,0.0,0.0
547,Yashpal Singh,-16.5,-34.916666666666664,0.0,0.0,-11.47826086956522,-84.61111111111111,0.0,0.0,-12.844444444444443,-68.0909090909091,0.0,0.0
391,Yuvraj Singh,-16.5,-34.916666666666664,0.0,0.0,-11.47826086956522,-84.61111111111111,0.0,0.0,-12.844444444444443,-68.0909090909091,0.0,0.0
417,A Ashish Reddy,-1.2166193181818183,0.8461538461538467,0.2727272727272727,1.5,-0.7151771494216863,6.771551724137932,0.326797385620915,2.083333333333333,-12.758620689655173,23.0,0.3333333333333333,0.5
284,A Chandila,4.363636363636363,5.0,0.1666666666666666,0.5,-0.2994836488812398,-59.0,0.3855421686746988,3.2,1.5328870417838392,20.825,0.4895104895104895,4.117647058823529
254,A Choudhary,1.365384615384615,-7.75,0.2916666666666667,1.75,0.109756097560977,-22.77777777777778,0.4146341463414634,2.125,3.8773584905660368,94.0,0.5,2.571428571428572
379,A Flintoff,-3.963768115942028,-11.0,0.1304347826086956,0.3333333333333333,0.569230769230769,-20.25,0.4666666666666667,7.0,-2.6694915254237284,17.5,0.25,1.0
483,A Kumble,1.5238095238095235,3.0638297872340434,0.3580246913580246,2.5217391304347827,0.760144527391228,-1.0706552706552692,0.373887240356083,3.5492957746478875,2.5784825371336817,-2.794871794871796,0.6037735849056604,5.333333333333333
578,A Mishra,0.3156443675454898,-1.6736111111111107,0.3265306122448979,1.797752808988764,0.5949943999979297,4.164263870685886,0.3573085846867749,3.2195121951219514,1.5181772279727337,4.745098039215684,0.4852941176470588,2.64
614,A Mithun,-3.525030036043252,3.5166666666666675,0.2987012987012987,1.0,-0.5594679186228486,-41.0,0.2887323943661972,1.7826086956521738,-2.125,-38.8,0.40625,1.7333333333333334
486,A Nehra,0.6996326835439177,3.275366568914956,0.3106796116504854,1.7582417582417582,0.1626256687293708,5.010180995475114,0.3568904593639576,2.4047619047619047,-0.3483585242970921,-2.855670103092784,0.4972222222222222,2.452054794520548
195,A Nel,2.695652173913043,17.0,0.6666666666666666,2.0,-3.340425531914893,17.5,0.1666666666666666,0.3333333333333333,-3.200000000000001,24.0,0.3333333333333333,1.0
226,A Nortje,1.3680084151472656,-2.132142857142858,0.3387096774193548,1.8666666666666667,-0.5289626387050799,10.055555555555555,0.4132231404958678,2.0,-0.5155892530471009,6.850574712643677,0.4779661016949152,2.517857142857143
67,A Singh,-1.5870017003589645,4.105882352941176,0.2911392405063291,1.2777777777777777,-0.5883876243696342,-19.416666666666668,0.391304347826087,2.25,0.3174924165824073,0.2788461538461533,0.4844961240310077,3.125
610,A Symonds,1.6870684243565588,-2.7727272727272734,0.2716049382716049,1.2222222222222223,-0.8161059330474627,-4.017295597484274,0.3322884012539185,2.355555555555556,0.823263053629546,-0.977777777777778,0.5585585585585585,4.428571428571429
411,A Uniyal,-1.0735294117647065,15.5,0.1764705882352941,0.75,-11.47826086956522,40.0,0.1666666666666666,0.3333333333333333,0.0,12.0,0.3333333333333333,1.3333333333333333
277,A Zampa,2.2959905660377355,20.3,0.3584905660377358,1.4615384615384617,-0.6491065168368992,1.6926406926406905,0.3053097345132743,3.136363636363636,10.22608695652174,18.0,0.4,1.0
392,AA Chavan,-4.322981366459626,6.833333333333333,0.2857142857142857,0.6666666666666666,-2.6273242570323667,-22.09523809523809,0.2790697674418604,1.411764705882353,0.643096034400382,-29.94117647058824,0.5217391304347826,3.4285714285714284
361,AA Jhunjhunwala,-7.636363636363637,10.0,0.0,0.0,-0.6576819407008081,-36.84615384615385,0.3018867924528302,2.0,-1.3888888888888884,-12.0,0.3666666666666666,1.5714285714285714
230,AA Noffke,13.5,6.0,0.4166666666666667,2.5,3.085106382978724,41.0,0.0,0.0,-12.844444444444443,22.0,0.2,0.3333333333333333
581,AB Agarkar,-1.5039199581871117,-6.695238095238096,0.2259887005649717,1.0526315789473684,-0.3784536800557241,6.536324786324787,0.3317191283292978,2.075757575757576,-2.368417168859919,-3.654761904761905,0.4450867052023121,1.5714285714285714
112,AB Dinda,-1.5294820122406314,2.0024855012427505,0.2635467980295566,1.009433962264151,1.6763401694512623,-2.5916083916083927,0.3835616438356164,3.8620689655172415,0.3873677233020043,5.274904214559388,0.5119196988707654,2.7019867549668874
237,AB McDonald,-1.1647058823529406,1.9444444444444449,0.3,1.2857142857142858,-0.917720903075126,4.388888888888889,0.2410714285714285,1.8,-2.6842105263157894,5.0,0.3333333333333333,1.5555555555555556
461,AC Thomas,-1.1034482758620676,-8.666666666666666,0.1801801801801801,0.9523809523809524,0.9157894736842104,56.0,0.3636363636363636,2.6666666666666665,1.431055900621118,6.875,0.56,3.3793103448275863
493,AC Voges,3.454545454545455,5.0,0.1666666666666666,0.5,-0.9159420289855076,-16.833333333333332,0.25,2.25,-4.0593220338983045,2.75,0.4166666666666667,0.7142857142857143
444,AD Mascarenhas,-0.7876254180602,-1.5,0.2307692307692307,1.5,0.9330754352030954,1.5,0.3454545454545454,3.8,-0.5882590765747544,9.08974358974359,0.4819277108433735,2.7586206896551726
565,AD Mathews,0.3493901497606924,-3.204761904761906,0.2483660130718954,1.52,-0.3854724413606645,-15.977272727272728,0.2714570858283433,1.8888888888888888,-2.5782905580409707,4.242424242424242,0.4032258064516129,1.6666666666666667
546,AD Russell,-0.7304230808441226,3.9237389433421,0.2964705882352941,1.1150442477876106,-0.502883608763927,8.686274509803923,0.3231511254019292,1.7478260869565216,-0.3249322493224937,7.675000000000001,0.4611111111111111,2.2133333333333334
32,AF Milne,0.1605633802816886,1.9090909090909085,0.3090909090909091,1.4166666666666667,-2.34406015037594,-35.22222222222222,0.26,1.0833333333333333,-1.7182750759878438,-15.0,0.4148936170212766,1.625
626,AG Murtaza,-0.8076235854675407,-8.4,0.1304347826086956,0.6,-0.0665663450473577,21.444444444444443,0.3227848101265823,1.9615384615384612,2.0769230769230766,-6.416666666666668,0.6025641025641025,9.4
273,AJ Finch,6.311688311688313,4.0,0.5714285714285714,2.0,-3.264406779661016,9.333333333333336,0.1666666666666666,0.7142857142857143,5.799999999999999,24.0,0.6666666666666666,2.0
121,AJ Tye,1.207230973224016,3.657407407407408,0.2720848056537102,1.4,0.1505005147137126,1.375,0.2233502538071066,1.5172413793103448,0.733175300647547,11.824175824175825,0.4627659574468085,2.230769230769231
42,AL Menaria,-6.926086956521741,3.0,0.2,0.5,0.4461062403300682,13.625,0.3571428571428571,3.75,1.8816793893129768,-4.333333333333336,0.4375,3.0
573,AM Nayar,-1.5,6.0,0.1666666666666666,0.5,0.5090439276485785,0.6428571428571423,0.3009259259259259,2.03125,-2.4000000000000004,24.0,0.5,1.0
160,AM Salvi,-0.1363636363636367,-7.0,0.1333333333333333,1.0,0.1394716394716386,5.5625,0.4423076923076923,2.555555555555556,-0.75,-44.44444444444444,0.46875,2.5
110,AN Ahmed,-1.1524399770845282,3.0763888888888893,0.2637362637362637,1.3333333333333333,0.1179756262694651,-16.91397849462366,0.2946428571428571,1.9411764705882355,-0.5720279720279722,-21.883333333333336,0.4846153846153846,2.423076923076923
468,AP Dole,4.5,6.0,0.3333333333333333,1.3333333333333333,0.6191723415400716,16.166666666666668,0.2608695652173913,2.0,-4.999999999999998,3.75,0.3333333333333333,1.0
252,AR Patel,1.189561855670103,-2.997835497835497,0.325,1.793103448275862,0.8944735862699913,-2.680516782444976,0.3201803833145434,2.973821989528796,0.4427828054298643,-0.1635944700460818,0.4,2.4285714285714284
635,AS Joseph,1.2540372670807436,5.717948717948718,0.35,2.1,-1.7535744322960465,-6.636363636363637,0.3448275862068966,1.5789473684210529,-2.785832872163809,-11.2,0.5,1.6956521739130437
596,AS Rajpoot,-1.1208492106695689,1.8461538461538467,0.1818181818181818,0.6923076923076923,-0.2912150036824572,4.575757575757578,0.3892617449664429,2.071428571428572,-1.595715676728335,-9.928888888888888,0.4461538461538462,1.7846153846153847
495,Abhishek Sharma,-1.0,6.0,0.0,0.0,-0.8774294189852698,0.8080357142857153,0.2265625,1.8125,0.304347826086957,74.0,0.4444444444444444,2.0
497,Akash Deep,-7.737556561085972,15.5,0.1764705882352941,0.375,-2.344545454545453,-10.235294117647058,0.3636363636363636,1.6,-2.788443616029824,22.5,0.4137931034482758,2.0
506,Akash Singh,-3.75,18.0,0.0,0.0,4.25,42.0,0.3333333333333333,1.0,-2.5,12.0,0.4166666666666667,1.25
101,Anand Rajan,-2.028099173553718,3.593406593406594,0.325,1.0833333333333333,-0.795066413662239,7.666666666666664,0.3225806451612903,3.333333333333333,0.8793650793650798,-19.5,0.5714285714285714,3.4285714285714284
406,Ankit Sharma,-0.4400000000000013,-7.0,0.24,1.0,-0.0333794534763063,-6.444444444444443,0.3214285714285714,2.863636363636364,1.7176674364896076,6.928571428571427,0.4722222222222222,3.5789473684210527
470,Ankit Soni,-15.176470588235292,16.0,0.0,0.0,0.7093287310382426,2.6666666666666714,0.3267326732673267,2.357142857142857,8.82857142857143,11.5,0.6666666666666666,2.0
48,Anureet Singh,-0.9159870641169848,-0.2555555555555546,0.2755905511811024,1.0294117647058822,-1.0772712917149168,-5.648148148148149,0.2457627118644068,1.318181818181818,1.4472049689440991,18.25,0.487012987012987,2.5
58,Arshdeep Singh,1.173506493506494,-3.0254872563718145,0.2727272727272727,1.7045454545454546,0.5587889882905603,8.073593073593074,0.3282442748091603,2.263157894736842,-0.0500317928882765,4.784722222222221,0.4108761329305136,2.1587301587301586
574,Avesh Khan,1.1471018780951194,-2.006933744221879,0.3058419243986254,1.4833333333333334,0.1747270381674592,10.155635062611807,0.4153005464480874,2.814814814814815,-1.0079436789398386,0.8154761904761898,0.5,2.1645569620253164
24,Azhar Mahmood,0.1540207679304508,0.4920634920634921,0.2772277227722772,1.2173913043478262,0.8498771498771491,-1.984126984126984,0.4108108108108108,3.3043478260869565,-0.0676653761992938,1.5555555555555571,0.4685314685314685,3.35
111,B Akhil,-0.7304081632653059,-16.166666666666664,0.2448979591836734,0.9230769230769232,0.4850061199510405,-4.085714285714285,0.3643410852713178,3.9166666666666665,-7.0,9.0,0.1666666666666666,0.3333333333333333
449,B Geeves,-4.25,18.0,0.5,1.0,-5.022988505747127,-7.125,0.2777777777777778,0.7142857142857143,-6.122340425531915,23.0,0.2916666666666667,0.7
490,B Kumar,0.7705403703799156,0.3009746588693964,0.2843224092116918,1.558252427184466,-0.2902472514765168,-6.362500000000001,0.2785923753665689,1.7924528301886793,2.086265293615532,-1.845833333333335,0.5660046728971962,3.8452380952380953
568,B Laughlin,-2.0489604292421184,11.0,0.2535211267605634,0.9473684210526316,-0.7726114649681524,-10.375,0.25,1.6666666666666667,-0.3513078470824951,16.733333333333334,0.2571428571428571,1.125
278,B Lee,0.351043273767619,-10.981566820276496,0.3036303630363036,1.84,0.8195156031672104,6.681818181818183,0.4078947368421052,4.428571428571429,0.1060940675268709,-20.677304964539005,0.5340425531914894,2.820224719101124
499,B Stanlake,1.75,18.0,0.1666666666666666,0.5,-1.2170940170940163,10.866666666666667,0.4074074074074074,2.0,0.1029900332225919,-23.571428571428573,0.4880952380952381,2.5625
419,BA Bhatt,0.9748917748917753,-17.75,0.238095238095238,1.25,-1.3106755629691411,0.6071428571428577,0.2803030303030303,1.85,-0.0463957055214727,12.22222222222222,0.4270833333333333,2.5625
366,BA Stokes,-0.1518119068162207,0.6378205128205128,0.2947368421052631,1.4,0.5604231779208888,-25.505747126436784,0.3208191126279863,2.186046511627907,-0.9583953792698878,4.318996415770609,0.4382022471910112,1.6956521739130437
312,BAW Mendis,1.5430107526881738,-6.727272727272727,0.2777777777777778,1.6666666666666667,1.2044669583237404,-8.485294117647058,0.2868217054263566,3.083333333333333,0.7116808088102546,2.833333333333332,0.4137931034482758,3.0
625,BB Sran,0.2414216761737613,0.3333333333333321,0.2325581395348837,1.3333333333333333,-1.432328432673426,-2.095238095238095,0.3012048192771084,1.5625,-2.3114580661708146,-20.950980392156865,0.4375,1.8148148148148149
104,BCJ Cutting,-3.6468292682926826,-17.67857142857143,0.1866666666666666,0.6666666666666666,-0.0079975283576816,1.746031746031747,0.3251533742331288,1.8928571428571428,-1.9195893926432848,-8.600000000000001,0.238095238095238,1.0
627,BE Hendricks,1.8226059654631095,5.75,0.3846153846153846,2.0,-0.8209619526202445,-3.2857142857142865,0.3142857142857143,1.8333333333333333,-1.7142857142857153,-28.5,0.35,1.4
94,BJ Hodge,-1.666666666666666,9.5,0.3888888888888889,2.333333333333333,-0.574170051827986,16.123076923076923,0.2994350282485876,2.409090909090909,-1.6850649350649345,-5.666666666666668,0.4285714285714285,2.142857142857143
588,BW Hilfenhaus,-2.209044575681577,-1.9937888198757765,0.2978723404255319,1.0,-2.1261904761904766,6.666666666666668,0.3333333333333333,2.0,1.0,5.10576923076923,0.5757575757575758,3.8
334,Basil Thampi,-1.5523734426746554,1.8083333333333336,0.2058823529411764,0.813953488372093,-0.0764035964035958,0.1666666666666678,0.2857142857142857,1.625,-1.664635099234257,-60.30769230769231,0.4113924050632911,1.5853658536585369
622,Bipul Sharma,-6.028846153846153,-22.545454545454547,0.25,0.6666666666666666,0.0751535521575679,2.118351063829788,0.2747603833865815,2.4571428571428573,1.270399047051816,9.35,0.5068493150684932,3.083333333333333
558,C Sakariya,0.5206611570247937,-4.621118012422359,0.2358490566037736,1.3157894736842106,0.7271633300514182,9.357894736842104,0.2626262626262626,1.7333333333333334,0.8290729072907288,0.6666666666666643,0.4545454545454545,3.260869565217391
246,C de Grandhomme,-5.655801825293352,6.666666666666668,0.0769230769230769,0.25,-0.8566149297856622,-4.350649350649352,0.267379679144385,1.7857142857142858,1.637931034482759,17.0,0.5833333333333334,2.333333333333333
279,CH Gayle,0.953672471948785,-2.955555555555554,0.3150684931506849,1.84,0.365570814727441,-18.927223719676547,0.3054545454545455,2.7096774193548385,1.0234048896839596,-14.428571428571429,0.4273504273504273,2.5
117,CH Morris,1.1189267585206668,0.901704545454546,0.2904761904761905,1.7264150943396226,0.1185551468371226,2.0470085470085486,0.3836317135549872,2.34375,0.0719371243643092,-2.9883333333333333,0.5037593984962406,2.5968992248062017
453,CJ Anderson,-3.498868079851821,-1.5238095238095235,0.2209302325581395,0.6333333333333333,-0.0938810479325429,1.982608695652175,0.2164179104477611,1.2608695652173914,-4.2873547505126455,6.799999999999997,0.4428571428571428,1.4090909090909092
98,CJ Jordan,-1.237256988103297,-3.472072072072072,0.2322274881516587,0.9245283018867924,0.6033519553072626,9.195121951219512,0.3431372549019608,2.6923076923076925,-1.818339381465634,-0.5043478260869563,0.4144144144144144,1.7037037037037035
22,CJ McKay,6.0,6.0,0.25,1.0,0.8560606060606055,11.333333333333332,0.3888888888888889,3.5,-7.813559322033898,47.0,0.3333333333333333,0.6666666666666666
537,CK Langeveldt,-0.867879203843513,3.75,0.2553191489361702,1.7142857142857142,0.7866526537046763,35.916666666666664,0.4545454545454545,2.5,0.2976190476190483,5.166666666666668,0.5802469135802469,3.1333333333333333
46,CR Brathwaite,-1.5880774962742166,7.392857142857143,0.3090909090909091,1.2142857142857142,-0.992889027301981,1.9353448275862064,0.2748538011695906,1.5666666666666669,0.4000000000000003,36.0,0.4166666666666667,1.6666666666666667
600,CR Woakes,-0.105316558441558,3.1750000000000007,0.2987012987012987,1.15,1.2660171057990528,5.5440613026819925,0.3898305084745763,2.875,-1.1566433566433556,-0.117647058823529,0.4423076923076923,1.725
636,CRD Fernando,-0.75,5.371428571428572,0.3,1.5,0.8802469992367996,5.133333333333333,0.5070422535211268,4.0,0.1533884297520655,23.85714285714285,0.52,2.7857142857142856
203,CV Varun,1.2699975387644589,-6.136363636363637,0.3382352941176471,2.090909090909091,0.4212404413000712,0.2486644001942721,0.3478939157566302,3.054794520547945,0.7806770688213982,0.206666666666667,0.4162162162162162,2.75
210,D Wiese,-1.2722235049642112,0.5673076923076916,0.2622950819672131,1.0,-0.9767405779300544,-37.80555555555556,0.2129032258064516,1.137931034482759,2.591439688715953,33.16666666666667,0.5172413793103449,3.75
229,D du Preez,-0.7272727272727266,16.0,0.0,0.0,-2.2666666666666675,27.0,0.3333333333333333,2.0,0.5555555555555554,48.0,0.6666666666666666,4.0
45,DAJ Bracewell,0.0909090909090917,19.0,0.3333333333333333,0.6666666666666666,-0.2857142857142856,2.0,0.3333333333333333,2.0,0.7142857142857153,22.0,0.6666666666666666,2.0
298,DE Bollinger,1.4661383593917323,5.785714285714287,0.3826086956521739,2.933333333333333,2.340326340326341,67.0,0.4444444444444444,4.0,-0.0255399174957542,-5.720779220779221,0.5064102564102564,2.5901639344262297
253,DJ Bravo,0.1511761031767875,2.112403100775195,0.2930780559646539,1.5793650793650793,0.0087966463400999,-1.2373188405797109,0.3297297297297297,2.392156862745098,0.0655281617190048,11.550868486352355,0.495575221238938,2.488888888888889
208,DJ Hooda,-3.523530488921441,-30.3,0.2093023255813953,0.6428571428571429,-0.3137581893984515,-14.000000000000004,0.2521739130434782,2.0,-0.6446540880503147,-16.125,0.4027777777777778,1.9333333333333331
267,DJ Hussey,-4.574979287489644,-15.357142857142858,0.2941176470588235,0.9375,-0.5781818181818199,-3.375,0.2755555555555555,2.066666666666667,-2.451063829787236,-11.5,0.2571428571428571,1.0
456,DJ Muthuswami,7.3478260869565215,5.5,0.8333333333333334,2.5,-0.25,42.0,0.6666666666666666,1.3333333333333333,-0.4460431654676267,11.75,0.5072463768115942,2.333333333333333
90,DJ Willey,-0.8500000000000014,-4.666666666666666,0.3333333333333333,1.5,-2.9993098688750868,-2.0,0.217391304347826,0.8333333333333334,0.2782294489611558,-57.57142857142857,0.3950617283950617,2.4615384615384617
281,DJG Sammy,-3.377857142857142,0.5,0.1666666666666666,0.5714285714285714,-0.359977216631858,5.800766283524904,0.3602484472049689,2.1481481481481484,-2.3928571428571432,4.0,0.25,1.5
471,DL Chahar,0.9816388336073372,1.3903508771929811,0.2834645669291338,2.0,0.7424153870676395,-21.5,0.2873563218390804,2.272727272727273,-0.0625693258482256,1.7594771241830074,0.4786494538232373,2.3173076923076925
333,DL Vettori,1.3462849352419912,-7.090702947845804,0.3006134969325153,1.96,1.1968811515748028,-0.7354458364038301,0.35546875,3.4339622641509435,0.9652156361434424,11.166666666666664,0.4382022471910112,3.0
448,DNT Zoysa,1.3040877367896293,-2.25,0.3529411764705882,1.5,-1.9468085106382984,19.33333333333333,0.25,0.6,-0.9107981220657289,-18.25,0.4166666666666667,2.142857142857143
297,DP Nannes,-0.5113375443773336,-1.2296466973886329,0.3414634146341463,1.6666666666666667,-0.0141149804244786,-73.38235294117646,0.3369565217391304,2.2142857142857144,1.919797044685776,1.4634581105169353,0.5609756097560976,3.8333333333333335
369,DP Vijaykumar,1.33229813664596,-10.555555555555555,0.1304347826086956,0.6,1.567164179104477,-0.6666666666666679,0.3043478260869565,2.333333333333333,0.762191780821917,3.1666666666666643,0.53,2.523809523809524
309,DR Sams,-3.414376321353064,-24.041666666666664,0.2272727272727272,0.7142857142857143,-0.1444877253374397,-1.2814814814814817,0.3421052631578947,2.294117647058824,1.0891423985324469,-3.583333333333332,0.4943820224719101,3.142857142857143
259,DR Smith,-3.106291165114694,6.473214285714287,0.25,0.7083333333333334,0.3820510106889614,0.8698412698412703,0.3207070707070707,2.1166666666666667,-4.278201219512196,6.494117647058822,0.375,1.0434782608695652
5,DS Kulkarni,0.5312507301572484,-0.1238584474885833,0.3056379821958457,1.5147058823529411,-0.2769280587187648,8.159574468085108,0.3333333333333333,1.891891891891892,0.0042827054277871,1.7598584428715895,0.4955312810327706,2.376190476190476
328,DT Christian,-1.8367590987868283,-4.497822931785196,0.255,1.1333333333333333,0.0566687664203309,-3.881154499151105,0.3402061855670103,2.8947368421052637,-1.259164849907764,3.51923076923077,0.449438202247191,2.051282051282051
93,DW Steyn,1.8405494909849145,-0.1600512163892453,0.3516129032258064,2.037383177570093,1.162390495084816,-4.513106159895152,0.4458438287153652,3.2181818181818183,1.2734775947912675,-5.679292929292927,0.5571428571428572,3.565714285714286
533,FH Edwards,0.7059465357337693,-15.142857142857142,0.2978723404255319,1.2727272727272727,-0.0526315789473681,11.75,0.5,2.0,2.7074303405572757,-2.0,0.6578947368421053,5.555555555555555
442,Fazalhaq Farooqi,-4.252032520325205,-4.333333333333334,0.1666666666666666,0.4285714285714285,0.7969924812030076,-7.375,0.25,1.2,4.36923076923077,48.0,0.5,3.75
570,GB Hogg,2.94109589041096,-0.1614906832298146,0.4,2.769230769230769,-0.003832624786896,1.7665782493368702,0.315112540192926,2.5128205128205128,1.7695128339444732,24.000000000000004,0.5434782608695652,3.125
415,GC Viljoen,-1.5541051185159755,-6.300000000000001,0.2682926829268293,0.6875,0.9952153110047864,10.857142857142858,0.3508771929824561,2.857142857142857,0.04225352112676,35.333333333333336,0.3333333333333333,1.5
520,GD McGrath,0.1559127945386471,-17.623655913978492,0.2236842105263158,1.1333333333333333,0.5441176470588234,7.428571428571427,0.375,1.8,3.71965869165133,1.383838383838384,0.5906976744186047,3.96875
238,GHS Garton,1.833333333333334,-8.285714285714286,0.3333333333333333,3.0,2.1489361702127656,3.666666666666666,0.5833333333333334,3.5,-2.808146987608602,60.0,0.3050847457627119,1.2
401,GJ Maxwell,0.2022053113837536,-14.9375,0.1914893617021276,1.8,-0.310420821152797,-4.0530303030303045,0.3074141048824593,2.1794871794871797,-0.1608503228614957,-3.571428571428573,0.3910614525139664,1.891891891891892
71,GS Sandhu,-2.1363636363636367,-13.0,0.1666666666666666,0.5714285714285714,-1.5280748663101615,27.0,0.1176470588235294,0.6666666666666666,-0.5862068965517242,23.0,0.5,1.5
377,Gagandeep Singh,-4.677419354838708,-8.5,0.2083333333333333,0.5,-0.7245283018867923,-3.6428571428571423,0.320754716981132,1.8888888888888888,-3.8,9.0,0.5,1.5
282,HF Gurney,-1.7132075471698125,13.0,0.2452830188679245,0.7222222222222222,-0.6425368353619465,-10.142857142857142,0.2142857142857142,1.2857142857142858,3.079852579852579,-3.3999999999999986,0.4242424242424242,5.6
220,HH Pandya,-1.6098729582577125,3.0622895622895623,0.3289473684210526,1.2295081967213115,-0.0951340584416851,-0.3333333333333357,0.3293515358361775,2.218390804597701,-0.7919020715630891,-9.402597402597404,0.4212962962962963,1.75
288,HR Shokeen,-16.5,6.0,0.3333333333333333,0.4,-1.1749125437281354,-40.75,0.4137931034482758,3.0,-0.7891566265060241,-3.25,0.625,2.5
455,HV Patel,-0.1297256607561046,1.200603318250378,0.3360655737704918,1.690721649484536,0.4088499133986865,0.3060989643268108,0.3565989847715736,2.4867256637168142,-0.8114250321597023,0.9881422924901172,0.3884892086330935,1.7142857142857142
541,Harbhajan Singh,0.2086979581013004,0.8831168831168839,0.337037037037037,2.2195121951219514,0.6607669995669525,-0.9938612895357366,0.339186295503212,2.9774436090225564,0.0500978649016117,-1.386968085106382,0.4986876640419947,2.8358208955223883
607,Harmeet Singh,1.1583529411764708,-0.6680161943319831,0.368,2.421052631578948,-0.9829210551744127,-0.1333333333333328,0.3386075949367088,2.276595744680851,-2.061712846347607,3.8500000000000014,0.5,2.0
280,Harpreet Brar,-4.909090909090908,17.0,0.2,0.3333333333333333,0.4884510357105149,-3.2361111111111107,0.3697478991596639,3.3846153846153846,-2.779641900465247,-19.375,0.3414634146341463,1.1666666666666667
563,I Sharma,-0.9637836626212816,-9.316455696202532,0.2647058823529412,1.0421052631578946,-1.6183292122681472,-6.461221122112214,0.3104477611940298,1.824561403508772,0.3622345318856892,-1.4484848484848492,0.5207823960880196,2.730769230769231
193,I Udana,0.7948442534908704,-6.75,0.2105263157894736,1.5,-1.956043956043956,0.2222222222222214,0.2833333333333333,1.5454545454545454,-4.78344128414531,-1.375,0.3018867924528302,0.8888888888888888
340,IC Pandey,-0.4793491864831036,-9.166666666666668,0.2352941176470588,0.8888888888888888,-0.3098978191245987,-8.256250000000001,0.3354430379746835,1.7096774193548387,-0.2212600709710539,-1.6217948717948725,0.583011583011583,2.849056603773585
368,IK Pathan,0.1799877923912518,0.1735882223687106,0.2473347547974413,1.303370786516854,-0.1600113314447586,5.378205128205128,0.3392,2.07843137254902,0.4845061431894031,-6.09375,0.5639599555061179,2.755434782608696
402,IS Sodhi,6.342857142857144,8.0,0.5714285714285714,2.0,1.4074349442379177,1.5974025974025956,0.325,4.0,-1.9782608695652175,17.0,0.6666666666666666,2.6666666666666665
593,Imran Tahir,0.3071838199886194,-1.5887939221272551,0.2767295597484276,1.7254901960784317,-0.0058723092871524,7.729665071770338,0.3602150537634409,2.9130434782608696,0.3264159100734982,24.833333333333336,0.2592592592592592,1.0769230769230769
503,Iqbal Abdulla,-0.2731934731934728,-6.52910052910053,0.3333333333333333,1.8571428571428568,-0.4228057347295859,-2.257938446507086,0.3132295719844358,2.4029850746268657,0.46454020383959,9.770370370370372,0.4781021897810219,3.5405405405405403
532,J Botha,0.5450928381962861,0.2592592592592595,0.3365384615384615,2.333333333333333,0.4604363588207043,-3.4945054945054963,0.3678756476683937,4.057142857142857,-0.9176326029080482,-23.02380952380953,0.4052631578947368,2.264705882352941
354,J Suchith,-3.6818181818181817,-1.0,0.3333333333333333,1.0,-0.6725924000032508,5.446428571428573,0.3143712574850299,1.9444444444444444,-0.2857142857142847,26.4,0.4305555555555556,2.066666666666667
336,J Syed Mohammad,-3.615384615384615,1.5,0.2777777777777778,1.25,-1.7924836601307188,9.675,0.2026143790849673,1.24,4.333333333333333,34.0,0.6111111111111112,5.5
549,J Theron,1.85576923076923,-1.8181818181818183,0.2083333333333333,1.4285714285714286,2.758499824745882,10.884615384615383,0.3888888888888889,4.2,-1.3957219251336903,41.0,0.421875,1.588235294117647
647,J Yadav,-1.8260869565217392,-2.8000000000000007,0.4166666666666667,1.6666666666666667,0.0557404676637878,-32.875,0.3861386138613861,4.875,-0.5932773109243703,-13.7,0.4133333333333333,2.48
206,JA Morkel,-0.1899456521739146,3.294871794871796,0.2625,1.5272727272727271,0.6058689313435748,1.481818181818184,0.3584521384928716,2.8852459016393444,-0.9489500860585204,-1.2857142857142847,0.4411428571428571,1.9014778325123152
204,JA Richardson,-1.6315789473684212,0.6666666666666661,0.1666666666666666,0.5,-1.902325581395349,10.8,0.2666666666666666,1.1428571428571428,-1.521358159912376,5.666666666666668,0.5454545454545454,2.0
380,JC Archer,2.0633043265106004,-2.5162790697674406,0.2957317073170731,1.5396825396825398,2.2649557473776225,19.83333333333333,0.4615384615384615,3.6666666666666665,3.361418545676149,14.848416289592762,0.6331360946745562,4.863636363636363
467,JD Ryder,-2.271428571428572,-2.3181818181818183,0.24,0.75,-0.3104006163328208,-0.5888888888888886,0.35,2.8,-1.5999999999999996,24.0,0.5,1.5
527,JD Unadkat,-1.5172761618310524,1.6924019607843146,0.260948905109489,1.0671641791044777,-0.5664431556955236,-4.927766032417196,0.2843601895734597,1.7307692307692308,0.091212404107642,-4.353406593406596,0.4380403458213256,2.512396694214876
236,JDP Oram,1.616511127063891,2.305555555555556,0.3,1.75,-2.329991645781119,-35.0,0.3148148148148148,1.7,-2.0094339622641506,-8.833333333333332,0.3867924528301887,1.64
523,JDS Neesham,-4.333333333333332,6.0,0.0,0.0,-0.9195531871285088,4.571428571428573,0.2804878048780488,1.7037037037037035,-2.896177062374244,-6.600000000000001,0.4857142857142857,1.4166666666666667
139,JE Taylor,-0.8288920056100988,15.583333333333332,0.3478260869565217,1.4545454545454546,-0.0345536816125049,6.833333333333332,0.5294117647058824,3.0,0.9523809523809526,15.0,0.4791666666666667,3.2857142857142856
64,JEC Franklin,-2.459999999999999,0.3333333333333339,0.2916666666666667,1.1666666666666667,-1.2164434755527882,3.1999999999999997,0.2631578947368421,1.5,-2.422187981510014,8.666666666666668,0.1818181818181818,1.0
502,JH Kallis,-0.7782955948950185,-0.2529411764705891,0.2542857142857143,1.0853658536585369,-0.0926904158651984,-9.523076923076925,0.3325443786982248,2.361344537815126,-0.2137205935382491,3.860000000000003,0.4547244094488189,2.5384615384615383
299,JJ Bumrah,1.7355712679748765,-1.006910569105692,0.3153638814016172,1.9608938547486037,1.3406411556734517,8.89571150097466,0.393491124260355,3.2839506172839505,1.185157992059608,-3.215151515151515,0.51431718061674,3.220689655172414
41,JJ van der Wath,-0.5806451612903221,4.5,0.2727272727272727,0.8571428571428571,-3.997566909975669,27.666666666666664,0.2777777777777778,0.625,-2.0864864864864856,44.0,0.6,2.25
74,JL Pattinson,0.6633366633366631,0.5166666666666675,0.358974358974359,1.75,-1.1007865374062558,11.871794871794872,0.2816901408450704,1.5384615384615383,-1.2568477772788498,0.6999999999999993,0.4215686274509804,1.8695652173913044
608,JO Holder,0.2404654169360061,4.502898550724638,0.2669683257918552,1.5128205128205128,-0.0440264587980099,-0.2181400688863348,0.3068592057761732,2.361111111111111,-1.2880251864331775,-2.569047619047616,0.4376996805111821,1.9855072463768115
469,JP Behrendorff,-8.391304347826088,-0.25,0.3333333333333333,0.6666666666666666,2.446776611694153,11.785714285714285,0.4137931034482758,4.0,-3.394736842105264,7.333333333333332,0.4868421052631579,1.681818181818182
466,JP Duminy,-0.2435129740518959,-6.071428571428571,0.2592592592592592,1.4,0.0355496133922361,-4.034509803921569,0.3296943231441048,3.145833333333333,-0.7723360184119672,-28.753623188405797,0.4367088607594936,2.4642857142857144
166,JP Faulkner,0.1768331226295831,1.6287262872628716,0.2566964285714285,1.2637362637362637,-0.5032290162719022,0.6871794871794883,0.3265306122448979,2.031746031746032,-0.5930663763481103,6.443262411347519,0.4369747899159664,2.136986301369863
224,JPR Scantlebury-Searles,-8.304347826086957,5.5,0.3333333333333333,0.5,-3.0,-3.6000000000000014,0.1666666666666666,0.8333333333333334,-3.0,24.0,0.0,0.0
429,JR Hazlewood,-0.9584415584415602,1.3999999999999986,0.2922077922077922,1.25,0.1894010076506802,15.911764705882351,0.4057971014492754,3.111111111111111,1.5380952380952395,2.1710526315789487,0.4984126984126984,2.6166666666666667
28,JR Hopes,-2.3798076923076934,-0.2666666666666657,0.1826923076923076,0.7307692307692307,0.1069841269841287,-8.517857142857146,0.3422222222222222,1.8780487804878048,-2.141711229946525,0.6000000000000014,0.5294117647058824,1.8
146,JW Hastings,3.503225806451612,5.5,0.5,2.5,6.1875,36.0,0.5,3.0,0.4809523809523792,-18.5,0.5555555555555556,1.818181818181818
586,Jaskaran Singh,-1.7082228116710887,13.733333333333333,0.2758620689655172,0.6666666666666666,-2.078688524590163,-7.125,0.4,1.5,0.3899999999999997,0.0,0.475,2.7142857142857144
488,Joginder Sharma,-2.8382352941176485,-7.2857142857142865,0.2156862745098039,0.7333333333333333,-1.0337190742218674,5.433333333333334,0.2737430167597765,1.6896551724137931,-2.2048192771084327,17.5,0.4583333333333333,1.5714285714285714
421,K Gowtham,-4.235294117647058,-5.166666666666666,0.2352941176470588,0.5714285714285714,-0.1707285622179242,0.0714285714285729,0.3191489361702128,2.2058823529411766,0.2884466270354089,2.9107142857142847,0.3835616438356164,1.75
15,K Khejroliya,2.1283422459893053,-3.8000000000000007,0.1176470588235294,0.6666666666666666,-1.0175794455713325,-12.0,0.3103448275862069,1.8,-4.530405405405405,-3.666666666666666,0.3125,0.8333333333333334
567,K Rabada,0.2337337669520582,5.322222222222223,0.3562753036437247,1.6923076923076923,0.7433728098637253,7.393650793650796,0.4,3.136363636363636,-0.2968476357267953,3.4579124579124567,0.4413309982486865,2.230088495575221
538,K Santokie,-5.492753623188406,-11.0,0.217391304347826,0.625,1.260869565217391,9.333333333333334,0.5,1.5,-2.888888888888891,0.0,0.3888888888888889,1.75
637,KA Jamieson,-3.649122807017543,-8.5,0.2222222222222222,0.8,0.8762677484787016,16.77777777777778,0.4827586206896552,2.8,-1.1514907332796112,11.0,0.4607843137254901,1.88
632,KA Pollard,-1.6095493224078157,0.0431372549019606,0.2634730538922156,1.1428571428571428,-0.4601397867846248,1.9867284337047693,0.2765185856754306,1.90625,-2.492009520571236,0.6000000000000014,0.3529411764705882,1.2
514,KAJ Roach,-2.040650406504064,-4.333333333333334,0.1111111111111111,0.2857142857142857,-0.8085106382978724,6.800000000000001,0.5,3.0,1.282051282051281,8.0,0.6666666666666666,2.4
609,KC Cariappa,2.2638655462184865,5.5,0.2352941176470588,1.3333333333333333,-0.8676496401614884,-11.37037037037037,0.2654320987654321,1.4827586206896552,-2.587121212121211,8.0,0.3888888888888889,1.4
372,KH Pandya,1.1020166697341782,0.8975155279503095,0.3561643835616438,2.4761904761904763,0.5519774671414108,-9.714649681528662,0.2857142857142857,2.786324786324786,0.2829566294329195,-1.997536945812808,0.4159779614325068,2.3968253968253967
171,KJ Abbott,-3.0,-14.4,0.2083333333333333,0.5555555555555556,-1.7133271202236724,4.0,0.3448275862068966,1.25,-1.177235772357724,94.0,0.3170731707317073,1.181818181818182
384,KK Ahmed,0.3092002152097137,1.7278911564625847,0.3271889400921659,1.5777777777777775,-0.596878612716762,5.56023222060958,0.3526011560693641,2.103448275862069,-0.6560343995553612,9.703529411764706,0.4748010610079575,2.2098765432098766
168,KK Cooper,0.7268235294117638,-2.548780487804878,0.288,1.7142857142857142,0.3288247328938398,8.543859649122805,0.3254716981132075,2.6538461538461537,0.9307673918240482,0.1309523809523796,0.4831460674157303,3.071428571428572
618,KL Nagarkoti,-2.231460674157302,-15.166666666666666,0.3666666666666666,1.375,-2.036946713815388,-6.333333333333332,0.2203389830508474,1.3,-2.1684210526315777,84.0,0.4333333333333333,1.8571428571428568
113,KM Asif,-5.791505791505792,30.0,0.0,0.0,-3.5530303030303028,26.0,0.1666666666666666,0.75,1.25,40.0,0.625,2.142857142857143
175,KMA Paul,0.30944055944056,-4.055555555555555,0.3333333333333333,1.7777777777777777,-0.5642197853071389,1.6714285714285744,0.3177570093457944,2.4285714285714284,-0.7241379310344822,23.0,0.3333333333333333,1.0
258,KMDN Kulasekara,3.321428571428571,-4.666666666666666,0.3214285714285714,3.0,0.625,42.0,0.1666666666666666,0.5,0.6071428571428568,20.833333333333336,0.5303030303030303,2.5
383,KP Appanna,-4.826086956521739,3.333333333333334,0.1666666666666666,0.5,-0.3167908065545859,14.931818181818183,0.3243243243243243,2.608695652173913,-1.379084967320262,10.0,0.3529411764705882,1.2
360,KP Pietersen,-0.4772727272727266,-1.0,0.25,1.5,-0.3756497948016415,4.0,0.2790697674418604,2.769230769230769,3.666666666666665,9.0,0.6666666666666666,4.0
362,KR Sen,-2.6317907444668016,1.7777777777777786,0.3333333333333333,0.9333333333333332,0.0276309056796861,1.2666666666666693,0.3902439024390244,2.2857142857142856,-2.072289156626506,15.666666666666668,0.4166666666666667,1.4285714285714286
218,KV Sharma,-1.6642073778664006,-2.82051282051282,0.3294117647058823,1.1666666666666667,-0.3029605263157906,6.714104996837445,0.33125,2.427480916030534,0.4460405601158861,4.445714285714285,0.4013157894736842,2.652173913043478
145,KW Richardson,-0.6808238743140649,-0.1416666666666657,0.2641509433962264,1.12,-0.8170289855072443,-20.545454545454547,0.2592592592592592,1.75,-0.5444964871194378,4.729411764705883,0.5178571428571429,2.9
619,Kamran Khan,-1.5255504777731623,14.95,0.2758620689655172,1.1428571428571428,-0.1466639951913437,6.366666666666665,0.3043478260869565,2.333333333333333,-2.0887761572606216,9.388888888888888,0.4939759036144578,1.8636363636363635
16,Karanveer Singh,-4.527777777777777,6.771428571428571,0.375,1.2857142857142858,-1.4842671657503814,5.324786324786327,0.2951807228915662,1.8846153846153848,-6.25,12.0,0.5,1.2
416,Kartik Tyagi,1.683602001111728,8.291666666666668,0.3238095238095238,1.4782608695652173,-0.2185006181859048,-18.37333333333333,0.3548387096774194,2.095238095238096,-2.507975317266271,-5.9375,0.4444444444444444,1.6470588235294117
262,Kuldeep Yadav,1.95369104579631,5.6410256410256405,0.3238636363636363,1.9655172413793105,-0.2792862123394135,-0.9883468834688324,0.2969569779643232,1.9652777777777777,2.5768194070080863,178.0,0.3396226415094339,3.0
548,L Ablish,3.8877005347593583,6.75,0.2941176470588235,2.5,-4.785714285714285,30.0,0.1666666666666666,0.3333333333333333,-6.699999999999999,3.0,0.25,0.5
651,L Balaji,-1.8491548807954248,-2.085789599808292,0.2296450939457202,1.0476190476190477,0.0244950777344739,3.623241590214068,0.3613138686131387,2.8285714285714287,0.1430092059838896,-1.166666666666668,0.5204545454545455,2.8271604938271606
17,L Ngidi,2.909553606179456,6.399159663865547,0.3307086614173228,1.6153846153846154,0.9189189189189192,14.666666666666668,0.3666666666666666,2.75,0.927299392415672,7.660714285714285,0.5193798449612403,2.68
598,LE Plunkett,0.5959520239880067,-12.454545454545457,0.2391304347826087,1.375,-0.2255033557046974,-43.44444444444444,0.3166666666666666,1.9,-0.6482856132909145,-11.428571428571429,0.2195121951219512,1.0
524,LH Ferguson,-1.6341991508772455,-4.821794871794872,0.296137339055794,1.2777777777777777,0.4457131519086914,0.1154228855721406,0.4332247557003257,2.66,-0.6412723997345218,16.482051282051284,0.4575471698113207,2.0638297872340425
557,LJ Wright,1.104619565217391,-7.0,0.1304347826086956,0.6,0.205266565939997,4.200000000000003,0.2195121951219512,1.2857142857142858,-2.275862068965518,23.0,0.3333333333333333,1.0
571,LR Shukla,-0.57683024939662,5.569444444444445,0.3376623376623376,1.7333333333333334,-0.931733930195147,-2.1388888888888893,0.3725490196078431,2.303030303030303,-5.234452554744526,2.3999999999999986,0.28,1.0
337,LS Livingstone,-1.5,-3.75,0.4166666666666667,1.6666666666666667,-1.1008695652173923,-1.0,0.25,1.5789473684210529,4.0,18.0,0.5,3.0
465,Lalit Yadav,-0.8478260869565215,-0.5,0.4166666666666667,2.5,-0.4772223590248705,-7.881818181818183,0.2519083969465648,2.0625,0.9840909090909092,-0.428571428571427,0.4166666666666667,2.857142857142857
440,M Ashwin,2.0789315726290525,-7.666666666666666,0.3193277310924369,1.809523809523809,0.119311246684294,5.096153846153847,0.3210272873194221,2.469135802469136,0.2003745318352052,-4.0,0.4719101123595505,1.75
169,M Jansen,-2.4631578947368418,-0.9444444444444446,0.217391304347826,0.8333333333333334,-0.7551028624340752,2.4912280701754383,0.288135593220339,1.7,-0.8315504400812461,-8.818181818181817,0.4928571428571429,2.6538461538461537
179,M Kartik,1.8939784682140088,-5.036764705882353,0.1895424836601307,1.6111111111111112,0.1625833054860246,-10.383881230116646,0.3362609786700125,3.0454545454545454,0.3484392113910193,10.47826086956522,0.4829545454545454,2.65625
441,M Morkel,0.1664830058754542,1.905555555555555,0.2931937172774869,1.5555555555555556,-0.1939148936170198,-4.90909090909091,0.3586626139817629,2.2264150943396226,0.2316200888979711,0.0454545454545467,0.5382882882882883,2.914634146341464
339,M Muralitharan,1.678362573099415,-0.4891304347826093,0.3814814814814815,2.395348837209302,1.386454677287972,-3.441095260009206,0.3947614593077642,3.94392523364486,1.3002506143701795,-25.20833333333333,0.5136986301369864,3.409090909090909
207,M Ntini,0.947368421052632,-2.166666666666666,0.3142857142857143,1.5714285714285714,-0.31924882629108,10.4,0.4444444444444444,2.6666666666666665,0.4744471744471736,-6.0285714285714285,0.5405405405405406,2.962962962962963
405,M Prasidh Krishna,-0.1264540576977388,-4.506566604127579,0.3410852713178294,1.346938775510204,-0.4611903187655386,5.897926634768741,0.365296803652968,1.7777777777777777,-0.0959129139280978,-1.9097222222222212,0.4990512333965844,2.390909090909091
205,M Theekshana,6.22429906542056,-0.7727272727272734,0.4047619047619047,4.25,-0.4734165923282782,-16.928571428571427,0.2763157894736842,2.1,-0.6693418940609952,9.666666666666666,0.3033707865168539,1.9285714285714288
57,M de Lange,-2.905617977528088,7.800000000000001,0.2333333333333333,0.7777777777777778,-2.329411764705883,4.666666666666668,0.2352941176470588,1.3333333333333333,0.2542372881355934,29.5,0.4745762711864407,2.1538461538461537
119,MA Starc,2.45866935483871,4.55844155844156,0.3333333333333333,2.3703703703703702,0.8571887034659831,6.638888888888889,0.3536585365853658,2.636363636363636,1.0496453900709213,-12.242424242424242,0.4929078014184397,2.9574468085106385
638,MC Henriques,0.5243902439024382,-7.0518518518518505,0.28125,1.2857142857142858,-0.1393646972855631,2.352777777777778,0.296583850931677,1.9895833333333333,-0.1426403641881632,7.621212121212121,0.4378109452736318,2.0
243,MF Maharoof,0.2693023255813962,1.7139423076923077,0.29,1.6111111111111112,1.327868852459016,7.46153846153846,0.3958333333333333,4.75,-0.4448332087777702,10.733766233766234,0.4817073170731707,2.46875
7,MG Johnson,-0.0054692834003979,3.548356807511737,0.3698630136986301,1.6615384615384616,-0.0457745254210166,-16.790697674418606,0.3961038961038961,2.259259259259259,-0.2747428199165389,-0.4542606516290739,0.497553017944535,2.3461538461538463
200,MG Neser,-8.833333333333334,6.0,0.1666666666666666,0.3333333333333333,-0.2272727272727275,38.0,0.3333333333333333,1.0,-9.93103448275862,23.0,0.1666666666666666,0.3333333333333333
509,MJ McClenaghan,1.1245131918161366,2.286865431103948,0.307909604519774,1.676923076923077,-0.5833172541743963,-3.643449419568825,0.368,1.7692307692307692,-0.3267927786220719,7.884973404255319,0.4758942457231726,2.372093023255814
8,MJ Santner,3.25,4.0,0.4166666666666667,2.5,0.3756550519444692,-0.428571428571427,0.3221476510067114,4.0,0.0463622399106276,-15.25,0.4805194805194805,2.3125
103,MM Ali,2.5752979414951227,-7.666666666666666,0.3333333333333333,2.6,0.7072199947320668,7.236660389202761,0.351063829787234,3.3,1.5488695032935729,-18.166666666666668,0.5365853658536586,4.4
201,MM Patel,-1.494550890503442,-1.3144499178981943,0.2847682119205298,1.162162162162162,0.9385106644287068,7.839743589743591,0.4,3.7142857142857135,-0.5860374414976608,0.1258706467661703,0.5429017160686428,2.87603305785124
223,MM Sharma,-0.3179544988727194,-0.0484949832775924,0.2607843137254902,1.1981981981981982,0.5370329359248656,-3.77486631016043,0.3317972350230415,2.3225806451612905,-0.5826664110796953,3.555120910384065,0.4621212121212121,2.165680473372781
373,MN Samuels,-1.977786918963389,1.7166666666666668,0.2745098039215686,1.2727272727272727,-0.7351256761056328,-7.46153846153846,0.3214285714285714,2.076923076923077,-0.226923076923077,-2.0,0.4871794871794871,3.4545454545454546
560,MP Stoinis,-1.4892518539378583,6.140583554376656,0.2537313432835821,0.8095238095238095,-0.8435566968244554,-2.764880952380953,0.2544080604534005,1.463768115942029,-1.1252439817826936,28.73333333333333,0.2830188679245283,1.2
14,MR Marsh,0.4101085481682496,2.404040404040403,0.3068181818181818,1.2857142857142858,0.5321109912736546,4.530791788856305,0.3317972350230415,2.769230769230769,-3.655645161290322,5.833333333333332,0.4875,1.7727272727272727
310,MS Gony,0.1313203247400647,-2.4396551724137936,0.2966101694915254,1.2962962962962965,-0.4162327397833465,14.80879120879121,0.3576642335766423,2.130434782608696,-1.279700773424623,-3.2614379084967347,0.4497907949790795,1.8695652173913044
498,Mohammad Asif,-0.9475324675324686,-2.25,0.2,0.7857142857142857,0.7698833510074241,-21.285714285714285,0.3414634146341463,2.0,-1.3806179775280896,-5.666666666666668,0.4382022471910112,1.56
454,Mohammad Nabi,-1.2329227323628211,-1.666666666666667,0.2631578947368421,1.25,-0.4306501547987613,-23.321428571428573,0.3157894736842105,2.25,1.736421214253726,10.9,0.4693877551020408,3.631578947368421
25,Mohammed Shami,-0.3359895918035445,4.03655462184874,0.2737030411449016,1.1590909090909092,-0.3308686539357248,-0.2513562386980084,0.3098958333333333,1.859375,0.8823623761241919,-4.360890302066771,0.499054820415879,2.4788732394366195
152,Mohammed Siraj,-0.3629343076151574,-2.9671669793621014,0.2938271604938272,1.2659574468085106,0.9737919652370116,-2.2833065810593887,0.4321766561514195,3.261904761904762,-0.3835666690117474,4.642857142857139,0.476027397260274,2.0291970802919708
451,Mohsin Khan,2.1125000000000007,4.945454545454545,0.375,2.25,2.390243902439024,-1.9565217391304337,0.4444444444444444,6.0,3.666099290780142,12.458333333333334,0.6702127659574468,5.25
434,Mujeeb Ur Rahman,-2.019607843137255,-5.020689655172415,0.3333333333333333,1.263157894736842,0.43772269658845,7.095652173913042,0.2920353982300885,2.5384615384615383,1.6658184902459707,20.085714285714285,0.4351145038167939,3.0
353,Mukesh Choudhary,-2.8910769230769238,-3.875,0.1794871794871795,0.6363636363636364,-0.8612538540596084,16.88888888888889,0.4047619047619047,1.8888888888888888,-0.804304828388597,9.636363636363637,0.4921465968586387,2.136363636363636
628,Mustafizur Rahman,0.912320847886308,-2.6364567332309274,0.3272311212814645,1.9066666666666667,0.602428180574555,0.7950819672131146,0.3255813953488372,2.210526315789474,1.0894909688013137,1.0,0.4404761904761904,3.083333333333333
47,N Rana,8.058823529411764,11.0,0.3333333333333333,1.0,-1.1869323879606206,9.12962962962963,0.2376237623762376,1.0909090909090908,7.316638370118844,105.0,0.7368421052631579,4.666666666666667
19,ND Doshi,-0.8999999999999995,-4.5,0.5,3.0,-1.476923076923076,64.0,0.3846153846153846,2.5,-0.6439393939393927,11.333333333333332,0.4444444444444444,1.3333333333333333
245,NLTC Perera,-2.856637168141594,-1.8730158730158732,0.247787610619469,0.918032786885246,-0.7686193732070841,-5.078571428571426,0.3204225352112676,2.022222222222222,-0.9224084121572956,2.590909090909093,0.4519774011299435,2.2857142857142856
504,NM Coulter-Nile,-0.8682403060337336,3.5629370629370616,0.3292181069958848,1.5384615384615383,0.6149716988652978,3.916666666666668,0.4214876033057851,2.914285714285714,0.7315113759658622,-1.5076923076923094,0.5269121813031161,2.735294117647059
72,NT Ellis,-2.7371007371007376,1.333333333333334,0.2727272727272727,1.125,0.1197411003236235,-15.4,0.3055555555555556,1.8333333333333333,0.3600000000000003,0.0,0.5666666666666667,2.833333333333333
555,Navdeep Saini,2.2255639097744364,-2.25,0.3684210526315789,1.8,-1.3399178457325416,-34.25641025641026,0.3885714285714285,1.837837837837838,-0.3527306967984929,-6.51923076923077,0.4888888888888889,2.2
508,O Thomas,3.98936170212766,3.4000000000000004,0.25,1.5,3.594258373205742,20.666666666666668,0.2727272727272727,1.5,-2.25,-6.0,0.34375,1.1
357,OC McCoy,1.2994350282485885,3.875,0.4067796610169492,2.4,-1.4851460637068818,-3.333333333333336,0.216867469879518,1.2,2.6999999999999997,18.0,0.4166666666666667,1.6666666666666667
39,OF Smith,-6.134217067108533,13.5,0.3529411764705882,0.8571428571428571,-3.418867924528304,2.444444444444443,0.3518518518518518,1.1176470588235294,-0.2941176470588234,33.0,0.5555555555555556,2.0
485,P Amarnath,-4.988586479367866,-9.555555555555555,0.1764705882352941,0.5,-3.1944039372949327,9.041666666666668,0.2211538461538461,0.8518518518518519,-2.3999999999999986,9.0,0.5,0.75
96,P Awana,-1.1030377668308713,1.9285714285714288,0.3095238095238095,1.238095238095238,0.4012850701469759,2.213500784929358,0.3920265780730897,2.744186046511628,-0.7771933306867806,15.492857142857144,0.4659090909090909,2.2363636363636363
80,P Kumar,-0.8490117306047509,-0.4358101720552092,0.242530755711775,1.0454545454545454,0.0150480108837811,1.845238095238095,0.352112676056338,2.358490566037736,1.0785180448423324,-10.690575479566306,0.5314136125654451,3.159533073929961
107,P Negi,-1.1232182451694648,7.844444444444443,0.3246753246753247,1.25,0.1874716001298271,3.833333333333332,0.3299145299145299,2.643835616438356,-1.4906832298136647,9.0,0.4523809523809524,1.7272727272727273
75,P Parameswaran,-1.7885532591414943,3.9333333333333336,0.3243243243243243,1.3333333333333333,0.307198186283772,-15.571428571428571,0.430379746835443,2.6153846153846154,-2.9432624113475185,17.25,0.5,1.8
345,P Sahu,-1.4303405572755403,-9.875,0.1764705882352941,1.0,0.6422413793103452,2.333333333333332,0.2375,1.7272727272727273,-3.1448275862068966,24.0,0.4,0.6666666666666666
266,P Suyal,2.047826086956521,17.0,0.217391304347826,1.25,0.2258064516129039,3.5,0.5,3.0,0.4534482758620672,-34.0,0.4310344827586206,1.6666666666666667
396,PJ Cummins,-0.1922399236473104,-1.492857142857142,0.3073929961089494,1.3859649122807018,0.206527758549079,7.293333333333333,0.2983870967741935,2.0,-0.1614718614718624,-0.19736842105263,0.4547619047619047,2.2209302325581395
109,PJ Sangwan,-0.8442445307708031,-4.153594771241831,0.3059701492537313,1.5769230769230769,-0.746733553756699,7.7883295194508015,0.3268156424581006,1.8571428571428568,-1.035335721086275,3.027243589743591,0.4666666666666667,2.0125
342,PP Chawla,0.7689753320683099,1.3748251748251743,0.3357843137254901,1.8266666666666669,0.0364105354911767,3.091246532876486,0.3379087605974969,2.331476323119777,1.199165797705943,14.228571428571428,0.4649859943977591,2.4776119402985075
491,PP Ojha,0.4392884764114466,1.1542857142857148,0.2508960573476702,1.3461538461538465,0.2449706118575996,4.518181818181819,0.3678332092330603,3.4545454545454546,-1.327740226215142,-8.764285714285716,0.4364406779661017,2.191489361702128
516,PV Tambe,0.0460860725177898,-0.5833333333333321,0.1923076923076923,0.8823529411764706,0.5826937107835981,2.93888888888889,0.3191919191919192,2.7241379310344827,-2.007287449392712,-0.958333333333332,0.4078947368421052,1.8235294117647056
50,PVD Chameera,-0.1827586206896558,-4.125,0.3166666666666666,1.1875,-0.2340305257207466,-43.36,0.3620689655172414,1.75,-0.0425531914893611,3.3571428571428577,0.5460992907801419,2.333333333333333
142,PWH de Silva,1.8327272727272736,3.0357142857142865,0.3866666666666666,2.071428571428572,0.5447538403083092,6.6822580645161285,0.4007490636704119,2.9722222222222223,-3.3879194630872487,44.5,0.4,1.2
473,Pankaj Singh,-2.882961783439491,-34.916666666666664,0.1666666666666666,0.5333333333333333,-2.1466666666666665,-27.875,0.31,1.3478260869565215,-0.4720153224090229,23.833333333333336,0.4864864864864865,2.3225806451612905
543,R Ashwin,1.5613040225279011,-3.9105254322645617,0.311284046692607,2.5806451612903225,0.8160956126559213,-3.4825800789820107,0.3236062717770034,3.1350210970464136,1.7202486389330272,8.46598639455782,0.4557692307692307,3.3380281690140845
605,R Bhatia,0.1370235934664236,-1.1904761904761916,0.2675438596491228,1.7941176470588236,-0.4801512055159982,0.9635305298170564,0.2717948717948718,2.48993288590604,-5.568965517241379,46.0,0.3333333333333333,0.8
261,R Dhawan,-0.4038461538461533,-11.741379310344827,0.1777777777777777,0.9411764705882352,-0.2449332285938723,-0.4102564102564088,0.3059701492537313,2.510204081632653,0.028911564625849,-4.118421052631579,0.4343434343434343,2.5294117647058822
331,R McLaren,-1.384615384615385,-0.9523809523809526,0.2051282051282051,0.8421052631578947,-0.4303530599518943,-15.05797101449275,0.2773109243697479,1.375,-2.171538040503558,-12.625,0.4620689655172413,1.8611111111111112
529,R Parag,-1.9285714285714304,11.0,0.0,0.0,-1.8096072931276304,-7.48,0.2083333333333333,1.0344827586206895,3.3636363636363638,-2.333333333333333,0.1666666666666666,0.5
10,R Rampaul,-2.2154582763337896,-3.697368421052632,0.3333333333333333,1.4166666666666667,3.210566037735849,9.833333333333332,0.38,9.5,1.9302197802197811,2.1999999999999997,0.5875,3.76
591,R Sharma,0.4359411053730344,-8.355555555555556,0.2960526315789473,1.7307692307692308,0.4032192105736669,7.286184210526315,0.3731563421828908,3.3289473684210527,0.1394878706199467,-2.7777777777777786,0.4090909090909091,2.769230769230769
301,R Shepherd,0.6666666666666661,3.0,0.3333333333333333,1.3333333333333333,-2.3401574803149607,-8.833333333333332,0.3666666666666666,1.2222222222222223,-1.0,18.0,0.6666666666666666,2.6666666666666665
268,R Shukla,-3.657384987893464,-4.166666666666666,0.25,0.7777777777777778,-2.4117647058823533,-14.666666666666668,0.2941176470588235,1.1111111111111112,-0.91287284144427,36.0,0.4038461538461538,1.75
522,R Tewatia,2.2775775054073533,1.73076923076923,0.3947368421052631,3.75,0.3815740487950156,-1.2462229481421012,0.3062015503875969,2.2149532710280373,0.8389830508474585,47.0,0.4166666666666667,2.5
127,R Vinay Kumar,-1.0301570849478807,0.7336642807665665,0.2581648522550544,1.1608391608391608,-0.2510751810114877,2.8519736842105274,0.3532763532763532,2.175438596491228,-0.1584016021889986,4.262764632627643,0.4690860215053763,2.585185185185185
296,RA Jadeja,1.1377654931626413,-4.768942235558889,0.3279022403258655,2.037974683544304,0.0400721944531401,-0.8684047852805357,0.3231011412829594,2.623003194888179,-1.3413583871599144,-3.1133333333333333,0.4198473282442748,2.037037037037037
147,RD Chahar,2.404533565823888,3.033333333333333,0.3870967741935484,3.6,0.1809790627123995,2.3944444444444457,0.3531157270029673,2.664179104477612,-0.058277027027028,37.866666666666674,0.515625,2.2
412,RE van der Merwe,0.7466666666666661,-1.015037593984962,0.1888888888888888,2.125,0.5785362197688153,6.321428571428573,0.3778501628664495,4.833333333333333,-2.257142857142858,13.0,0.4285714285714285,1.5
126,RG More,0.625,-2.0,0.1875,1.5,0.2804878048780495,29.0,0.0833333333333333,0.5,-4.034482758620689,23.0,0.0,0.0
492,RG Sharma,-0.3706896551724128,4.742857142857143,0.2708333333333333,1.625,-0.7961068110177738,-12.318452380952383,0.2245762711864407,1.962962962962963,-0.1699819168173615,5.125,0.4489795918367347,2.75
240,RJ Harris,0.000872285958092,0.8458994708994716,0.2943396226415094,1.471698113207547,0.0737591393693426,4.5,0.3816793893129771,2.380952380952381,0.7284438337341115,0.0935960591133024,0.5756097560975609,3.2777777777777777
478,RJ Peterson,-3.634146341463413,-3.1428571428571432,0.2777777777777778,0.8333333333333334,0.6853932584269664,-0.1999999999999993,0.5555555555555556,3.333333333333333,3.3000000000000007,48.0,0.5,3.0
321,RP Meredith,-0.7764435360245283,3.0,0.3552631578947368,1.5,0.1927767354596623,-14.166666666666664,0.4134615384615384,2.263157894736842,-0.2856014220817684,-18.03846153846154,0.4457831325301205,2.055555555555556
183,RP Singh,1.1493975903614455,2.0090909090909097,0.28515625,1.5051546391752575,-0.6715152428684483,-0.8441176470588232,0.3361344537815126,1.951219512195122,-0.3123658314974022,-7.112732919254658,0.5291113381001021,2.815217391304348
79,RR Powar,-0.96875,-2.8571428571428577,0.4166666666666667,2.5,-0.0186204965465739,-16.990881458966566,0.3181818181818182,2.896551724137931,0.0106029106029108,-1.333333333333332,0.5538461538461539,2.769230769230769
122,RR Raje,-0.2928600242033088,-28.625,0.2162162162162162,1.1428571428571428,-2.424016167967215,0.8115942028985526,0.2872340425531915,1.5,-3.8000000000000007,9.0,0.6666666666666666,1.3333333333333333
464,Rashid Khan,1.8528422822317951,-3.343406593406595,0.3844086021505376,2.6,2.074415340880331,5.147832267235252,0.3917396745932415,4.173333333333333,0.4392290249433097,10.808429118773944,0.423469387755102,2.515151515151515
531,Rasikh Salam,-4.181818181818183,5.0,0.0,0.0,1.75,36.0,0.3333333333333333,2.0,1.6894736842105251,8.0,0.4,2.0
487,Ravi Bishnoi,2.9489042933810365,-0.6786324786324798,0.3875968992248062,2.272727272727273,-0.1946495452113428,-2.9499999999999997,0.353968253968254,2.623529411764706,0.41023498694517,6.916666666666668,0.4933333333333333,2.3125
606,S Aravind,-0.4454935622317606,4.251785714285715,0.296551724137931,1.4333333333333331,-0.6090380006846967,8.672727272727272,0.3260869565217391,1.6216216216216215,-0.1916104764773578,1.115800865800864,0.4463007159904534,2.460526315789474
241,S Badree,6.434782608695652,17.0,0.3333333333333333,1.0,-1.2870174510840826,2.434210526315791,0.3225806451612903,2.142857142857143,0.0936783804430856,5.199999999999999,0.5,2.75
291,S Gopal,4.800687285223367,7.166666666666668,0.2777777777777778,5.0,-0.1816319247509863,8.055050505050506,0.3130659767141009,2.0508474576271185,0.808014367007809,19.958333333333336,0.4424778761061947,2.1739130434782608
162,S Kaul,1.1631156786564745,2.266900790166813,0.2623762376237624,1.4324324324324325,-0.61680644079168,-5.377551020408163,0.3272727272727272,1.9726027397260275,-1.3727000427899014,4.692307692307693,0.4005847953216374,1.630952380952381
177,S Kaushik,-1.5728518057285168,2.333333333333332,0.1818181818181818,0.4444444444444444,1.500474580786971,19.791666666666668,0.3540372670807453,2.590909090909091,-4.668146503884575,36.0,0.4117647058823529,0.875
82,S Ladda,-2.3636363636363638,0.375,0.3333333333333333,1.2,-1.692710515291159,-66.05263157894737,0.3452380952380952,2.071428571428572,-0.5975935828877006,27.0,0.4117647058823529,1.4
597,S Lamichhane,-2.6571428571428566,-20.454545454545453,0.2666666666666666,1.3333333333333333,-0.8637298891891216,4.5773809523809526,0.308411214953271,2.2,0.1760238852469662,21.966666666666665,0.4788732394366197,2.0
227,S Nadeem,0.6062562065541197,-8.658536585365853,0.2456140350877192,1.5555555555555556,0.7944047370441965,1.0112359550561791,0.3157894736842105,2.7857142857142856,-0.1397129186602868,-1.4567567567567572,0.3804713804713804,2.0545454545454547
21,S Narwal,-9.696078431372548,2.333333333333334,0.1666666666666666,0.3333333333333333,-3.6727272727272737,38.0,0.3181818181818182,1.4,-1.3260989010989004,6.149999999999999,0.4153846153846154,1.588235294117647
482,S Randiv,-1.371428571428572,4.0,0.3333333333333333,2.0,-0.1875,-3.1999999999999997,0.3472222222222222,2.631578947368421,-0.6034482758620676,46.0,0.3333333333333333,1.3333333333333333
472,S Sreesanth,-1.7281414237935984,-2.9444444444444446,0.2769230769230769,1.0285714285714285,0.4259563310216387,-11.804761904761904,0.4244186046511627,2.703703703703704,0.3787735035363111,5.455172413793104,0.5169340463458111,2.761904761904762
157,S Tyagi,-7.233201581027668,0.5,0.0909090909090909,0.1666666666666666,1.1206896551724128,-12.153846153846152,0.5,3.0,-0.8740740740740751,-11.328571428571426,0.4753086419753086,2.2
52,SA Abbott,-3.956521739130436,17.0,0.3333333333333333,0.6666666666666666,-1.3190476190476197,17.0,0.2222222222222222,0.8,-2.8000000000000007,48.0,0.2333333333333333,0.7777777777777778
124,SB Bangar,-2.9983060417843035,-3.75,0.0869565217391304,0.2,-0.4369747899159666,-8.53846153846154,0.3888888888888889,2.1,2.105614973262033,20.83333333333333,0.6470588235294118,5.5
564,SB Jakati,-1.4103260869565215,-1.9521531100478475,0.296875,1.52,-0.7580989502591127,1.7868903386144763,0.3116113744075829,2.390909090909091,-0.7472261735419625,-68.0909090909091,0.3789473684210526,1.6363636363636365
621,SB Styris,-0.6197240259740262,3.690476190476192,0.328125,1.3125,0.8082607548165743,-84.61111111111111,0.4074074074074074,3.3846153846153846,1.552941176470588,-17.714285714285715,0.4285714285714285,4.5
316,SC Ganguly,-7.909090909090908,3.666666666666666,0.0909090909090909,0.2,0.428468208092486,8.833333333333332,0.2833333333333333,2.2666666666666666,-3.9333333333333336,12.0,0.3333333333333333,1.5
23,SC Kuggeleijn,-4.0,-3.0,0.4583333333333333,2.2,-3.466666666666666,72.0,0.2777777777777778,1.6666666666666667,-4.2,24.0,0.1666666666666666,0.5
633,SD Chitnis,7.0,18.0,0.3333333333333333,1.0,2.379933110367894,42.0,0.217391304347826,1.0,-3.8000000000000007,25.0,0.4,1.0
225,SE Bond,0.0628930817610058,-14.76923076923077,0.2777777777777778,1.3636363636363635,1.2173913043478262,11.09090909090909,0.4285714285714285,3.0,2.843906655142609,16.75,0.4719101123595505,3.0
602,SJ Srivastava,0.012176560121766,0.7333333333333325,0.3518518518518518,1.5833333333333333,-0.8536246276067532,-8.84375,0.3157894736842105,1.6666666666666667,-1.8756255792400385,10.888888888888886,0.4153846153846154,1.6363636363636365
542,SK Raina,-0.8731724297980961,-4.526315789473685,0.2903225806451613,1.7142857142857142,-0.1721782178217816,-14.630252100840336,0.3171428571428571,2.611764705882353,2.8236263736263734,-0.5,0.3384615384615385,2.4444444444444446
393,SK Trivedi,0.3098057563242129,-0.8266666666666662,0.2953020134228188,1.76,-0.0922464428630407,-1.7738735014468787,0.3285577841451766,2.84297520661157,-1.7823881700554516,1.4642857142857153,0.48,1.935483870967742
256,SK Warne,0.2576506157363027,-2.979411764705881,0.3286384976525822,1.794871794871795,0.3219276616729303,4.035383029886635,0.3709677419354839,3.484848484848485,-1.9748184019370465,-5.5,0.3142857142857143,1.2222222222222223
432,SL Malinga,1.6680308766185783,3.5301486199575365,0.3252788104089219,2.287581699346405,0.6049458243267125,2.5990516332982097,0.3569023569023569,2.6835443037974684,1.068050693673494,-4.761764705882353,0.5369003690036901,3.527272727272728
641,SM Boland,5.525735294117647,23.5,0.2941176470588235,2.5,-2.7234042553191484,41.0,0.0,0.0,0.0,9.0,0.5,1.8
595,SM Curran,-1.8062285651067589,1.7873015873015865,0.2801932367149758,1.16,-1.2015887394606644,9.15,0.2831858407079646,1.5238095238095235,0.5891509433962261,-8.666666666666668,0.3993710691823899,2.048387096774193
176,SM Harwood,-3.2857142857142847,-5.333333333333332,0.2916666666666667,1.1666666666666667,3.072192513368984,27.0,0.6470588235294118,5.5,4.423529411764706,-5.857142857142858,0.8333333333333334,7.5
320,SM Pollock,2.6363636363636367,16.0,0.1666666666666666,0.5,-0.4864304235090761,1.5500000000000007,0.3692307692307692,2.1818181818181817,1.665024630541872,-3.912698412698415,0.5172413793103449,3.888888888888889
43,SMSM Senanayake,-0.2608695652173907,-1.2777777777777786,0.2608695652173913,1.5,-2.7763975155279503,9.0,0.2619047619047619,1.5714285714285714,1.05508280254777,21.083333333333336,0.448,4.666666666666667
583,SN Thakur,-0.3649747005700394,-1.244831591173055,0.3,1.3928571428571428,-0.3087987332821651,2.002201834862383,0.3706720977596741,2.3037974683544302,-1.2027444625545272,1.666666666666668,0.4357976653696498,1.851239669421488
460,SP Narine,2.7599489418380934,-1.6963924963924963,0.3782327586206896,2.8306451612903225,1.4857375190971362,-0.6163414355814218,0.3731796116504854,4.046052631578948,1.1442355647895912,1.6070833333333354,0.4765906362545018,3.2540983606557377
477,SR Watson,0.3292515081115912,0.5719536330223356,0.3180212014134275,1.44,0.6692685995310805,-11.921716054842989,0.3416252072968491,2.452380952380953,0.5319919236928232,-0.1394625176803394,0.5129151291512916,2.656050955414013
209,SS Cottrell,-0.4358974358974379,0.75,0.2777777777777778,0.625,2.9617441382147263,126.0,0.2941176470588235,2.5,0.8701298701298699,5.399999999999999,0.5714285714285714,2.6666666666666665
95,SS Sarkar,0.6000000000000005,17.0,0.3076923076923077,2.0,-3.0,17.0,0.0,0.0,-9.827586206896552,23.0,0.0,0.0
138,ST Jayasuriya,-0.6203991575569159,0.6136363636363633,0.2711864406779661,1.7777777777777777,-0.0384915404685681,-1.0495495495495497,0.2876106194690265,2.321428571428572,-0.068965517241379,23.0,0.3333333333333333,1.0
475,STR Binny,-1.6481927710843385,-10.77777777777778,0.1666666666666666,1.0,0.0656800974215068,5.671232876712328,0.3288770053475935,2.320754716981132,-0.0594361188722372,-0.1325757575757578,0.4258064516129032,2.4444444444444446
105,SW Tait,0.9972247918593896,1.4285714285714288,0.3546099290780142,2.083333333333333,-1.4114320187014542,0.6730769230769234,0.4157303370786517,2.055555555555556,1.63516784173419,-10.071428571428571,0.5113122171945701,2.825
435,Sandeep Sharma,-0.1681697216902531,0.4064475347661194,0.2602150537634408,1.2604166666666667,0.0671752422207863,5.514444444444443,0.3126338329764453,2.246153846153846,1.200334894105243,4.423824593128391,0.5084870848708487,2.894957983193277
462,Shahbaz Ahmed,3.811797752808989,3.888888888888889,0.25,3.0,-1.9078220585615016,-7.231111111111112,0.2256637168141592,1.5,-0.4991883116883109,-49.92307692307692,0.3636363636363636,1.75
133,Shahid Afridi,1.381798002219755,-7.363636363636363,0.2352941176470588,1.3333333333333333,1.2255639097744346,14.25,0.3333333333333333,2.375,-0.0483193277310913,-0.1999999999999993,0.4583333333333333,2.2
295,Shakib Al Hasan,-0.744958782498415,-2.1792717086834728,0.2473684210526315,1.4242424242424243,0.6103282740059264,0.3528178854215191,0.3056558363417569,3.175,-0.39303158580267,7.515299877600981,0.4572072072072072,2.388235294117647
518,Shivam Mavi,-0.9895698515416812,-1.4102564102564106,0.2864864864864865,1.261904761904762,0.6410256410256396,1.5,0.4382716049382716,3.380952380952381,0.0815916955017304,-4.111111111111114,0.4498269896193771,2.0
81,Shoaib Ahmed,-5.891891891891891,0.5,0.1666666666666666,0.5,0.2657480314960629,9.4,0.359375,2.875,-5.856060606060605,4.0,0.3888888888888889,1.0
244,Simarjeet Singh,1.5714285714285712,2.0,0.4166666666666667,2.5,3.787234042553191,41.0,0.8333333333333334,2.5,1.1274545454545457,-8.5,0.5113636363636364,2.3684210526315788
410,Sohail Tanvir,1.3024118738404449,7.388888888888889,0.3877551020408163,3.1666666666666665,1.6842105263157894,1.5714285714285712,0.5833333333333334,3.5,0.7685319767441854,0.1666666666666678,0.59375,3.619047619047619
397,T Natarajan,-0.6243194192377501,-1.0268505079825836,0.2626262626262626,1.164179104477612,-0.3047941862838179,-21.72885572139304,0.2589641434262948,2.5,-1.28771551724138,5.745454545454546,0.4947916666666667,2.111111111111111
59,T Thushara,-1.0453333333333354,3.8636363636363633,0.2888888888888888,1.4444444444444444,1.203125,-17.2,0.4666666666666667,7.0,2.6015037593984958,65.0,0.5263157894736842,3.75
190,TA Boult,-1.854083723087628,-0.5765873015873026,0.2551594746716698,0.9927007299270072,0.2092916984006105,5.804822043628013,0.3069306930693069,2.0,0.6397094841084687,-1.5599868160843755,0.5353339787028074,2.7241379310344827
347,TG Southee,-1.0612244897959189,-1.5333333333333332,0.2484848484848484,1.108108108108108,0.0714238034844125,5.524999999999999,0.3364928909952606,2.5357142857142856,-0.4901639412284604,-8.17727272727273,0.4692179700499168,2.3114754098360657
29,TK Curran,-1.6192714453584005,0.0659340659340657,0.1711711711711711,0.6333333333333333,-0.5731964483906768,2.2727272727272734,0.2470588235294117,1.4,-1.2364077669902898,-5.666666666666664,0.425,1.5454545454545454
476,TL Suman,-2.928571428571429,1.0,0.25,1.0,0.6632678132678134,-0.0588235294117645,0.3,3.0,-1.3999999999999997,25.0,0.2,0.5
60,TM Dilshan,0.0600000000000005,-15.0,0.32,2.6666666666666665,-0.9647921570153084,-28.369565217391305,0.292079207920792,1.903225806451613,0.3759398496240607,15.0,0.2857142857142857,1.5
349,TP Sudhindra,-0.7234042553191493,2.5,0.1428571428571428,0.5,-2.294776119402984,9.5,0.2083333333333333,0.8333333333333334,-0.2333333333333342,-1.5,0.4166666666666667,2.0
182,TS Mills,-0.8229961832061079,-7.2666666666666675,0.3125,1.25,-2.6500204666393774,-48.1875,0.2142857142857142,0.75,0.0,12.25,0.4927536231884058,2.2666666666666666
158,TU Deshpande,-1.8829787234042552,-8.333333333333334,0.25,1.0,-2.79470571669952,0.3000000000000007,0.1320754716981132,0.5,-2.390769230769232,-43.57142857142857,0.4923076923076923,1.6
88,Tejas Baroka,-16.5,-3.0,0.0,0.0,-0.4285714285714288,30.0,0.1666666666666666,1.0,2.1999999999999997,24.0,0.6666666666666666,1.3333333333333333
302,UT Yadav,-0.8961498039797142,0.6031746031746028,0.2769010043041607,1.1987577639751552,-0.4977723509440714,1.683982683982684,0.3460122699386503,2.0,-0.0051516382344978,1.6181818181818173,0.4995938261575954,2.430830039525692
400,Umar Gul,-0.7046511627907002,18.06666666666667,0.2325581395348837,1.0,2.4943137560367656,11.568181818181817,0.4285714285714285,3.0,2.416783216783216,21.6,0.5714285714285714,4.0
332,Umran Malik,2.105158730158731,5.5,0.4583333333333333,1.6923076923076923,0.2414399044613162,15.85,0.4701754385964912,2.2711864406779663,-6.7,16.0,0.25,0.6
233,V Pratap Singh,-0.3697478991596625,7.875,0.2142857142857142,1.0,-2.0068107787977487,-1.533333333333335,0.3333333333333333,2.0,-2.22974828375286,1.0,0.4347826086956521,1.9047619047619049
443,V Sehwag,-7.012987012987013,1.833333333333334,0.1818181818181818,0.5,-0.8291985092045326,-3.333333333333332,0.3861386138613861,2.0526315789473686,-10.4,8.0,0.0833333333333333,0.1428571428571428
128,V Shankar,0.8520833333333329,-13.357142857142858,0.3333333333333333,1.875,-0.2564825695260468,3.101587301587301,0.3351351351351351,1.9375,4.125,56.0,0.375,1.5
326,VG Arora,-9.05714285714286,0.5,0.1,0.25,-1.228438228438229,10.6,0.2222222222222222,0.8,-0.2003046458492008,-5.800000000000001,0.4230769230769231,1.9411764705882355
1,VR Aaron,-0.459303437603241,-0.4222222222222225,0.3015075376884422,1.1111111111111112,-0.3448659657099551,-1.459071729957806,0.3861892583120204,2.068493150684932,-1.0432375264402136,-2.2666666666666657,0.4680851063829787,2.1204819277108435
382,VRV Singh,1.0118587697786143,1.3400673400673409,0.2718446601941747,1.5555555555555556,-0.7731564986737407,-21.83333333333333,0.3103448275862069,1.7419354838709675,-2.896293989411399,-53.46666666666667,0.4210526315789473,1.3333333333333333
351,VS Malik,1.7142857142857153,37.0,0.2857142857142857,0.6666666666666666,-0.2557640750670256,-11.6875,0.3142857142857143,1.8333333333333333,-0.8309458720612355,-1.5,0.4838709677419355,2.727272727272727
648,VS Yeligati,-4.25,18.0,0.1666666666666666,0.5,-0.2271805273833678,70.0,0.2352941176470588,0.6666666666666666,-8.399999999999999,25.0,0.2,0.5
427,VY Mahesh,2.98426435877262,7.311004784688995,0.4677419354838709,3.2222222222222223,-0.6915199081163852,-7.022321428571427,0.3177083333333333,1.967741935483871,-3.23141564318035,28.1,0.3846153846153846,1.25
136,WD Parnell,0.2375296912114013,0.3611111111111107,0.3431372549019608,1.9444444444444444,1.2012316314228937,-15.904761904761903,0.425531914893617,4.0,0.6152223652223645,6.5,0.5057915057915058,2.911111111111111
599,WPUJC Vaas,-0.0177865612648204,-1.1470588235294112,0.217391304347826,0.7692307692307693,-1.695402298850575,-14.90909090909091,0.1388888888888889,1.0,1.1646372301108716,21.713235294117645,0.5824742268041238,3.2285714285714286
615,Washington Sundar,-1.0154546316488098,-2.1944444444444446,0.2830188679245283,1.3636363636363635,0.7776909857834706,-8.4625468164794,0.2928709055876686,3.1020408163265305,0.7308612440191391,-3.2515592515592537,0.4494047619047619,2.603448275862069
539,Y Venugopal Rao,-4.353448275862068,-12.4,0.2083333333333333,0.625,-1.019555658412405,3.342857142857145,0.2483221476510067,1.5416666666666667,-0.6157635467980302,-8.166666666666664,0.4047619047619047,1.5454545454545454
37,YA Abdulla,-2.136406104017439,5.863636363636363,0.2807017543859649,1.0666666666666669,-0.3061118784530388,-1.833333333333332,0.375,2.0,0.5505617977528088,21.375,0.5714285714285714,2.823529411764706
631,YK Pathan,0.4484210526315788,-8.814814814814815,0.2763157894736842,1.6153846153846154,-0.6555623930309036,-5.7114020731042,0.2965616045845272,2.3,0.8595891047689879,-0.4504065040650395,0.4755043227665706,3.1132075471698117
322,YS Chahal,0.9102552619793992,1.4124700239808163,0.2896551724137931,1.826086956521739,0.5200650141903242,5.685089234312034,0.3564257028112449,2.958333333333333,0.5041610905356197,4.298611111111111,0.4330708661417323,2.171052631578948
271,Yash Dayal,0.6629213483146081,-7.529411764705882,0.2962962962962963,2.2857142857142856,-1.1544117647058822,29.333333333333336,0.3541666666666667,1.5454545454545454,-2.556223175965666,3.1818181818181834,0.4777777777777778,1.72
222,Z Khan,0.4330461130574754,-1.400555041628122,0.2525423728813559,1.3796296296296295,-0.3648846503897749,7.955855855855855,0.2939189189189189,1.74,0.7215319895058458,5.647844827586205,0.5063593004769475,2.9220183486238533
