batter,batter_id,Active Ratio_death,Striking Ratio_death,True SR_death,True Avg_death,Active Ratio_middle,Striking Ratio_middle,True SR_middle,True Avg_middle,Active Ratio_powerplay,Striking Ratio_powerplay,True SR_powerplay,True Avg_powerplay
A Ashish Reddy,154,0.75,0.219047619,0.070404506,-0.830952381,0.609756098,0.24137931,50.19391537,45.5,0.333333333,0.2,-27.47747748,-15.5
A Badoni,144,0.707692308,0.260869565,-10.97902098,-1.329411765,0.603448276,0.125,-17.66047745,-0.754385965,0.166666667,0,-70.1754386,-8.428571429
A Chopra,635,0.5,0,-203.5714286,-34.5,0.482758621,0.125,-16.18831303,-16,0.384615385,0.114285714,-18.20378574,-3.2
A Flintoff,37,0.764705882,0.230769231,22.46865959,15.5,0.727272727,0.105263158,-35.09418509,-2.833333333,0.363636364,0.25,22.00956938,-6
A Manohar,261,0.625,0.347826087,-15.29605263,-9.023529412,0.741935484,0.304347826,11.97326359,-4.666666667,0.5,0.2,-2.777777778,-0.333333333
A Mishra,235,0.6367713,0.143646409,-21.19091704,-1.210388095,0.56,0.058823529,-16.19251337,6.323529412,0.2,0,-85.26315789,-12.33333333
A Mukund,192,0,0,-137.5,-11,0.666666667,0,-29.62962963,-25.5,0.666666667,0.076923077,-47.69230769,-41
A Symonds,50,0.758426966,0.276422764,7.991875827,6.52417795,0.644210526,0.191135734,16.03813261,21.16615385,0.382716049,0.184615385,-24.33862434,53.65714286
AA Bilakhia,300,0.741935484,0.125,-18.32474925,5.692307692,0.473684211,0,-77.36842105,-18.83333333,0.419354839,0.08,-66.15732881,-9
AA Jhunjhunwala,16,0.673469388,0.27027027,4.175105157,-3.308333333,0.596774194,0.108910891,-14.6,-5.378787879,0.393939394,0.1,-29.96331023,9.6875
AB Agarkar,288,0.786516854,0.181818182,-8.066409525,8.646511628,0.488888889,0.076923077,-1.648091861,4.904761905,0.461538462,0.333333333,29.45590994,3
AB Barath,620,0.4,0,-69.09090909,-22,0.52173913,0.157894737,-22.3658441,-21.75,0.538461538,0.3,-17.09401709,-38
AB McDonald,131,0.725806452,0.152173913,-17.3313783,8.777777778,0.75,0,-2.236238532,0,0.444444444,0.5,42.34234234,7
AB de Villiers,209,0.81242236,0.613636364,46.59638388,21.99203911,0.722567288,0.181575434,9.601543766,11.9107394,0.512355848,0.260869565,0.597492845,12.97560349
AC Gilchrist,147,0.851851852,0.588235294,77.15355805,43.14285714,0.651219512,0.262458472,21.86896502,-7.905581638,0.519480519,0.327348066,17.63512602,0.315616798
AC Voges,422,0.843137255,0.264705882,12.5,24,0.675324675,0.140350877,-1.425893694,9.03030303,0.444444444,0.125,-27.62762763,-2.75
AD Mascarenhas,443,0.75,0.103448276,-22.99180328,-6.653846154,0.542857143,0.0625,-33.24116743,-4.647058824,0.5,1,117.9487179,-4
AD Mathews,574,0.747252747,0.256544503,-4.27104675,-0.292207792,0.65942029,0.09787234,-6.869507014,9.884444444,0.235294118,0.066666667,-26.04489164,1.4
AD Nath,591,0.48,0.142857143,-50.70967742,-5.25,0.580645161,0.094339623,-23.22288717,-11.70833333,0.545454545,0.1,0,-7.75
AD Russell,28,0.657794677,0.482352941,30.89377258,8.507189542,0.587219344,0.334939759,28.75404982,13.41883598,0.647058824,0.888888889,115.8600149,23
AJ Finch,67,0.701149425,0.315789474,-3.334658865,-4.957142857,0.685758514,0.225609756,17.14158365,4.469918699,0.503328895,0.254867257,1.73087563,-3.140447154
AK Markram,360,0.818181818,0.384615385,31.50603782,8.781818182,0.729241877,0.165919283,-9.942279059,11.30405405,0.361111111,0.09375,-28.63984674,7.933333333
AL Menaria,397,0.61038961,0.186440678,-5.681818182,-4.112121212,0.61423221,0.131221719,-3.708113203,2.240740741,0.375,0.142857143,-7.75862069,-17
AM Nayar,79,0.735135135,0.344262295,21.62906879,2.391237113,0.622895623,0.09561753,-13.29614133,-5.067346939,0.420289855,0.142857143,-13.04347826,-1.434782609
AM Rahane,366,0.766233766,0.266055046,-11.62829901,-0.90524968,0.743670886,0.143286573,0.080534249,5.723132969,0.540262707,0.228951256,-4.102052633,-2.207792208
AP Majumdar,150,0.666666667,0,0,-3,0.684210526,0.108695652,20.11202706,15,0.571428571,0.444444444,36.30136986,9.142857143
AP Tare,171,0.653846154,0.352941176,2.179487179,-1.375,0.666666667,0.366666667,17.93364507,-23.85714286,0.489795918,0.228187919,1.020408163,-5.282051282
AR Patel,459,0.751173709,0.236245955,1.859323666,1.355481245,0.630841121,0.130193906,0.654954126,6.140909091,0.538461538,0.090909091,-72.67628205,-9.133333333
AS Raut,86,0.640776699,0.141176471,-16.33096653,2.71042471,0.620689655,0.152173913,7.949673812,0.614864865,0.5,0.25,19.36936937,-11
AT Rayudu,9,0.768,0.33411215,8.556362198,0.967201552,0.686440678,0.163945134,4.105451503,8.023187143,0.488919668,0.19897084,0.595680839,16.46805195
AUK Pathan,543,0.5,0.428571429,-14.31034483,-10.9,0.5,0.2,20.38288288,-10.75,0.6,1.5,190.8108108,3
Abdul Samad,472,0.652631579,0.28125,24.47928331,0.658805031,0.698412698,0.148148148,10.53698075,-0.75,0.5,0,-50,-28
Abhishek Sharma,642,0.735632184,0.227272727,4.369355501,0.909722222,0.697142857,0.187969925,18.59149357,-3.441176471,0.549107143,0.308176101,12.85910022,3.31547619
Anirudh Singh,156,0.5,0.1,32.47978437,2.5,0.625,0.107142857,-11.81818182,-8.6,0.4,0.1875,18.94736842,9
Ankit Sharma,129,0.705882353,0.192307692,12.48081841,-0.266666667,0.7,0.142857143,9.759036145,-10.63636364,0.391304348,0.294117647,3.877790834,-15
Anuj Rawat,314,0.666666667,0.5,46.96969697,-6.5,0.777777778,0.181818182,-9.840654608,-18,0.407407407,0.166666667,-3.747795414,-4.640350877
Azhar Mahmood,473,0.571428571,0.272727273,-3.89333658,-0.770562771,0.701657459,0.215827338,6.321182753,6.089285714,0.363636364,0.222222222,-7.52688172,3.818181818
B Chipli,354,0.821428571,0.378378378,39.23493568,82.70588235,0.623931624,0.131313131,1.693885204,-1.906565657,0.364864865,0.123076923,-29.93797076,-13.54761905
B Sai Sudharsan,453,0.75,0.3,39.0625,15.57142857,0.739130435,0.163636364,-4.084321476,11.38888889,0.6,0.2,-16.07017544,-1.2
BA Stokes,82,0.75862069,0.328947368,13.25056584,-2.914529915,0.718085106,0.164948454,5.934640568,5.0625,0.538888889,0.287878788,1.718531817,3.042857143
BB McCullum,441,0.819148936,0.383333333,24.86745163,2.331168831,0.668646081,0.217987805,6.70040058,-4.410101446,0.503367003,0.285067873,3.178038892,-5.665248545
BB Samantray,217,0.75862069,0.285714286,-29.03605016,-3,0.633333333,0.145833333,5.993883792,10.6,0.380952381,0.111111111,10.90225564,8.428571429
BJ Hodge,471,0.770718232,0.317991632,5.845483376,4.184803922,0.636678201,0.143162393,2.115221346,18.4462963,0.41509434,0.169230769,-15.80179242,4.029649596
BJ Rohrer,196,0.852941176,0.631578947,37.41623232,40.5,0.588235294,0.184210526,-0.542986425,-1.533333333,0,0,-122.7272727,-18
C Munro,500,0.6,0,-78.06451613,-12.33333333,0.511111111,0.125,-16.33434038,-9.75,0.561797753,0.34375,7.60056755,-4.431818182
C de Grandhomme,275,0.678899083,0.197530864,-12.96559633,4.371428571,0.62037037,0.223529412,33.67526576,6.910714286,0.5,0,-86.11111111,-15.33333333
CA Ingram,291,0.69047619,0.3,4.04040404,0.034782609,0.571428571,0.164948454,-2.90706026,-3.285714286,0.5,0.142857143,-20.60810811,-3.142857143
CA Lynn,242,0.666666667,0.12,-36.50494583,-7.589473684,0.689373297,0.204225352,10.55817275,1.582352941,0.526415094,0.355263158,6.131314668,13.97058824
CA Pujara,282,0.609756098,0.147058824,-44.35202877,-7.028571429,0.704347826,0.135416667,-18.98518447,0.880952381,0.431111111,0.198895028,-12.45780004,-0.810344828
CH Gayle,428,0.745387454,0.485875706,31.36910316,4.654166667,0.669592977,0.28042328,25.48891869,9.943478261,0.478060046,0.3203125,15.7201925,3.71040724
CH Morris,103,0.753378378,0.293532338,16.89132218,9.734033613,0.549450549,0.173333333,11.02294936,-2.62254902,0.833333333,1.5,121.1711712,2
CJ Anderson,504,0.666666667,0.323943662,3.66469732,0.411111111,0.578740157,0.197969543,-4.753547373,8.083333333,0.35,0.176470588,-7.064676617,2.172413793
CJ Ferguson,408,0.565217391,0.157894737,-6.12244898,1.1,0.550724638,0.070175439,-19.53484336,-7.125,0.416666667,0.095238095,-12.04954955,6.777777778
CL White,31,0.837696335,0.338461538,13.20728462,14.86,0.635955056,0.148760331,-0.400846842,3.222222222,0.477876106,0.150537634,-0.782437576,-0.301242236
CM Gautam,218,0.634146341,0.3,-6.176239182,16.15217391,0.56097561,0.125,10.85583624,0.3,0.431034483,0.227272727,5.211304122,-11.23333333
D Padikkal,238,0.641509434,0.219512195,-37.51790273,-13.04,0.676605505,0.188405797,3.367711348,-2.2775,0.549800797,0.262734584,2.517506575,-6.086549708
DA Miller,11,0.769366197,0.36239782,15.9312238,7.783333333,0.683085502,0.160188457,0.908539579,24.29076923,0.483870968,0.1375,-20.06108036,0.277777778
DA Warner,33,0.771428571,0.432291667,21.07044471,4.115424431,0.733372229,0.19453125,12.77283597,9.531468531,0.56781721,0.31297186,10.47421376,8.209290227
DB Das,407,0.703296703,0.2,-4.538191115,5.662790698,0.537735849,0.181818182,13.71491993,47.36666667,0.41509434,0.219512195,7.66405076,2.394736842
DB Ravi Teja,533,0.719298246,0.25,6.91126038,-0.386666667,0.661654135,0.14953271,-0.799510087,27.72727273,0.50877193,0.145833333,-42.46727931,-16.16666667
DJ Bravo,363,0.765285996,0.345794393,13.49866204,3.275621891,0.554954955,0.113490364,-10.7016107,1.448529412,0.448598131,0.243902439,8.147978022,9.731578947
DJ Hooda,130,0.735714286,0.207729469,-7.137681159,-3.810440168,0.698555957,0.174418605,9.242467264,7.076831447,0.471264368,0.191176471,-10.30277544,72.70588235
DJ Hussey,542,0.726457399,0.342281879,14.41300855,1.654121864,0.638655462,0.128378378,-12.15139714,1.431273644,0.486725664,0.255813953,18.71194803,30.46666667
DJG Sammy,336,0.641304348,0.246376812,-1.394403021,-3.217758985,0.607407407,0.126126126,1.55198223,13.57857143,0.4,0.666666667,81.62162162,2.2
DP Conway,41,0.866666667,0.272727273,-1.025641026,9.428571429,0.7625,0.381818182,39.00442478,31.875,0.569444444,0.186440678,-9.595959596,-9.111111111
DPMD Jayawardene,536,0.765217391,0.322580645,2.404832316,8.0625,0.663407821,0.146086957,-5.905703876,1.531310345,0.518595041,0.292011019,6.250358892,3.657054126
DR Martyn,75,0.666666667,0.5,120,2.666666667,0.722222222,0,-13.23232323,-2.666666667,0.333333333,0,-46.15384615,-30
DR Sams,416,0.5,0.157894737,-38.92857143,-15.22285714,0.642857143,0.090909091,-2.282333052,-7.153846154,0.166666667,0,-75.64102564,-8
DR Smith,23,0.691588785,0.269230769,16.31995024,-1.127717391,0.650529501,0.284836066,26.70685012,1.421052632,0.49466951,0.290882779,-1.529187182,5.716049383
DT Christian,386,0.706976744,0.198717949,-10.05571705,-0.437634409,0.636363636,0.065789474,-13.02773498,4.087719298,0.375,0,-74.82876712,-17.5
E Lewis,333,0.631578947,0.384615385,2.764486975,-0.8,0.602409639,0.169117647,-11.09768415,-5.888235294,0.538732394,0.348258706,13.40879634,-1.942307692
EJG Morgan,340,0.713333333,0.328358209,16.00352734,2.018947368,0.605769231,0.163708087,-0.847519423,3.785714286,0.407407407,0.177631579,-9.666185666,7.122807018
F du Plessis,281,0.781021898,0.401162791,17.87790036,-1.699726027,0.734133791,0.132978723,-3.477356519,7.836977104,0.554376658,0.272511848,9.061560726,10.40108225
FY Fazal,372,0.71875,0.185185185,-19.95967742,-1.666666667,0.716666667,0.14,-8.511904762,1.157894737,0.52,0.183333333,-17.73021182,5.555555556
G Gambhir,478,0.711956522,0.265625,-7.248849978,-2.970542636,0.738148984,0.166828322,1.846444631,0.29408457,0.57654185,0.251655629,-0.955623007,2.982155887
GC Smith,380,0.769230769,0.4,-19.00452489,-10,0.693965517,0.174863388,-12.87631518,-12.35795455,0.467191601,0.194719472,-16.21455972,-6.363095238
GD Phillips,137,0.714285714,0.5,43.75,-11,0.333333333,0.0625,-22.22222222,-6,0,0,-47.22222222,-4.25
GH Vihari,447,0.671641791,0.156862745,-15.79563,-4.214285714,0.621118012,0.078571429,-15.10506145,0.304597701,0.431818182,0.064102564,-34.14219391,-1.027777778
GJ Bailey,490,0.810055866,0.350877193,24.64885035,13.67272727,0.621145374,0.071428571,-24.65513361,-8.471283784,0.459677419,0.244897959,-2.67342278,25.12121212
GJ Maxwell,92,0.712280702,0.4,1.58185519,-1.743908046,0.684095861,0.293577982,30.41101404,3.580651815,0.541501976,0.324175824,11.82985383,2.107843137
Gurkeerat Singh,356,0.737179487,0.313043478,14.17474682,3.703482587,0.623853211,0.13559322,-12.31744611,-0.754409769,0.405405405,0.206896552,-34.81717011,22
H Klaasen,297,0.774193548,0.227272727,-2.09145693,5.75,0.5,0,-47.79116466,-19.14285714,0.615384615,0.1,-40.57971014,-3.2
HH Gibbs,305,0.863636364,0.25,16.88311688,51.45454545,0.616766467,0.132841328,-5.424108305,-0.552201258,0.454094293,0.222222222,-15.1820376,-2.840277778
HH Pandya,64,0.72143975,0.357466063,10.64449524,6.846616541,0.663716814,0.192743764,3.171091445,9.055405405,0.436893204,0.164705882,-26.42302358,12
HM Amla,511,0.78,0.777777778,45.31914894,29.5,0.751633987,0.155737705,-16.50970099,-9.733333333,0.582474227,0.282758621,5.417946035,8.227272727
Harbhajan Singh,627,0.638190955,0.314685315,7.491500809,1.492753623,0.5,0.181818182,-2.506213753,1.263318113,0.52,0.264705882,13.9122807,3.933333333
IK Pathan,292,0.719339623,0.294520548,8.227535309,5.181752874,0.631205674,0.070652174,-19.00973622,-0.614238411,0.573529412,0.28,20.35905271,9.843137255
IR Jaggi,115,0.714285714,0,-43.20843091,-3.6,0.533333333,0.078947368,-7.724230254,-1.242424242,0.416666667,0.09375,-32.76550031,8.181818182
Ishan Kishan,560,0.730769231,0.451219512,27.82837128,-1.690196078,0.688022284,0.180555556,5.262447623,2.139022052,0.511970534,0.265206813,-0.118088651,27.99666667
J Botha,494,0.716666667,0.2,-6.017179024,-2.5,0.666666667,0.138686131,-0.032401782,1.576923077,0.37254902,0.170731707,-8.085776116,25.8
JA Morkel,348,0.733502538,0.268551237,0.543015204,1.738095238,0.606870229,0.175609756,1.602245899,7.481012658,0.75,0.333333333,55.04201681,6.7
JC Archer,427,0.704761905,0.283783784,7.380952381,4.956349206,0.5,0.25,12.18181818,-11.0952381,0,0,-125,-45
JC Buttler,553,0.74137931,0.467625899,20.12436405,5.5,0.705732484,0.233449477,11.35342136,11.54195602,0.535414166,0.357627119,16.78715471,18.06730769
JD Ryder,589,0.714285714,0.263157895,-41.00985222,-72,0.722772277,0.141176471,6.16422298,-11.29777778,0.542857143,0.312217195,26.27729545,-0.417004049
JEC Franklin,34,0.8,0.260869565,6.720647773,5.723684211,0.673913043,0.094827586,5.965744401,21.94444444,0.43956044,0.144736842,-10.0980101,-9.523809524
JH Kallis,527,0.744493392,0.375838926,15.75379655,-1.938095238,0.677744209,0.091121495,-17.54151756,0.18844086,0.48024948,0.21664465,-1.670509345,2.673658733
JJ Roy,289,0.727272727,0.4,22.87157287,-62,0.746031746,0.191489362,2.390514439,11.07142857,0.539877301,0.266129032,-2.976901223,-4.625
JM Bairstow,423,0.612244898,0.166666667,-12.07550214,-2.138392857,0.694148936,0.230215827,19.06839134,7.298850575,0.554112554,0.365325077,14.66054271,-7.590277778
JM Kemp,621,0.5,0,-92.30769231,-14.5,0.615384615,0.25,19.3006993,-17,0.666666667,0,-27.77777778,-6.5
JM Sharma,124,0.756097561,0.52,27.43902439,18.4,0.623762376,0.295774648,21.59933086,4.161290323,1,0,-27.02702703,-14.66666667
JO Holder,52,0.604651163,0.21,4.400734924,-0.601785714,0.645833333,0.153846154,24.31678214,14.18518519,0.166666667,0.2,-38.59649123,-1.333333333
JP Duminy,373,0.820717131,0.305882353,14.37251646,11.41888112,0.697215777,0.088435374,-9.040025822,25.97953964,0.441558442,0.196721311,3.403493059,21.74074074
JP Faulkner,232,0.748175182,0.271276596,2.164224227,4.052813853,0.529411765,0.083333333,-26.63165266,8.75,0.4,0.111111111,-17.74193548,-8.863636364
JR Hopes,530,0.8,0.1875,-12.11267606,-0.45,0.698412698,0.3,13.00022356,0.575757576,0.526315789,0.264705882,1.754385965,-7.095238095
JR Philippe,35,0.5,0,-106.6666667,-14.66666667,0.75,0.2,5.675675676,-21.5,0.481481481,0.155555556,-14.88888889,-1.833333333
K Goel,606,0.592592593,0.173913043,-4.04040404,17.33333333,0.45,0.055555556,-52.45430809,-15.33333333,0.480769231,0.158730159,-24.56594228,-15.4375
K Gowtham,508,0.666666667,0.486486486,42.67178831,1.083333333,0.631578947,0.206896552,19.70394737,-6.272727273,0.6,0.25,32.97297297,-15.5
K Rabada,432,0.592592593,0.195121951,2.657004831,-0.171875,0.5,0.111111111,4.195527409,15.45833333,0.333333333,0,-27.19298246,-3.6
KA Pollard,352,0.696785404,0.348897536,8.475450473,4.454613653,0.608859566,0.195985832,9.009535061,12.80018631,0.520833333,0.153846154,-4.534789644,-1.18902439
KC Sangakkara,157,0.741666667,0.358974359,20.90336134,-2.119047619,0.700251889,0.167721519,5.820361374,-2.900806452,0.511363636,0.258928571,3.059866962,9.978571429
KD Karthik,44,0.746606335,0.366438356,14.05659803,4.459038143,0.674358974,0.185770751,1.462220635,2.74375428,0.465822785,0.190031153,-9.557095833,21.99251701
KH Pandya,561,0.717647059,0.334782609,3.831478537,2.148726852,0.620274914,0.191011236,3.446974492,2.358444981,0.576923077,0.5,57.26867336,9.066666667
KK Cooper,650,0.604651163,0.48,22.57181943,-5.615763547,0.571428571,0.266666667,20.73324905,-12.6,1,1,205.5555556,-45
KK Nair,93,0.748344371,0.4,11.14605094,-1.262820513,0.67394958,0.168803419,-4.055116062,-2.663909567,0.512437811,0.275167785,5.96541104,5.593567251
KL Rahul,480,0.816438356,0.411504425,21.27905477,10.82333333,0.746621622,0.175777063,-0.375343262,11.35809524,0.557661927,0.241985522,1.78614677,22.46841379
KM Jadhav,5,0.69895288,0.229166667,-4.523190125,5.226086957,0.683991684,0.153452685,6.629875923,4.276334987,0.3125,0.196969697,-14.31547619,-2.987068966
KP Pietersen,369,0.782608696,0.354166667,5.953177258,39.1,0.665768194,0.192307692,10.57047531,-3.911937378,0.584507042,0.286407767,15.79803117,51.97083333
KS Bharat,233,0.842105263,0.181818182,-27.13450292,-56,0.69047619,0.134328358,11.2793177,-2.884615385,0.563636364,0.204545455,-2.905466626,2.083333333
KS Williamson,531,0.833333333,0.322404372,15.38040697,11.32440476,0.710526316,0.168994413,4.285477074,9.458664021,0.489082969,0.181081081,-17.40348337,6.78957529
KV Sharma,88,0.68627451,0.201754386,-1.749875169,-0.345098039,0.603960396,0.091954023,-8.423986823,3.477777778,0.333333333,0.142857143,5.777777778,1
Kamran Akmal,489,0.705882353,0.272727273,6.274509804,11.33333333,0.8,0.727272727,90.54216867,-8.625,0.421052632,0.310344828,-8.133971292,-5.5
LA Carseldine,396,1,0.222222222,-25.79365079,-0.333333333,0.736842105,0.133333333,-3.352130326,-14.625,0.382352941,0.291666667,30.51470588,22.83333333
LA Pomersbach,375,0.723404255,0.222222222,-10.84994987,-4.178571429,0.6,0.170454545,2.968904734,18.28571429,0.539473684,0.288461538,10.36075288,4.75
LJ Wright,159,0.805555556,0.789473684,46.69030733,-0.833333333,0.533333333,0.153846154,-16.36363636,-8.625,0.375,0.142857143,-18.66666667,-3.125
LMP Simmons,539,0.777777778,0.25,4.861111111,4.2,0.638176638,0.230769231,-3.418494416,3.083333333,0.5,0.252941176,-4.403169926,8.771929825
LPC Silva,267,1,1,42.22222222,-9,0.625,0.142857143,-41.81818182,-27.2,0.428571429,0.4,46.52014652,-1.666666667
LR Shukla,382,0.685897436,0.237288136,-4.223227753,-0.746031746,0.554285714,0.145833333,-4.258064516,-5.718181818,0.4,0,-61.20481928,-12
LRPL Taylor,343,0.72826087,0.304,10.77694674,7.564814815,0.638211382,0.119700748,-5.018441881,-0.416524217,0.533898305,0.277777778,13.08821567,32.41025641
LS Livingstone,29,0.784313725,0.5,64.16408669,2.941798942,0.699481865,0.275862069,30.29628145,11.65811966,0.565789474,0.431372549,49.39271255,15.16666667
Lalit Yadav,598,0.785714286,0.242424242,-29.52380952,26.57142857,0.586956522,0.101694915,-29.86006997,-3.756756757,0.428571429,0.125,-47.85714286,3.5
M Kaif,610,0.6,0.161290323,-37.95918367,-5.884615385,0.615853659,0.146153846,-10.63685637,3.24754902,0.285714286,0.129032258,-40.2842184,-8.7
M Manhas,565,0.729281768,0.186567164,-4.395570991,6.369318182,0.6,0.110526316,-10.71913569,2.190322581,0.365384615,0.170731707,-24.62570986,-1.516666667
M Rawat,640,0.604651163,0.108108108,-32.79834043,3.025641026,0.476190476,0.05,-36.81515617,1.869565217,0,0,-121.6216216,-22.5
M Shahrukh Khan,7,0.626373626,0.272727273,5.332902392,2.3,0.538461538,0.116504854,-24.1908753,4.459574468,0.583333333,0.2,-1.363636364,-4.857142857
M Vijay,628,0.724637681,0.4,5.735691476,5.285714286,0.685050798,0.191570881,8.9696298,-6.023809524,0.515486726,0.215116279,-0.152295431,0.753901561
M Vohra,435,0.730769231,0.846153846,77.66153846,8.843137255,0.647286822,0.186528497,7.239250194,-5.631578947,0.532692308,0.261904762,3.455571874,1.17902439
MA Agarwal,199,0.81981982,0.538461538,40.02866503,2.462121212,0.728971963,0.218367347,12.35808819,-7.486866792,0.542194093,0.242047026,1.888215055,-4.567139899
MC Henriques,222,0.762626263,0.333333333,3.179649253,6.357142857,0.641552511,0.153623188,-2.641430513,-1.988764045,0.617647059,0.175925926,-2.868682684,25.33333333
MC Juneja,298,0.5625,0.142857143,-23.25819672,-1.375,0.663043478,0.088607595,-9.985808283,-0.25,0.588235294,0.230769231,12.00603318,5.285714286
MD Mishra,507,0.736842105,0.1875,-21.68784029,-20.5,0.650793651,0.1875,3.51272659,-10.74358974,0.45,0.217391304,-2.386831276,-0.060606061
MEK Hussey,234,0.825757576,0.456790123,8.326351068,7.928571429,0.736011478,0.165765766,0.704438308,0.040384615,0.511378849,0.20754717,-3.630310717,9.034829721
MJ McClenaghan,185,0.468085106,0.210526316,-14.69589512,-4.175847458,0.578947368,0.266666667,38.79229323,-5.115384615,0,0,-56.75675676,-5.25
MJ Santner,223,0.785714286,0.333333333,84.21052632,16,0.454545455,0,-35.90138675,-11,0.391304348,0.166666667,-14.34217956,-9.5
MK Lomror,575,0.78125,0.285714286,21.18055556,5.924731183,0.711711712,0.126315789,-1.608751609,3.933333333,0.428571429,0.181818182,10.86956522,3.75
MK Pandey,313,0.76,0.239202658,4.106188978,5.790734404,0.698561601,0.141647421,-5.510598827,1.053937573,0.507399577,0.228215768,-1.655412443,11.26666667
MK Tiwary,645,0.748110831,0.25087108,-1.690237428,5.348148148,0.639549437,0.138138138,-6.485456668,11.26358696,0.473214286,0.163043478,-2.854992354,7.194736842
ML Hayden,13,0.822222222,0.5,-1.861861862,34.75,0.712765957,0.236966825,14.17069405,1.784883721,0.511160714,0.307692308,3.865247705,6.07807309
MM Ali,600,0.681818182,0.449275362,10.1570449,1.917948718,0.675,0.24,15.90974007,-2.043343653,0.44966443,0.280701754,10.34229096,6.476190476
MN Samuels,280,0.823529412,0.166666667,-8.375959079,10.7,0.557377049,0.128712871,-3.116404445,-5.252525253,0.25,0.043478261,-48.21428571,-6
MN van Wyk,454,0.825,0.32,-5.652173913,26.75,0.741935484,0.117647059,9.493915395,35,0.44,0.263157895,11.13793103,4.6
MP Stoinis,107,0.734463277,0.316666667,-0.311645708,4.231225296,0.663522013,0.15,-3.972562093,1.264216366,0.5,0.222222222,-18.5910157,5.370967742
MR Marsh,342,0.640350877,0.258823529,18.60437611,0.0625,0.620879121,0.115384615,-4.209361206,42.57142857,0.541176471,0.246153846,-3.76312141,10.8
MS Bisla,257,0.606060606,0.391304348,6.412966878,4.333333333,0.651982379,0.140449438,2.304098251,-11.20121951,0.463942308,0.252336449,-3.935185185,-5.14354067
MS Dhoni,563,0.75103981,0.365491651,10.11227236,6.805099031,0.615803815,0.109517601,-16.46619507,16.60490085,0.38028169,0.169491525,-14.38568518,19.16666667
MV Boucher,294,0.746478873,0.291666667,10.89597452,12.03658537,0.62406015,0.119266055,-8.757187085,3.460784314,0.458333333,0.15,5.05952381,9.875
Mandeep Singh,470,0.77238806,0.245989305,-2.193341387,-1.43,0.691881919,0.15258216,-4.809718834,1.609850746,0.510318949,0.255,-0.5558469,-4.446519525
Misbah-ul-Haq,160,0.7,0.5,65.35714286,5.9,0.642857143,0.151515152,-1.042752868,-10.33333333,0.588235294,0.416666667,56.12082671,-7.888888889
Mohammad Hafeez,158,0.444444444,0.285714286,-72.22222222,-39.5,0.5,0.058823529,-9.275575135,-7.730769231,0.323529412,0.172413793,1.184110008,-3.166666667
Mohammad Nabi,484,0.628571429,0.367346939,7.046004843,-3.08045977,0.733333333,0.176470588,22.6873385,-1.7,0.5,1,136.5853659,-10.75
N Jagadeesan,431,0.769230769,0,11.88811189,3,0.66,0.2,20.24561404,-4.3,0.333333333,0,-33.33333333,-6.142857143
N Pooran,26,0.698412698,0.310077519,10.188151,3.137566138,0.659400545,0.261818182,21.21394127,5.175035868,0.305555556,0.185185185,-12.65232975,-8.166666667
N Rana,141,0.701570681,0.428571429,9.592319183,-1.162828947,0.658254469,0.205333333,4.763064868,2.740314136,0.473568282,0.259259259,-4.725977687,12.6
N Saini,523,0.375,0.166666667,-24.36440678,-4.266666667,0.653061224,0.131578947,-14.79745977,-16.53333333,0.49382716,0.161290323,-21.38960666,-4.333333333
NK Patel,524,0.80952381,0.333333333,9.523809524,5.333333333,0.619047619,0.085714286,-12.5727214,-1.5625,0.37037037,0.177777778,-8.114035088,29.55555556
NLTC Perera,367,0.692307692,0.260504202,12.76803648,1.368951613,0.614035088,0.152173913,17.51303178,-1.385093168,0.466666667,0.363636364,32.40437158,10.15384615
NS Naik,481,0.523809524,0,-73.88471178,-8.566666667,0.583333333,0.1,-29.76190476,-11.66666667,0.25,0.066666667,-56.25,-7.333333333
NV Ojha,36,0.6271777,0.231481481,-12.78283219,0.330610022,0.628083491,0.16507177,1.541167214,1.05987395,0.415966387,0.205729167,-9.248412582,-0.631495228
OA Shah,62,0.765060241,0.282051282,3.136372884,5.688888889,0.621761658,0.132911392,-0.188864452,28.33108108,0.470588235,0.230769231,22.54243979,6.2
P Kumar,123,0.57480315,0.16,-17.8870522,-0.601247249,0.372093023,0.162162162,-8.498483316,0.711711712,0.25,0.166666667,-59.66666667,-17.2
P Negi,177,0.693181818,0.24,-0.453382934,1.401997503,0.535353535,0.146341463,-11.66503747,-1.387755102,0.2,0.25,-60.57971014,-4.818181818
P Simran Singh,239,0.5,0.142857143,-37.99283154,-3.214285714,0.166666667,0,-124.4047619,-18.75,0.5,0.181818182,-19.21069798,-14.85714286
PA Patel,80,0.746268657,0.224489796,-3.915326415,-2.736111111,0.707560628,0.158081705,3.414086401,-4.760955545,0.534607779,0.278469751,3.049934787,-4.477832512
PA Reddy,506,0.8,1.5,146.6666667,-0.333333333,0.68627451,0.065217391,-2.919863598,-8.269230769,0.538461538,0.134146341,-3.585445167,-2.866666667
PBB Rajapaksa,603,0.6,0,-113.9393939,-17.33333333,0.684782609,0.287878788,27.80926872,0.6875,0.607142857,0.588235294,62.60869565,-10.06060606
PC Valthaty,512,0.772727273,0.727272727,9.090909091,-36,0.6,0.197802198,-3.776621847,-6.184210526,0.41697417,0.262135922,0.357525465,-4.025
PD Collingwood,151,0.720930233,0.344827586,24.63582929,6.5,0.630434783,0.101265823,-2.85938112,12.16666667,0.555555556,0.333333333,5.22875817,6.636363636
PJ Cummins,475,0.690322581,0.353535354,24.4153495,0.771448664,0.494117647,0.230769231,-4.357034796,6.818181818,0,0,-97.22222222,-7
PK Garg,51,0.722222222,0.347826087,31.37254902,2.964285714,0.666666667,0.085470085,-10.25212029,-9.344444444,0.5,0.172413793,-9.601043997,-5.785714286
PP Chawla,138,0.620481928,0.218253968,-12.03672823,-2.645091583,0.512195122,0.09929078,-10.22296803,4.25974026,0.416666667,0.375,9,-6.75
PP Shaw,503,0.619047619,0.357142857,-15.35181237,-3.25,0.761403509,0.239631336,14.40857514,-9.106237817,0.581794195,0.36259542,15.6493996,-5.494505495
PR Shah,220,0.684210526,0.25,-28.78289474,-6.75,0.527777778,0.166666667,-8.892885691,-18.06818182,0.466666667,0.125,-1.724137931,15.25
Q de Kock,97,0.873417722,0.553191489,23.3489268,-4.604166667,0.709722222,0.196043165,6.378840918,-1.714285714,0.558367347,0.270833333,10.34733777,2.846031746
R Ashwin,39,0.696875,0.20661157,-8.433724602,-2.441528545,0.656441718,0.076923077,-7.686693463,7.132142857,0.381818182,0.25,1.578576462,-1.264705882
R Bishnoi,550,0.5,0,-109.375,-11.75,0,0,-70.90909091,-5.571428571,0.357142857,0.272727273,25.86872587,-1
R Dravid,499,0.669491525,0.4,22.35776746,-1.088235294,0.692139738,0.153424658,-3.699799293,-0.923796987,0.475308642,0.249597424,1.90471748,19.50130719
R McLaren,358,0.696428571,0.181818182,-19.64285714,-1.9375,0.585106383,0.071428571,-16.25597047,24.03846154,0.470588235,0.066666667,-18.88544892,-22
R Parag,582,0.693467337,0.269503546,-10.79268731,-4.8125,0.625615764,0.139534884,-12.6171637,13.3452381,0,0,-94.66666667,-7.888888889
R Sathish,265,0.734513274,0.240506329,-6.826019524,3.482222222,0.588235294,0.111111111,-5.242129585,0.975,0,0,-105.2631579,-20
R Tewatia,188,0.714788732,0.338383838,3.452826185,5.502631579,0.57751938,0.111111111,-17.74087913,5.786046512,0.428571429,0.166666667,-10.33834586,-1.3
RA Jadeja,515,0.744680851,0.252336449,-6.900869078,-0.086206897,0.639175258,0.128700129,-4.020598946,13.62352941,0.456521739,0.257142857,27.32919255,17.4
RA Tripathi,212,0.651162791,0.258064516,7.469192526,-0.476190476,0.728813559,0.212189616,11.63580687,5.425066313,0.580223881,0.327176781,21.1003247,6.684157921
RD Gaikwad,205,0.797752809,0.403508772,22.01399194,-0.246153846,0.770083102,0.21299639,7.859548019,6.310077519,0.517316017,0.202739726,-8.47355543,0.644444444
RE van der Merwe,346,0.630434783,0.15,-31.8868558,-5.277777778,0.607142857,0.181818182,16.53846154,6.413333333,0.405405405,0.166666667,-16.98841699,-10
RG Sharma,255,0.737888199,0.394736842,19.93914572,3.534161491,0.682553564,0.158687466,-1.147161117,5.24562556,0.499635303,0.234242709,2.421001382,5.930165105
RJ Quiney,271,0.333333333,0,-31.37254902,-3.4,0.666666667,0.227272727,7.679238872,8.8,0.432835821,0.185185185,-10.07462687,-4.9375
RK Bhui,483,0,0,-66.66666667,-2,0.454545455,0,-43.50649351,-23,0,0,-108.1081081,-13.33333333
RK Singh,347,0.716216216,0.416666667,21.09519158,8.645454545,0.609090909,0.119565217,-20.96897115,-3.989547038,0.571428571,0.166666667,49.9047619,-0.833333333
RM Patidar,179,0.666666667,1.125,113.8888889,9.2,0.811320755,0.208333333,29.19876447,14.41666667,0.510638298,0.22972973,-1.370212766,24.7
RN ten Doeschate,306,0.71641791,0.291666667,13.06044037,1.731884058,0.670454545,0.169014085,-9.785042544,-2.854545455,0.428571429,0.166666667,9.398496241,-2.285714286
RR Pant,279,0.712435233,0.514767932,34.72952452,3.347132035,0.696150696,0.224973089,13.64073387,9.3600863,0.546099291,0.281553398,6.938931486,31.83809524
RR Rossouw,211,0.727272727,0.375,52.19941349,-0.25,0.588235294,0,-59.17366947,-13.81818182,0.363636364,0.166666667,-7.272727273,-5.428571429
RS Bopara,145,0.786407767,0.304347826,12.93852747,0.13362069,0.689655172,0.118343195,-13.73621718,29.80769231,0.514285714,0.117647059,-26.71274962,-10.69172932
RV Gomez,268,0.634146341,0.193548387,-8.972475267,-4.205128205,0,0,-78.68852459,-12,0,0,-74.35897436,-4.833333333
RV Uthappa,21,0.752411576,0.375,17.86163375,4.284167289,0.667596207,0.198424069,7.088583954,-1.353293808,0.554239401,0.257903494,4.682215923,6.171052632
Ramandeep Singh,132,0.818181818,1,42.12121212,2.6,0.608695652,0,-30.43478261,-1.818181818,0.666666667,0,-33.33333333,-16.5
S Anirudha,538,0.714285714,0.235294118,-4.089135654,-1.453846154,0.65625,0.103448276,-11.32575758,-4.8,0.407407407,0.227272727,-3.032562764,-9.833333333
S Badrinath,206,0.779026217,0.287234043,-1.432647535,-0.20890937,0.668613139,0.186567164,3.817190015,9.483516484,0.366812227,0.147368421,-20.79874274,12.67204301
S Dhawan,492,0.760989011,0.314285714,-3.698740284,9.35380117,0.724191063,0.179960448,1.570767765,1.04657622,0.563241107,0.248712667,-2.30150475,1.1650724
S Dube,178,0.694656489,0.293478261,3.822236736,0.284313725,0.647928994,0.202247191,11.82883342,3.022260274,0.4,0.088235294,-14.08554572,18.81481481
S Gopal,461,0.696078431,0.223684211,-1.397058824,1.976923077,0.508196721,0.072727273,-24.69104666,0.230769231,0,0,-81.08108108,-7.5
S Rana,266,0.782608696,0.21875,-37.832916,-6.833333333,0.333333333,0,-87.75100402,-19.33333333,0.363636364,0.166666667,14.19676214,13
S Sohal,613,0.333333333,0,-96.41577061,-8.023809524,0.68852459,0.239130435,23.47710362,-7.153846154,0.507042254,0.259493671,19.54851209,3.866666667
S Vidyut,339,0,0,-62.5,-5,0.633333333,0.285714286,-1.964285714,-5.5,0.546666667,0.333333333,23.52736318,-7.127272727
SA Yadav,273,0.696202532,0.39047619,13.11594552,1.474779139,0.699719364,0.187871581,4.003048408,4.504594017,0.547058824,0.348901099,14.34255454,28.29386344
SB Styris,409,0.740740741,0.238095238,-19.30747315,-3.31372549,0.588888889,0.102564103,-18.68686869,-2.972222222,0.666666667,0,-49.26253687,-13.83333333
SC Ganguly,321,0.717171717,0.375,20.78395899,-4.691919192,0.571656051,0.129943503,-7.830033966,1.601648352,0.463220676,0.213032581,-2.545464118,5.286220871
SD Chitnis,95,0.694444444,0.1,-28.5042735,-4.073333333,0.6,0.228571429,-12.53387534,18.16666667,0.166666667,0,-37.38738739,-4
SE Marsh,349,0.759493671,0.263157895,-0.638176878,-0.703030303,0.737341772,0.273775216,18.69852496,18.49883109,0.495798319,0.220248668,-8.711297541,11.13823529
SE Rutherford,12,0.585365854,0.290322581,-13.20021442,-4.411111111,0.541666667,0.045454545,-22.91666667,3.045454545,0.272727273,0,-60.93366093,-8
SK Raina,32,0.79766537,0.322580645,8.912880656,8.705929487,0.724197745,0.191265893,5.115221141,0.322073841,0.532693984,0.302774427,16.6719996,9.484738243
SM Curran,593,0.728070175,0.457142857,24.51503207,8.15,0.542372881,0.098039216,-19.76720441,-7.277777778,0.461538462,0.289473684,19.89966555,5.666666667
SM Katich,174,0.923076923,0.111111111,13.84615385,-22,0.62295082,0.195652174,-1.309535357,-11.25,0.528846154,0.328767123,25.68038686,5.642857143
SM Pollock,652,0.707317073,0.5,53.01668806,2.083333333,0.629032258,0.127272727,-13.61880963,12.94117647,0.166666667,0,-85.93073593,-14.8
SN Khan,249,0.774834437,0.381443299,11.01470423,5.333916084,0.64,0.150684932,-10.77706278,-7.522222222,0.576923077,0.324324324,6.876683628,1.466666667
SO Hetmyer,394,0.73880597,0.395348837,22.89132228,7.316176471,0.640186916,0.18452381,15.57902208,10.80555556,0.490196078,0.186046512,1.340923466,12.04545455
SP Goswami,18,0.714285714,0.125,-12.31950845,-7.566666667,0.613207547,0.120879121,-9.260893172,-4.558823529,0.5,0.167938931,-7.853011366,-3.564814815
SP Jackson,359,0.8,0.083333333,-15.35519126,0.119047619,0.5,0.125,-45.91919192,-15.625,0.444444444,0.285714286,-2.777777778,-3.666666667
SP Narine,545,0.577777778,0.180555556,-14.04720783,-3.098901099,0.619047619,0.38,45.37768865,-5.699523052,0.542234332,0.536796537,40.3975407,-8.196202532
SPD Smith,615,0.768115942,0.306338028,14.27951534,8.69052103,0.71692877,0.136522754,-1.981628397,4.646092431,0.574209246,0.240506329,1.899165358,18.46369637
SR Tendulkar,362,0.733333333,0.377777778,3.236121154,5.658119658,0.700621118,0.164596273,1.66482041,-0.671146953,0.529905561,0.260196906,5.629071479,9.054487179
SR Watson,146,0.759493671,0.425675676,19.21434079,-1.19673913,0.675968992,0.293176972,24.02819128,3.482385769,0.472154964,0.232510288,1.291385327,7.31039304
SS Iyer,579,0.751091703,0.297468354,8.214057241,-1.314882033,0.715365239,0.170706006,0.606351353,1.667558827,0.51372549,0.210613599,-3.989904,11.78248366
SS Tiwary,540,0.758169935,0.228699552,-11.97559484,3.737927292,0.653439153,0.138436482,0.821367404,9.45856648,0.512658228,0.2,-2.698663854,34.78378378
STR Binny,243,0.734375,0.251396648,2.936859522,5.38993135,0.604113111,0.176079734,5.124764498,-1.132575758,0.32,0.142857143,-20.01520913,5.9
SV Samson,187,0.769230769,0.429268293,23.60683761,0.430395913,0.715312725,0.185219832,10.05410492,4.731825186,0.519138756,0.235569423,-2.090136077,5.887252412
SW Billings,118,0.720588235,0.325581395,1.631601546,-8.297979798,0.658767773,0.148809524,-7.100527877,-5.35042735,0.604166667,0.285714286,6.942114094,6.204545455
Sachin Baby,119,0.689655172,0.342105263,-8.201304753,-2.333333333,0.58490566,0.068181818,-10.94911378,2.6,0,0,-81.57894737,-6.2
Salman Butt,402,0.666666667,2,111.827957,0,0.722222222,0.225,19.20885382,-2.7,0.442105263,0.256756757,6.93957115,4.673076923
Shahbaz Ahmed,414,0.638888889,0.230769231,-6.376811594,-3.9875,0.647887324,0.14159292,0.215893904,11.87368421,0.538461538,0.090909091,7.692307692,-1.6
Shahid Afridi,254,0.6,0.666666667,63.90243902,-1.8,0.444444444,0.125,-12.0327701,-10.6,0.705882353,0.777777778,111.7131063,-5.333333333
Shakib Al Hasan,371,0.746724891,0.218390805,-0.616716464,0.836363636,0.6545961,0.173144876,-5.088851504,0.97804878,0.472222222,0.2,-10.33697632,5.230769231
Shoaib Malik,607,0.714285714,0.166666667,-39.81264637,-11.66666667,0.730769231,0.047619048,-31.25,-8,0.666666667,0.333333333,23.24561404,2
Shubman Gill,482,0.716981132,0.18852459,-29.98757911,-3.17,0.72829582,0.167014614,2.379197442,8.67724246,0.582295989,0.23268206,-1.395554138,5.376960784
Sohail Tanvir,184,0.9,0,-32.66666667,-0.888888889,0.5,0.25,-10,-4.333333333,0.625,0.333333333,45.83333333,-1
Sunny Singh,626,0.5,0.142857143,-41.07142857,-3.125,0.714285714,0.272727273,36.23853211,-10.16666667,0.625,0.75,88.83333333,6.777777778
TL Suman,355,0.721153846,0.2,-7.196029777,9.233333333,0.639285714,0.172093023,9.447697112,13.75,0.438202247,0.2,-0.920544721,-7.691056911
TM Dilshan,120,0.788990826,0.347222222,-14.39830178,4.247619048,0.609195402,0.146067416,-11.98116408,-4.605975724,0.466042155,0.256880734,-7.696889887,-2.935406699
TM Head,69,0.818181818,0.333333333,-6.928104575,23.5,0.77027027,0.137931034,-6.339722512,12.57692308,0.294117647,0.071428571,-58.82352941,-15
Tilak Varma,644,0.762711864,0.317073171,-7.811348563,8.051282051,0.719047619,0.181818182,10.55555556,30.74285714,0.481481481,0.08,-39.85185185,2.466666667
UBT Chand,651,0.777777778,0.416666667,-41.97530864,-8.777777778,0.611940299,0.160377358,-7.567898214,-9.288461538,0.342857143,0.161016949,-20.12900778,-9.438095238
V Kohli,186,0.774193548,0.407142857,13.56631114,1.767332667,0.711798839,0.152427184,-3.710434194,10.19849855,0.556048835,0.22437276,-1.31303053,7.348908918
V Sehwag,520,0.727272727,0.65,45.29971245,1.035714286,0.765100671,0.369458128,46.9068264,5.58974359,0.574387947,0.376712329,24.23130197,0.341935484
V Shankar,203,0.752380952,0.255172414,11.64853759,7.173529412,0.677419355,0.129411765,-4.04365787,10.52058824,0.441176471,0.06557377,-51.5750087,-9.697368421
VR Iyer,310,0.75,0,-68.33333333,-4.166666667,0.676829268,0.190839695,-10.73705425,-2.129310345,0.516014235,0.234741784,-6.133192319,-5.604895105
VVS Laxman,208,0.6,0,-76.66666667,-7.25,0.767123288,0.169491525,-16.12716948,-22.60416667,0.483516484,0.181208054,-31.78194355,-8.282828283
WD Parnell,413,0.615384615,0.066666667,-34.29892892,-7.258333333,0.5,0,-49.85294118,-10.91666667,0.416666667,0.2,10.58558559,1
WP Saha,296,0.773255814,0.279475983,9.458402046,5.8190625,0.685,0.120610687,-9.26022864,0.685650056,0.539325843,0.315891473,10.91512008,2.407142857
Washington Sundar,201,0.691176471,0.279569892,6.33432272,-2.588607595,0.628865979,0.096385542,-12.91297714,4.595238095,0.434782609,0.052631579,-72.74247492,-11.75
Y Nagar,215,0.661157025,0.26744186,3.015185111,-1.664728682,0.608,0.054054054,-35.48852459,6.820512821,0.666666667,0,-26.57657658,-9.5
Y Venugopal Rao,463,0.744855967,0.279069767,7.689186719,2.527062999,0.605042017,0.14213198,-3.805319344,11.08726415,0.419354839,0.115384615,-7.510339123,13.39215686
YK Pathan,225,0.730205279,0.317021277,11.13332487,7.300273673,0.645262334,0.216768916,12.00579774,5.998092773,0.548523207,0.381818182,33.87124832,12.82352941
YV Takawale,632,0.9,1.666666667,115.2941176,14,0.774193548,0.173913043,12.72937995,-15.28571429,0.376923077,0.194174757,-7.263212977,7.811111111
Yashpal Singh,547,0.615384615,0.3,-26.80652681,-0.333333333,0.647058824,0,-11.10337626,-5.833333333,0.257142857,0.0625,-37.14285714,6
Yuvraj Singh,391,0.688659794,0.402515723,20.10028966,-0.285714286,0.56971831,0.180701754,-5.210274407,2.198601399,0.445652174,0.213793103,-2.819539026,1.347069597
Z Khan,513,0.542857143,0.152941176,-33.99986643,-2.483333333,0.310344828,0,-57.69278997,-5.666666667,0,0,-75.67567568,-9.333333333
