bowler,bowler_id,True Economy_death,True SR_death,dotpercentage_death,Containment_death,True Economy_middle,True SR_middle,dotpercentage_middle,Containment_middle,True Economy_powerplay,True SR_powerplay,dotpercentage_powerplay,Containment_powerplay
A Ashish Reddy,417,-1.2166193181818183,0.8461538461538467,0.2727272727272727,1.5,-0.7151771494216863,6.771551724137932,0.32679738562091504,2.0833333333333335,-12.758620689655173,23.0,0.3333333333333333,0.5
A Chandila,284,4.363636363636363,5.0,0.16666666666666666,0.5,-0.2994836488812398,-59.0,0.3855421686746988,3.2,1.5328870417838392,20.825,0.48951048951048953,4.117647058823529
A Choudhary,254,1.365384615384615,-7.75,0.2916666666666667,1.75,0.10975609756097704,-22.77777777777778,0.4146341463414634,2.125,3.8773584905660368,94.0,0.5,2.5714285714285716
A Flintoff,379,-3.9637681159420275,-11.0,0.13043478260869565,0.3333333333333333,0.569230769230769,-20.25,0.4666666666666667,7.0,-2.6694915254237284,17.5,0.25,1.0
A Kumble,483,1.5238095238095237,3.0638297872340434,0.35802469135802467,2.5217391304347827,0.760144527391228,-1.0706552706552692,0.37388724035608306,3.5492957746478875,2.5784825371336817,-2.7948717948717956,0.6037735849056604,5.333333333333333
A Mishra,578,0.31564436754548986,-1.6736111111111107,0.32653061224489793,1.797752808988764,0.5949943999979297,4.164263870685886,0.35730858468677495,3.2195121951219514,1.5181772279727337,4.745098039215684,0.4852941176470588,2.64
A Mithun,614,-3.525030036043252,3.5166666666666675,0.2987012987012987,1.0,-0.5594679186228486,-41.0,0.2887323943661972,1.7826086956521738,-2.125,-38.8,0.40625,1.7333333333333334
A Nehra,486,0.6996326835439177,3.275366568914956,0.3106796116504854,1.7582417582417582,0.1626256687293708,5.010180995475114,0.3568904593639576,2.4047619047619047,-0.34835852429709213,-2.855670103092784,0.49722222222222223,2.452054794520548
A Nel,195,2.695652173913043,17.0,0.6666666666666666,2.0,-3.340425531914893,17.5,0.16666666666666666,0.3333333333333333,-3.200000000000001,24.0,0.3333333333333333,1.0
A Nortje,226,1.3680084151472656,-2.132142857142858,0.3387096774193548,1.8666666666666667,-0.5289626387050799,10.055555555555555,0.4132231404958678,2.0,-0.5155892530471009,6.850574712643677,0.47796610169491527,2.517857142857143
A Singh,67,-1.5870017003589645,4.105882352941176,0.2911392405063291,1.2777777777777777,-0.5883876243696342,-19.416666666666668,0.391304347826087,2.25,0.31749241658240734,0.2788461538461533,0.4844961240310077,3.125
A Symonds,610,1.6870684243565588,-2.7727272727272734,0.2716049382716049,1.2222222222222223,-0.8161059330474627,-4.017295597484274,0.3322884012539185,2.3555555555555556,0.823263053629546,-0.9777777777777779,0.5585585585585585,4.428571428571429
A Uniyal,411,-1.0735294117647065,15.5,0.17647058823529413,0.75,-11.478260869565219,40.0,0.16666666666666666,0.3333333333333333,0.0,12.0,0.3333333333333333,1.3333333333333333
A Zampa,277,2.2959905660377355,20.3,0.3584905660377358,1.4615384615384615,-0.6491065168368992,1.6926406926406905,0.3053097345132743,3.1363636363636362,10.226086956521739,18.0,0.4,1.0
AA Chavan,392,-4.322981366459626,6.833333333333333,0.2857142857142857,0.6666666666666666,-2.6273242570323667,-22.095238095238095,0.27906976744186046,1.411764705882353,0.643096034400382,-29.941176470588236,0.5217391304347826,3.4285714285714284
AA Jhunjhunwala,361,-7.636363636363637,10.0,0.0,0.0,-0.6576819407008081,-36.84615384615385,0.3018867924528302,2.0,-1.3888888888888884,-12.0,0.36666666666666664,1.5714285714285714
AA Noffke,230,13.5,6.0,0.4166666666666667,2.5,3.085106382978724,41.0,0.0,0.0,-12.844444444444443,22.0,0.2,0.3333333333333333
AB Agarkar,581,-1.5039199581871117,-6.695238095238096,0.22598870056497175,1.0526315789473684,-0.3784536800557241,6.536324786324787,0.33171912832929784,2.0757575757575757,-2.368417168859919,-3.654761904761905,0.44508670520231214,1.5714285714285714
AB Dinda,112,-1.5294820122406314,2.0024855012427505,0.26354679802955666,1.009433962264151,1.6763401694512625,-2.5916083916083927,0.3835616438356164,3.8620689655172415,0.3873677233020043,5.274904214559388,0.5119196988707654,2.7019867549668874
AB McDonald,237,-1.1647058823529406,1.9444444444444446,0.3,1.2857142857142858,-0.9177209030751259,4.388888888888889,0.24107142857142858,1.8,-2.6842105263157894,5.0,0.3333333333333333,1.5555555555555556
AC Thomas,461,-1.1034482758620676,-8.666666666666666,0.18018018018018017,0.9523809523809523,0.9157894736842103,56.0,0.36363636363636365,2.6666666666666665,1.4310559006211179,6.875,0.56,3.3793103448275863
AC Voges,493,3.454545454545455,5.0,0.16666666666666666,0.5,-0.9159420289855076,-16.833333333333332,0.25,2.25,-4.0593220338983045,2.75,0.4166666666666667,0.7142857142857143
AD Mascarenhas,444,-0.7876254180602,-1.5,0.23076923076923078,1.5,0.9330754352030954,1.5,0.34545454545454546,3.8,-0.5882590765747544,9.08974358974359,0.4819277108433735,2.7586206896551726
AD Mathews,565,0.3493901497606924,-3.204761904761906,0.24836601307189543,1.52,-0.3854724413606645,-15.977272727272727,0.2714570858283433,1.8888888888888888,-2.5782905580409707,4.242424242424242,0.4032258064516129,1.6666666666666667
AD Russell,546,-0.7304230808441226,3.9237389433420997,0.2964705882352941,1.1150442477876106,-0.502883608763927,8.686274509803923,0.32315112540192925,1.7478260869565216,-0.32493224932249376,7.675000000000001,0.46111111111111114,2.2133333333333334
AF Milne,32,0.1605633802816886,1.9090909090909083,0.3090909090909091,1.4166666666666667,-2.34406015037594,-35.22222222222222,0.26,1.0833333333333333,-1.7182750759878438,-15.0,0.4148936170212766,1.625
AG Murtaza,626,-0.8076235854675407,-8.4,0.13043478260869565,0.6,-0.0665663450473577,21.444444444444443,0.3227848101265823,1.9615384615384615,2.0769230769230766,-6.416666666666668,0.6025641025641025,9.4
AJ Finch,273,6.311688311688313,4.0,0.5714285714285714,2.0,-3.264406779661016,9.333333333333336,0.16666666666666666,0.7142857142857143,5.799999999999999,24.0,0.6666666666666666,2.0
AJ Tye,121,1.207230973224016,3.6574074074074083,0.27208480565371024,1.4,0.15050051471371262,1.375,0.2233502538071066,1.5172413793103448,0.733175300647547,11.824175824175823,0.4627659574468085,2.230769230769231
AL Menaria,42,-6.926086956521741,3.0,0.2,0.5,0.4461062403300682,13.625,0.35714285714285715,3.75,1.8816793893129766,-4.333333333333336,0.4375,3.0
AM Nayar,573,-1.5,6.0,0.16666666666666666,0.5,0.5090439276485785,0.6428571428571423,0.30092592592592593,2.03125,-2.4000000000000004,24.0,0.5,1.0
AM Salvi,160,-0.1363636363636367,-7.0,0.13333333333333333,1.0,0.13947163947163865,5.5625,0.4423076923076923,2.5555555555555554,-0.75,-44.44444444444444,0.46875,2.5
AN Ahmed,110,-1.1524399770845282,3.0763888888888893,0.26373626373626374,1.3333333333333333,0.11797562626946512,-16.91397849462366,0.29464285714285715,1.9411764705882353,-0.5720279720279722,-21.883333333333336,0.4846153846153846,2.423076923076923
AP Dole,468,4.5,6.0,0.3333333333333333,1.3333333333333333,0.6191723415400716,16.166666666666668,0.2608695652173913,2.0,-4.999999999999998,3.75,0.3333333333333333,1.0
AR Patel,252,1.189561855670103,-2.9978354978354975,0.325,1.793103448275862,0.8944735862699913,-2.6805167824449754,0.3201803833145434,2.973821989528796,0.44278280542986437,-0.16359447004608185,0.4,2.4285714285714284
AS Joseph,635,1.2540372670807436,5.717948717948718,0.35,2.1,-1.7535744322960465,-6.636363636363637,0.3448275862068966,1.5789473684210527,-2.785832872163809,-11.2,0.5,1.6956521739130435
AS Rajpoot,596,-1.1208492106695687,1.8461538461538467,0.18181818181818182,0.6923076923076923,-0.29121500368245723,4.575757575757578,0.38926174496644295,2.0714285714285716,-1.595715676728335,-9.928888888888888,0.4461538461538462,1.7846153846153847
Abhishek Sharma,495,-1.0,6.0,0.0,0.0,-0.8774294189852698,0.8080357142857153,0.2265625,1.8125,0.304347826086957,74.0,0.4444444444444444,2.0
Akash Deep,497,-7.737556561085972,15.5,0.17647058823529413,0.375,-2.344545454545453,-10.235294117647058,0.36363636363636365,1.6,-2.7884436160298236,22.5,0.41379310344827586,2.0
Akash Singh,506,-3.75,18.0,0.0,0.0,4.25,42.0,0.3333333333333333,1.0,-2.5,12.0,0.4166666666666667,1.25
Anand Rajan,101,-2.028099173553718,3.593406593406594,0.325,1.0833333333333333,-0.795066413662239,7.666666666666664,0.3225806451612903,3.3333333333333335,0.8793650793650798,-19.5,0.5714285714285714,3.4285714285714284
Ankit Sharma,406,-0.4400000000000013,-7.0,0.24,1.0,-0.03337945347630633,-6.444444444444443,0.32142857142857145,2.8636363636363638,1.7176674364896076,6.928571428571427,0.4722222222222222,3.5789473684210527
Ankit Soni,470,-15.176470588235293,16.0,0.0,0.0,0.7093287310382426,2.6666666666666714,0.32673267326732675,2.357142857142857,8.82857142857143,11.5,0.6666666666666666,2.0
Anureet Singh,48,-0.9159870641169849,-0.25555555555555465,0.2755905511811024,1.0294117647058822,-1.0772712917149168,-5.648148148148149,0.2457627118644068,1.3181818181818181,1.4472049689440993,18.25,0.487012987012987,2.5
Arshdeep Singh,58,1.173506493506494,-3.0254872563718145,0.2727272727272727,1.7045454545454546,0.5587889882905603,8.073593073593074,0.3282442748091603,2.263157894736842,-0.05003179288827653,4.784722222222221,0.4108761329305136,2.1587301587301586
Avesh Khan,574,1.1471018780951194,-2.006933744221879,0.30584192439862545,1.4833333333333334,0.17472703816745927,10.155635062611807,0.41530054644808745,2.814814814814815,-1.0079436789398386,0.8154761904761898,0.5,2.1645569620253164
Azhar Mahmood,24,0.15402076793045083,0.4920634920634921,0.27722772277227725,1.2173913043478262,0.8498771498771491,-1.9841269841269842,0.41081081081081083,3.3043478260869565,-0.0676653761992938,1.5555555555555571,0.46853146853146854,3.35
B Akhil,111,-0.7304081632653059,-16.166666666666664,0.24489795918367346,0.9230769230769231,0.4850061199510405,-4.085714285714285,0.3643410852713178,3.9166666666666665,-7.0,9.0,0.16666666666666666,0.3333333333333333
B Geeves,449,-4.25,18.0,0.5,1.0,-5.022988505747127,-7.125,0.2777777777777778,0.7142857142857143,-6.122340425531915,23.0,0.2916666666666667,0.7
B Kumar,490,0.7705403703799156,0.30097465886939645,0.2843224092116918,1.558252427184466,-0.29024725147651687,-6.362500000000001,0.2785923753665689,1.7924528301886793,2.086265293615532,-1.845833333333335,0.5660046728971962,3.8452380952380953
B Laughlin,568,-2.0489604292421184,11.0,0.2535211267605634,0.9473684210526315,-0.7726114649681524,-10.375,0.25,1.6666666666666667,-0.3513078470824951,16.733333333333334,0.2571428571428571,1.125
B Lee,278,0.351043273767619,-10.981566820276496,0.30363036303630364,1.84,0.8195156031672104,6.681818181818183,0.40789473684210525,4.428571428571429,0.1060940675268709,-20.677304964539005,0.5340425531914894,2.8202247191011236
B Stanlake,499,1.75,18.0,0.16666666666666666,0.5,-1.2170940170940163,10.866666666666667,0.4074074074074074,2.0,0.10299003322259193,-23.571428571428573,0.4880952380952381,2.5625
BA Bhatt,419,0.9748917748917751,-17.75,0.23809523809523808,1.25,-1.3106755629691413,0.6071428571428577,0.2803030303030303,1.85,-0.04639570552147276,12.222222222222221,0.4270833333333333,2.5625
BA Stokes,366,-0.1518119068162207,0.6378205128205128,0.29473684210526313,1.4,0.5604231779208888,-25.505747126436784,0.32081911262798635,2.186046511627907,-0.9583953792698878,4.318996415770609,0.43820224719101125,1.6956521739130435
BAW Mendis,312,1.5430107526881738,-6.727272727272727,0.2777777777777778,1.6666666666666667,1.2044669583237404,-8.485294117647058,0.2868217054263566,3.0833333333333335,0.7116808088102546,2.833333333333332,0.41379310344827586,3.0
BB Sran,625,0.2414216761737613,0.33333333333333215,0.23255813953488372,1.3333333333333333,-1.432328432673426,-2.095238095238095,0.30120481927710846,1.5625,-2.3114580661708146,-20.950980392156865,0.4375,1.8148148148148149
BCJ Cutting,104,-3.6468292682926826,-17.67857142857143,0.18666666666666668,0.6666666666666666,-0.007997528357681638,1.746031746031747,0.32515337423312884,1.8928571428571428,-1.9195893926432852,-8.600000000000001,0.23809523809523808,1.0
BE Hendricks,627,1.8226059654631097,5.75,0.38461538461538464,2.0,-0.8209619526202445,-3.2857142857142865,0.3142857142857143,1.8333333333333333,-1.7142857142857153,-28.5,0.35,1.4
BJ Hodge,94,-1.666666666666666,9.5,0.3888888888888889,2.3333333333333335,-0.574170051827986,16.123076923076923,0.2994350282485876,2.409090909090909,-1.6850649350649345,-5.666666666666668,0.42857142857142855,2.142857142857143
BW Hilfenhaus,588,-2.2090445756815775,-1.9937888198757765,0.2978723404255319,1.0,-2.1261904761904766,6.666666666666668,0.3333333333333333,2.0,1.0,5.10576923076923,0.5757575757575758,3.8
Basil Thampi,334,-1.5523734426746554,1.8083333333333336,0.20588235294117646,0.813953488372093,-0.07640359640359584,0.16666666666666785,0.2857142857142857,1.625,-1.664635099234257,-60.30769230769231,0.41139240506329117,1.5853658536585367
Bipul Sharma,622,-6.028846153846153,-22.545454545454547,0.25,0.6666666666666666,0.07515355215756792,2.118351063829788,0.2747603833865815,2.4571428571428573,1.270399047051816,9.350000000000001,0.5068493150684932,3.0833333333333335
C Sakariya,558,0.5206611570247937,-4.621118012422359,0.2358490566037736,1.3157894736842106,0.7271633300514182,9.357894736842105,0.26262626262626265,1.7333333333333334,0.8290729072907288,0.6666666666666643,0.45454545454545453,3.260869565217391
C de Grandhomme,246,-5.655801825293352,6.666666666666668,0.07692307692307693,0.25,-0.8566149297856622,-4.350649350649352,0.26737967914438504,1.7857142857142858,1.637931034482759,17.0,0.5833333333333334,2.3333333333333335
CH Gayle,279,0.953672471948785,-2.955555555555554,0.3150684931506849,1.84,0.365570814727441,-18.927223719676547,0.3054545454545455,2.7096774193548385,1.0234048896839596,-14.428571428571427,0.42735042735042733,2.5
CH Morris,117,1.1189267585206668,0.901704545454546,0.2904761904761905,1.7264150943396226,0.11855514683712265,2.0470085470085486,0.3836317135549872,2.34375,0.07193712436430921,-2.9883333333333333,0.5037593984962406,2.5968992248062017
CJ Anderson,453,-3.498868079851821,-1.5238095238095237,0.22093023255813954,0.6333333333333333,-0.09388104793254293,1.982608695652175,0.21641791044776118,1.2608695652173914,-4.2873547505126455,6.799999999999997,0.44285714285714284,1.4090909090909092
CJ Jordan,98,-1.2372569881032973,-3.4720720720720717,0.23222748815165878,0.9245283018867925,0.6033519553072626,9.195121951219512,0.3431372549019608,2.6923076923076925,-1.8183393814656341,-0.5043478260869563,0.4144144144144144,1.7037037037037037
CJ McKay,22,6.0,6.0,0.25,1.0,0.8560606060606055,11.333333333333332,0.3888888888888889,3.5,-7.813559322033898,47.0,0.3333333333333333,0.6666666666666666
CK Langeveldt,537,-0.867879203843513,3.75,0.2553191489361702,1.7142857142857142,0.7866526537046763,35.916666666666664,0.45454545454545453,2.5,0.29761904761904834,5.166666666666668,0.5802469135802469,3.1333333333333333
CR Brathwaite,46,-1.5880774962742166,7.392857142857143,0.3090909090909091,1.2142857142857142,-0.992889027301981,1.9353448275862064,0.27485380116959063,1.5666666666666667,0.40000000000000036,36.0,0.4166666666666667,1.6666666666666667
CR Woakes,600,-0.10531655844155807,3.1750000000000007,0.2987012987012987,1.15,1.2660171057990528,5.5440613026819925,0.3898305084745763,2.875,-1.1566433566433556,-0.117647058823529,0.4423076923076923,1.725
CRD Fernando,636,-0.75,5.371428571428572,0.3,1.5,0.8802469992367996,5.133333333333333,0.5070422535211268,4.0,0.15338842975206557,23.857142857142854,0.52,2.7857142857142856
CV Varun,203,1.2699975387644589,-6.136363636363637,0.3382352941176471,2.090909090909091,0.4212404413000712,0.24866440019427216,0.34789391575663026,3.0547945205479454,0.7806770688213982,0.206666666666667,0.41621621621621624,2.75
D Wiese,210,-1.2722235049642112,0.5673076923076916,0.26229508196721313,1.0,-0.9767405779300544,-37.80555555555556,0.2129032258064516,1.1379310344827587,2.591439688715953,33.16666666666667,0.5172413793103449,3.75
D du Preez,229,-0.7272727272727266,16.0,0.0,0.0,-2.2666666666666675,27.0,0.3333333333333333,2.0,0.5555555555555554,48.0,0.6666666666666666,4.0
DAJ Bracewell,45,0.09090909090909172,19.0,0.3333333333333333,0.6666666666666666,-0.2857142857142856,2.0,0.3333333333333333,2.0,0.7142857142857153,22.0,0.6666666666666666,2.0
DE Bollinger,298,1.4661383593917323,5.7857142857142865,0.3826086956521739,2.933333333333333,2.3403263403263406,67.0,0.4444444444444444,4.0,-0.02553991749575424,-5.720779220779221,0.5064102564102564,2.5901639344262297
DJ Bravo,253,0.15117610317678754,2.112403100775195,0.2930780559646539,1.5793650793650793,0.008796646340099912,-1.2373188405797109,0.32972972972972975,2.392156862745098,0.06552816171900488,11.550868486352357,0.49557522123893805,2.488888888888889
DJ Hooda,208,-3.523530488921441,-30.3,0.20930232558139536,0.6428571428571429,-0.31375818939845157,-14.000000000000004,0.25217391304347825,2.0,-0.6446540880503147,-16.125,0.4027777777777778,1.9333333333333333
DJ Hussey,267,-4.5749792874896436,-15.357142857142858,0.29411764705882354,0.9375,-0.5781818181818199,-3.375,0.27555555555555555,2.066666666666667,-2.451063829787236,-11.5,0.2571428571428571,1.0
DJ Muthuswami,456,7.3478260869565215,5.5,0.8333333333333334,2.5,-0.25,42.0,0.6666666666666666,1.3333333333333333,-0.4460431654676267,11.75,0.5072463768115942,2.3333333333333335
DJ Willey,90,-0.8500000000000014,-4.666666666666666,0.3333333333333333,1.5,-2.9993098688750868,-2.0,0.21739130434782608,0.8333333333333334,0.27822944896115587,-57.57142857142857,0.3950617283950617,2.4615384615384617
DJG Sammy,281,-3.377857142857142,0.5,0.16666666666666666,0.5714285714285714,-0.359977216631858,5.800766283524904,0.36024844720496896,2.1481481481481484,-2.3928571428571432,4.0,0.25,1.5
DL Chahar,471,0.9816388336073372,1.3903508771929811,0.28346456692913385,2.0,0.7424153870676395,-21.5,0.28735632183908044,2.272727272727273,-0.06256932584822561,1.7594771241830074,0.4786494538232373,2.3173076923076925
DL Vettori,333,1.3462849352419912,-7.090702947845804,0.3006134969325153,1.96,1.1968811515748028,-0.7354458364038301,0.35546875,3.4339622641509435,0.9652156361434425,11.166666666666664,0.43820224719101125,3.0
DNT Zoysa,448,1.3040877367896293,-2.25,0.35294117647058826,1.5,-1.9468085106382986,19.333333333333332,0.25,0.6,-0.9107981220657289,-18.25,0.4166666666666667,2.142857142857143
DP Nannes,297,-0.5113375443773336,-1.2296466973886329,0.34146341463414637,1.6666666666666667,-0.014114980424478674,-73.38235294117646,0.33695652173913043,2.2142857142857144,1.919797044685776,1.4634581105169353,0.5609756097560976,3.8333333333333335
DP Vijaykumar,369,1.33229813664596,-10.555555555555555,0.13043478260869565,0.6,1.567164179104477,-0.6666666666666679,0.30434782608695654,2.3333333333333335,0.762191780821917,3.1666666666666643,0.53,2.5238095238095237
DR Sams,309,-3.414376321353064,-24.041666666666664,0.22727272727272727,0.7142857142857143,-0.1444877253374397,-1.2814814814814817,0.34210526315789475,2.2941176470588234,1.0891423985324469,-3.583333333333332,0.4943820224719101,3.142857142857143
DR Smith,259,-3.106291165114694,6.4732142857142865,0.25,0.7083333333333334,0.3820510106889614,0.8698412698412703,0.3207070707070707,2.1166666666666667,-4.278201219512196,6.494117647058822,0.375,1.0434782608695652
DS Kulkarni,5,0.5312507301572484,-0.12385844748858332,0.3056379821958457,1.5147058823529411,-0.2769280587187648,8.159574468085108,0.3333333333333333,1.8918918918918919,0.004282705427787192,1.7598584428715895,0.4955312810327706,2.376190476190476
DT Christian,328,-1.8367590987868283,-4.497822931785196,0.255,1.1333333333333333,0.05666876642033092,-3.881154499151105,0.3402061855670103,2.8947368421052633,-1.259164849907764,3.51923076923077,0.449438202247191,2.051282051282051
DW Steyn,93,1.8405494909849143,-0.16005121638924535,0.35161290322580646,2.0373831775700935,1.162390495084816,-4.513106159895152,0.44584382871536526,3.2181818181818183,1.2734775947912675,-5.679292929292927,0.5571428571428572,3.565714285714286
FH Edwards,533,0.7059465357337693,-15.142857142857142,0.2978723404255319,1.2727272727272727,-0.05263157894736814,11.75,0.5,2.0,2.7074303405572753,-2.0,0.6578947368421053,5.555555555555555
Fazalhaq Farooqi,442,-4.252032520325205,-4.333333333333334,0.16666666666666666,0.42857142857142855,0.7969924812030076,-7.375,0.25,1.2,4.36923076923077,48.0,0.5,3.75
GB Hogg,570,2.94109589041096,-0.16149068322981464,0.4,2.769230769230769,-0.003832624786896055,1.7665782493368702,0.31511254019292606,2.5128205128205128,1.7695128339444732,24.000000000000004,0.5434782608695652,3.125
GC Viljoen,415,-1.5541051185159755,-6.300000000000001,0.2682926829268293,0.6875,0.9952153110047863,10.857142857142858,0.3508771929824561,2.857142857142857,0.04225352112676006,35.333333333333336,0.3333333333333333,1.5
GD McGrath,520,0.15591279453864715,-17.623655913978492,0.2236842105263158,1.1333333333333333,0.5441176470588234,7.428571428571427,0.375,1.8,3.71965869165133,1.383838383838384,0.5906976744186047,3.96875
GHS Garton,238,1.833333333333334,-8.285714285714286,0.3333333333333333,3.0,2.1489361702127656,3.666666666666666,0.5833333333333334,3.5,-2.808146987608602,60.0,0.3050847457627119,1.2
GJ Maxwell,401,0.20220531138375364,-14.9375,0.19148936170212766,1.8,-0.310420821152797,-4.0530303030303045,0.3074141048824593,2.1794871794871793,-0.1608503228614957,-3.571428571428573,0.39106145251396646,1.8918918918918919
GS Sandhu,71,-2.1363636363636367,-13.0,0.16666666666666666,0.5714285714285714,-1.5280748663101615,27.0,0.11764705882352941,0.6666666666666666,-0.5862068965517242,23.0,0.5,1.5
Gagandeep Singh,377,-4.677419354838708,-8.5,0.20833333333333334,0.5,-0.7245283018867923,-3.6428571428571423,0.32075471698113206,1.8888888888888888,-3.8,9.0,0.5,1.5
HF Gurney,282,-1.7132075471698123,13.0,0.24528301886792453,0.7222222222222222,-0.6425368353619465,-10.142857142857142,0.21428571428571427,1.2857142857142858,3.079852579852579,-3.3999999999999986,0.42424242424242425,5.6
HH Pandya,220,-1.6098729582577125,3.0622895622895623,0.32894736842105265,1.2295081967213115,-0.0951340584416851,-0.3333333333333357,0.3293515358361775,2.218390804597701,-0.7919020715630891,-9.402597402597404,0.4212962962962963,1.75
HR Shokeen,288,-16.5,6.0,0.3333333333333333,0.4,-1.1749125437281354,-40.75,0.41379310344827586,3.0,-0.7891566265060241,-3.25,0.625,2.5
HV Patel,455,-0.1297256607561046,1.2006033182503781,0.3360655737704918,1.690721649484536,0.4088499133986865,0.30609896432681083,0.3565989847715736,2.4867256637168142,-0.8114250321597023,0.9881422924901173,0.38848920863309355,1.7142857142857142
Harbhajan Singh,541,0.20869795810130043,0.8831168831168839,0.337037037037037,2.2195121951219514,0.6607669995669525,-0.9938612895357366,0.339186295503212,2.9774436090225564,0.05009786490161172,-1.386968085106382,0.49868766404199477,2.8358208955223883
Harmeet Singh,607,1.1583529411764708,-0.6680161943319831,0.368,2.4210526315789473,-0.9829210551744127,-0.13333333333333286,0.33860759493670883,2.276595744680851,-2.061712846347607,3.8500000000000014,0.5,2.0
Harpreet Brar,280,-4.909090909090908,17.0,0.2,0.3333333333333333,0.48845103571051496,-3.2361111111111107,0.3697478991596639,3.3846153846153846,-2.779641900465247,-19.375,0.34146341463414637,1.1666666666666667
I Sharma,563,-0.9637836626212817,-9.316455696202532,0.2647058823529412,1.0421052631578946,-1.6183292122681472,-6.461221122112214,0.31044776119402984,1.8245614035087718,0.3622345318856892,-1.4484848484848492,0.5207823960880196,2.730769230769231
I Udana,193,0.7948442534908704,-6.75,0.21052631578947367,1.5,-1.9560439560439562,0.22222222222222143,0.2833333333333333,1.5454545454545454,-4.78344128414531,-1.375,0.3018867924528302,0.8888888888888888
IC Pandey,340,-0.47934918648310365,-9.166666666666668,0.23529411764705882,0.8888888888888888,-0.3098978191245987,-8.256250000000001,0.33544303797468356,1.7096774193548387,-0.22126007097105393,-1.6217948717948723,0.583011583011583,2.849056603773585
IK Pathan,368,0.17998779239125184,0.17358822236871063,0.24733475479744135,1.303370786516854,-0.16001133144475865,5.378205128205128,0.3392,2.0784313725490198,0.4845061431894031,-6.09375,0.5639599555061179,2.755434782608696
IS Sodhi,402,6.342857142857144,8.0,0.5714285714285714,2.0,1.4074349442379175,1.5974025974025956,0.325,4.0,-1.9782608695652177,17.0,0.6666666666666666,2.6666666666666665
Imran Tahir,593,0.30718381998861943,-1.5887939221272553,0.27672955974842767,1.7254901960784315,-0.005872309287152433,7.729665071770338,0.3602150537634409,2.9130434782608696,0.32641591007349824,24.833333333333336,0.25925925925925924,1.0769230769230769
Iqbal Abdulla,503,-0.27319347319347287,-6.52910052910053,0.3333333333333333,1.8571428571428572,-0.42280573472958594,-2.2579384465070866,0.3132295719844358,2.4029850746268657,0.46454020383959005,9.770370370370372,0.4781021897810219,3.5405405405405403
J Botha,532,0.5450928381962861,0.2592592592592595,0.33653846153846156,2.3333333333333335,0.46043635882070433,-3.4945054945054963,0.36787564766839376,4.057142857142857,-0.9176326029080482,-23.023809523809526,0.4052631578947368,2.264705882352941
J Suchith,354,-3.6818181818181817,-1.0,0.3333333333333333,1.0,-0.6725924000032508,5.446428571428573,0.3143712574850299,1.9444444444444444,-0.2857142857142847,26.4,0.4305555555555556,2.066666666666667
J Syed Mohammad,336,-3.615384615384615,1.5,0.2777777777777778,1.25,-1.7924836601307188,9.675,0.20261437908496732,1.24,4.333333333333333,34.0,0.6111111111111112,5.5
J Theron,549,1.85576923076923,-1.8181818181818183,0.20833333333333334,1.4285714285714286,2.758499824745882,10.884615384615383,0.3888888888888889,4.2,-1.3957219251336905,41.0,0.421875,1.588235294117647
J Yadav,647,-1.8260869565217392,-2.8000000000000007,0.4166666666666667,1.6666666666666667,0.05574046766378782,-32.875,0.38613861386138615,4.875,-0.5932773109243703,-13.7,0.41333333333333333,2.48
JA Morkel,206,-0.18994565217391468,3.2948717948717956,0.2625,1.5272727272727273,0.6058689313435748,1.4818181818181841,0.35845213849287166,2.8852459016393444,-0.9489500860585203,-1.2857142857142847,0.44114285714285717,1.9014778325123152
JA Richardson,204,-1.6315789473684212,0.6666666666666661,0.16666666666666666,0.5,-1.902325581395349,10.8,0.26666666666666666,1.1428571428571428,-1.521358159912376,5.666666666666668,0.5454545454545454,2.0
JC Archer,380,2.0633043265106004,-2.5162790697674406,0.29573170731707316,1.5396825396825398,2.2649557473776225,19.833333333333332,0.46153846153846156,3.6666666666666665,3.361418545676149,14.848416289592762,0.6331360946745562,4.863636363636363
JD Ryder,467,-2.2714285714285722,-2.3181818181818183,0.24,0.75,-0.3104006163328208,-0.5888888888888886,0.35,2.8,-1.5999999999999996,24.0,0.5,1.5
JD Unadkat,527,-1.5172761618310524,1.6924019607843146,0.26094890510948904,1.0671641791044777,-0.5664431556955236,-4.927766032417196,0.2843601895734597,1.7307692307692308,0.09121240410764209,-4.353406593406596,0.43804034582132567,2.512396694214876
JDP Oram,236,1.616511127063891,2.3055555555555554,0.3,1.75,-2.329991645781119,-35.0,0.3148148148148148,1.7,-2.0094339622641506,-8.833333333333332,0.3867924528301887,1.64
JDS Neesham,523,-4.333333333333332,6.0,0.0,0.0,-0.9195531871285088,4.571428571428573,0.2804878048780488,1.7037037037037037,-2.896177062374244,-6.600000000000001,0.4857142857142857,1.4166666666666667
JE Taylor,139,-0.8288920056100988,15.583333333333332,0.34782608695652173,1.4545454545454546,-0.03455368161250494,6.833333333333332,0.5294117647058824,3.0,0.9523809523809526,15.0,0.4791666666666667,3.2857142857142856
JEC Franklin,64,-2.459999999999999,0.3333333333333339,0.2916666666666667,1.1666666666666667,-1.2164434755527882,3.1999999999999993,0.2631578947368421,1.5,-2.422187981510014,8.666666666666668,0.18181818181818182,1.0
JH Kallis,502,-0.7782955948950185,-0.2529411764705891,0.2542857142857143,1.0853658536585367,-0.09269041586519844,-9.523076923076925,0.33254437869822484,2.361344537815126,-0.21372059353824913,3.860000000000003,0.4547244094488189,2.5384615384615383
JJ Bumrah,299,1.7355712679748763,-1.0069105691056919,0.31536388140161725,1.9608938547486034,1.3406411556734517,8.89571150097466,0.39349112426035504,3.2839506172839505,1.185157992059608,-3.215151515151515,0.51431718061674,3.220689655172414
JJ van der Wath,41,-0.5806451612903221,4.5,0.2727272727272727,0.8571428571428571,-3.997566909975669,27.666666666666664,0.2777777777777778,0.625,-2.0864864864864856,44.0,0.6,2.25
JL Pattinson,74,0.6633366633366631,0.5166666666666675,0.358974358974359,1.75,-1.1007865374062558,11.871794871794872,0.28169014084507044,1.5384615384615385,-1.2568477772788498,0.6999999999999993,0.4215686274509804,1.8695652173913044
JO Holder,608,0.2404654169360061,4.502898550724638,0.2669683257918552,1.5128205128205128,-0.044026458798009926,-0.21814006888633486,0.30685920577617326,2.361111111111111,-1.2880251864331775,-2.569047619047616,0.43769968051118213,1.9855072463768115
JP Behrendorff,469,-8.391304347826088,-0.25,0.3333333333333333,0.6666666666666666,2.446776611694153,11.785714285714285,0.41379310344827586,4.0,-3.3947368421052637,7.333333333333332,0.4868421052631579,1.6818181818181819
JP Duminy,466,-0.24351297405189598,-6.071428571428571,0.25925925925925924,1.4,0.03554961339223617,-4.034509803921569,0.3296943231441048,3.1458333333333335,-0.7723360184119672,-28.753623188405793,0.43670886075949367,2.4642857142857144
JP Faulkner,166,0.17683312262958317,1.6287262872628716,0.25669642857142855,1.2637362637362637,-0.5032290162719022,0.6871794871794883,0.32653061224489793,2.0317460317460316,-0.5930663763481103,6.4432624113475185,0.4369747899159664,2.136986301369863
JPR Scantlebury-Searles,224,-8.304347826086957,5.5,0.3333333333333333,0.5,-3.0,-3.6000000000000014,0.16666666666666666,0.8333333333333334,-3.0,24.0,0.0,0.0
JR Hazlewood,429,-0.9584415584415602,1.3999999999999986,0.2922077922077922,1.25,0.18940100765068024,15.911764705882351,0.4057971014492754,3.111111111111111,1.5380952380952397,2.1710526315789487,0.4984126984126984,2.6166666666666667
JR Hopes,28,-2.3798076923076934,-0.2666666666666657,0.18269230769230768,0.7307692307692307,0.10698412698412874,-8.517857142857146,0.3422222222222222,1.8780487804878048,-2.141711229946525,0.6000000000000014,0.5294117647058824,1.8
JW Hastings,146,3.5032258064516117,5.5,0.5,2.5,6.1875,36.0,0.5,3.0,0.48095238095237924,-18.5,0.5555555555555556,1.8181818181818181
Jaskaran Singh,586,-1.7082228116710887,13.733333333333333,0.27586206896551724,0.6666666666666666,-2.078688524590163,-7.125,0.4,1.5,0.3899999999999997,0.0,0.475,2.7142857142857144
Joginder Sharma,488,-2.8382352941176485,-7.2857142857142865,0.21568627450980393,0.7333333333333333,-1.0337190742218674,5.433333333333334,0.2737430167597765,1.6896551724137931,-2.2048192771084327,17.5,0.4583333333333333,1.5714285714285714
K Gowtham,421,-4.235294117647058,-5.166666666666666,0.23529411764705882,0.5714285714285714,-0.1707285622179242,0.07142857142857295,0.3191489361702128,2.2058823529411766,0.2884466270354089,2.9107142857142847,0.3835616438356164,1.75
K Khejroliya,15,2.1283422459893053,-3.8000000000000007,0.11764705882352941,0.6666666666666666,-1.0175794455713323,-12.0,0.3103448275862069,1.8,-4.530405405405405,-3.666666666666666,0.3125,0.8333333333333334
K Rabada,567,0.23373376695205828,5.322222222222223,0.3562753036437247,1.6923076923076923,0.7433728098637253,7.393650793650796,0.4,3.1363636363636362,-0.2968476357267953,3.4579124579124567,0.4413309982486865,2.230088495575221
K Santokie,538,-5.492753623188406,-11.0,0.21739130434782608,0.625,1.2608695652173907,9.333333333333334,0.5,1.5,-2.888888888888891,0.0,0.3888888888888889,1.75
KA Jamieson,637,-3.6491228070175428,-8.5,0.2222222222222222,0.8,0.8762677484787016,16.77777777777778,0.4827586206896552,2.8,-1.1514907332796112,11.0,0.46078431372549017,1.88
KA Pollard,632,-1.6095493224078155,0.04313725490196063,0.2634730538922156,1.1428571428571428,-0.46013978678462486,1.9867284337047693,0.27651858567543064,1.90625,-2.4920095205712354,0.6000000000000014,0.35294117647058826,1.2
KAJ Roach,514,-2.0406504065040636,-4.333333333333334,0.1111111111111111,0.2857142857142857,-0.8085106382978724,6.800000000000001,0.5,3.0,1.282051282051281,8.0,0.6666666666666666,2.4
KC Cariappa,609,2.2638655462184865,5.5,0.23529411764705882,1.3333333333333333,-0.8676496401614884,-11.37037037037037,0.2654320987654321,1.4827586206896552,-2.587121212121211,8.0,0.3888888888888889,1.4
KH Pandya,372,1.1020166697341782,0.8975155279503095,0.3561643835616438,2.4761904761904763,0.5519774671414108,-9.714649681528662,0.2857142857142857,2.786324786324786,0.28295662943291955,-1.9975369458128078,0.41597796143250687,2.3968253968253967
KJ Abbott,171,-3.0,-14.4,0.20833333333333334,0.5555555555555556,-1.7133271202236724,4.0,0.3448275862068966,1.25,-1.177235772357724,94.0,0.3170731707317073,1.1818181818181819
KK Ahmed,384,0.30920021520971375,1.7278911564625847,0.3271889400921659,1.5777777777777777,-0.596878612716762,5.56023222060958,0.35260115606936415,2.103448275862069,-0.6560343995553612,9.703529411764706,0.47480106100795755,2.2098765432098766
KK Cooper,168,0.7268235294117638,-2.548780487804878,0.288,1.7142857142857142,0.32882473289383984,8.543859649122805,0.32547169811320753,2.6538461538461537,0.9307673918240482,0.1309523809523796,0.48314606741573035,3.0714285714285716
KL Nagarkoti,618,-2.2314606741573026,-15.166666666666666,0.36666666666666664,1.375,-2.0369467138153876,-6.333333333333332,0.22033898305084745,1.3,-2.1684210526315777,84.0,0.43333333333333335,1.8571428571428572
KM Asif,113,-5.7915057915057915,30.0,0.0,0.0,-3.5530303030303028,26.0,0.16666666666666666,0.75,1.25,40.0,0.625,2.142857142857143
KMA Paul,175,0.30944055944056004,-4.055555555555555,0.3333333333333333,1.7777777777777777,-0.5642197853071389,1.6714285714285744,0.3177570093457944,2.4285714285714284,-0.7241379310344822,23.0,0.3333333333333333,1.0
KMDN Kulasekara,258,3.321428571428571,-4.666666666666666,0.32142857142857145,3.0,0.625,42.0,0.16666666666666666,0.5,0.6071428571428568,20.833333333333336,0.5303030303030303,2.5
KP Appanna,383,-4.826086956521739,3.333333333333334,0.16666666666666666,0.5,-0.3167908065545859,14.931818181818183,0.32432432432432434,2.608695652173913,-1.3790849673202619,10.0,0.35294117647058826,1.2
KP Pietersen,360,-0.4772727272727266,-1.0,0.25,1.5,-0.3756497948016415,4.0,0.27906976744186046,2.769230769230769,3.666666666666665,9.0,0.6666666666666666,4.0
KR Sen,362,-2.6317907444668016,1.7777777777777786,0.3333333333333333,0.9333333333333333,0.02763090567968618,1.2666666666666693,0.3902439024390244,2.2857142857142856,-2.072289156626506,15.666666666666668,0.4166666666666667,1.4285714285714286
KV Sharma,218,-1.6642073778664006,-2.8205128205128194,0.32941176470588235,1.1666666666666667,-0.3029605263157906,6.714104996837445,0.33125,2.427480916030534,0.4460405601158861,4.445714285714285,0.40131578947368424,2.652173913043478
KW Richardson,145,-0.6808238743140649,-0.14166666666666572,0.2641509433962264,1.12,-0.8170289855072443,-20.545454545454547,0.25925925925925924,1.75,-0.5444964871194378,4.729411764705883,0.5178571428571429,2.9
Kamran Khan,619,-1.5255504777731623,14.95,0.27586206896551724,1.1428571428571428,-0.14666399519134377,6.366666666666665,0.30434782608695654,2.3333333333333335,-2.0887761572606216,9.388888888888888,0.4939759036144578,1.8636363636363635
Karanveer Singh,16,-4.527777777777777,6.771428571428571,0.375,1.2857142857142858,-1.4842671657503814,5.324786324786327,0.29518072289156627,1.8846153846153846,-6.25,12.0,0.5,1.2
Kartik Tyagi,416,1.683602001111728,8.291666666666668,0.3238095238095238,1.4782608695652173,-0.21850061818590483,-18.373333333333335,0.3548387096774194,2.0952380952380953,-2.507975317266271,-5.9375,0.4444444444444444,1.6470588235294117
Kuldeep Yadav,262,1.95369104579631,5.6410256410256405,0.32386363636363635,1.9655172413793103,-0.27928621233941353,-0.9883468834688323,0.2969569779643232,1.9652777777777777,2.5768194070080863,178.0,0.33962264150943394,3.0
L Ablish,548,3.8877005347593583,6.75,0.29411764705882354,2.5,-4.785714285714285,30.0,0.16666666666666666,0.3333333333333333,-6.699999999999999,3.0,0.25,0.5
L Balaji,651,-1.8491548807954246,-2.085789599808292,0.22964509394572025,1.0476190476190477,0.024495077734473902,3.623241590214068,0.3613138686131387,2.8285714285714287,0.14300920598388966,-1.1666666666666679,0.5204545454545455,2.8271604938271606
L Ngidi,17,2.909553606179456,6.399159663865547,0.33070866141732286,1.6153846153846154,0.9189189189189193,14.666666666666668,0.36666666666666664,2.75,0.927299392415672,7.660714285714285,0.5193798449612403,2.68
LE Plunkett,598,0.5959520239880067,-12.454545454545455,0.2391304347826087,1.375,-0.22550335570469748,-43.44444444444444,0.31666666666666665,1.9,-0.6482856132909145,-11.428571428571427,0.21951219512195122,1.0
LH Ferguson,524,-1.6341991508772455,-4.8217948717948715,0.296137339055794,1.2777777777777777,0.44571315190869143,0.11542288557214064,0.43322475570032576,2.66,-0.6412723997345218,16.482051282051284,0.45754716981132076,2.0638297872340425
LJ Wright,557,1.1046195652173907,-7.0,0.13043478260869565,0.6,0.20526656593999704,4.200000000000003,0.21951219512195122,1.2857142857142858,-2.275862068965518,23.0,0.3333333333333333,1.0
LR Shukla,571,-0.57683024939662,5.569444444444445,0.33766233766233766,1.7333333333333334,-0.931733930195147,-2.1388888888888893,0.37254901960784315,2.303030303030303,-5.234452554744526,2.3999999999999986,0.28,1.0
LS Livingstone,337,-1.5,-3.75,0.4166666666666667,1.6666666666666667,-1.1008695652173923,-1.0,0.25,1.5789473684210527,4.0,18.0,0.5,3.0
Lalit Yadav,465,-0.8478260869565215,-0.5,0.4166666666666667,2.5,-0.47722235902487053,-7.881818181818183,0.25190839694656486,2.0625,0.9840909090909093,-0.42857142857142705,0.4166666666666667,2.857142857142857
M Ashwin,440,2.0789315726290525,-7.666666666666666,0.31932773109243695,1.8095238095238095,0.11931124668429405,5.096153846153847,0.32102728731942215,2.4691358024691357,0.20037453183520526,-4.0,0.47191011235955055,1.75
M Jansen,169,-2.4631578947368418,-0.9444444444444446,0.21739130434782608,0.8333333333333334,-0.7551028624340752,2.4912280701754383,0.288135593220339,1.7,-0.8315504400812461,-8.818181818181817,0.4928571428571429,2.6538461538461537
M Kartik,179,1.8939784682140086,-5.036764705882353,0.1895424836601307,1.6111111111111112,0.16258330548602462,-10.383881230116646,0.33626097867001253,3.0454545454545454,0.3484392113910193,10.478260869565219,0.48295454545454547,2.65625
M Morkel,441,0.16648300587545428,1.905555555555555,0.2931937172774869,1.5555555555555556,-0.19391489361701986,-4.90909090909091,0.3586626139817629,2.2264150943396226,0.23162008889797114,0.045454545454546746,0.5382882882882883,2.9146341463414633
M Muralitharan,339,1.678362573099415,-0.4891304347826093,0.3814814814814815,2.395348837209302,1.386454677287972,-3.441095260009206,0.39476145930776424,3.94392523364486,1.3002506143701797,-25.208333333333332,0.5136986301369864,3.409090909090909
M Ntini,207,0.9473684210526319,-2.166666666666666,0.3142857142857143,1.5714285714285714,-0.31924882629108,10.399999999999999,0.4444444444444444,2.6666666666666665,0.47444717444717366,-6.0285714285714285,0.5405405405405406,2.962962962962963
M Prasidh Krishna,405,-0.12645405769773888,-4.506566604127579,0.34108527131782945,1.346938775510204,-0.4611903187655386,5.897926634768741,0.365296803652968,1.7777777777777777,-0.09591291392809786,-1.9097222222222214,0.4990512333965844,2.390909090909091
M Theekshana,205,6.22429906542056,-0.7727272727272734,0.40476190476190477,4.25,-0.47341659232827826,-16.928571428571427,0.27631578947368424,2.1,-0.6693418940609952,9.666666666666666,0.30337078651685395,1.9285714285714286
M de Lange,57,-2.905617977528088,7.800000000000001,0.23333333333333334,0.7777777777777778,-2.329411764705883,4.666666666666668,0.23529411764705882,1.3333333333333333,0.25423728813559343,29.5,0.4745762711864407,2.1538461538461537
MA Starc,119,2.45866935483871,4.55844155844156,0.3333333333333333,2.3703703703703702,0.8571887034659831,6.638888888888889,0.35365853658536583,2.6363636363636362,1.0496453900709213,-12.242424242424242,0.4929078014184397,2.9574468085106385
MC Henriques,638,0.5243902439024382,-7.0518518518518505,0.28125,1.2857142857142858,-0.1393646972855631,2.352777777777778,0.296583850931677,1.9895833333333333,-0.14264036418816328,7.621212121212121,0.43781094527363185,2.0
MF Maharoof,243,0.2693023255813962,1.7139423076923075,0.29,1.6111111111111112,1.3278688524590159,7.46153846153846,0.3958333333333333,4.75,-0.4448332087777702,10.733766233766234,0.4817073170731707,2.46875
MG Johnson,7,-0.005469283400397984,3.5483568075117375,0.3698630136986301,1.6615384615384616,-0.045774525421016676,-16.790697674418606,0.3961038961038961,2.259259259259259,-0.2747428199165389,-0.4542606516290739,0.49755301794453505,2.3461538461538463
MG Neser,200,-8.833333333333334,6.0,0.16666666666666666,0.3333333333333333,-0.22727272727272751,38.0,0.3333333333333333,1.0,-9.931034482758621,23.0,0.16666666666666666,0.3333333333333333
MJ McClenaghan,509,1.1245131918161366,2.286865431103948,0.307909604519774,1.676923076923077,-0.5833172541743963,-3.6434494195688245,0.368,1.7692307692307692,-0.3267927786220719,7.8849734042553195,0.4758942457231726,2.372093023255814
MJ Santner,8,3.25,4.0,0.4166666666666667,2.5,0.37565505194446924,-0.42857142857142705,0.3221476510067114,4.0,0.0463622399106276,-15.25,0.4805194805194805,2.3125
MM Ali,103,2.5752979414951227,-7.666666666666666,0.3333333333333333,2.6,0.7072199947320668,7.236660389202761,0.35106382978723405,3.3,1.5488695032935729,-18.166666666666668,0.5365853658536586,4.4
MM Patel,201,-1.494550890503442,-1.3144499178981945,0.2847682119205298,1.162162162162162,0.9385106644287067,7.839743589743591,0.4,3.7142857142857144,-0.5860374414976608,0.12587064676617032,0.5429017160686428,2.87603305785124
MM Sharma,223,-0.3179544988727194,-0.048494983277592496,0.2607843137254902,1.1981981981981982,0.5370329359248656,-3.77486631016043,0.3317972350230415,2.3225806451612905,-0.5826664110796953,3.5551209103840655,0.4621212121212121,2.165680473372781
MN Samuels,373,-1.977786918963389,1.7166666666666668,0.27450980392156865,1.2727272727272727,-0.7351256761056328,-7.46153846153846,0.32142857142857145,2.076923076923077,-0.226923076923077,-2.0,0.48717948717948717,3.4545454545454546
MP Stoinis,560,-1.4892518539378585,6.140583554376656,0.2537313432835821,0.8095238095238095,-0.8435566968244554,-2.7648809523809526,0.25440806045340053,1.463768115942029,-1.1252439817826936,28.73333333333333,0.2830188679245283,1.2
MR Marsh,14,0.4101085481682496,2.404040404040403,0.3068181818181818,1.2857142857142858,0.5321109912736546,4.530791788856305,0.3317972350230415,2.769230769230769,-3.6556451612903222,5.833333333333332,0.4875,1.7727272727272727
MS Gony,310,0.13132032474006472,-2.4396551724137936,0.2966101694915254,1.2962962962962963,-0.4162327397833465,14.80879120879121,0.35766423357664234,2.130434782608696,-1.279700773424623,-3.2614379084967347,0.4497907949790795,1.8695652173913044
Mohammad Asif,498,-0.9475324675324686,-2.25,0.2,0.7857142857142857,0.7698833510074241,-21.285714285714285,0.34146341463414637,2.0,-1.3806179775280896,-5.666666666666668,0.43820224719101125,1.56
Mohammad Nabi,454,-1.2329227323628213,-1.666666666666667,0.2631578947368421,1.25,-0.43065015479876134,-23.321428571428573,0.3157894736842105,2.25,1.7364212142537259,10.899999999999999,0.46938775510204084,3.6315789473684212
Mohammed Shami,25,-0.3359895918035445,4.03655462184874,0.2737030411449016,1.1590909090909092,-0.33086865393572484,-0.2513562386980084,0.3098958333333333,1.859375,0.8823623761241919,-4.360890302066771,0.499054820415879,2.4788732394366195
Mohammed Siraj,152,-0.36293430761515744,-2.9671669793621014,0.2938271604938272,1.2659574468085106,0.9737919652370115,-2.2833065810593887,0.43217665615141954,3.261904761904762,-0.3835666690117474,4.642857142857139,0.476027397260274,2.0291970802919708
Mohsin Khan,451,2.1125000000000007,4.945454545454545,0.375,2.25,2.390243902439024,-1.9565217391304337,0.4444444444444444,6.0,3.666099290780142,12.458333333333334,0.6702127659574468,5.25
Mujeeb Ur Rahman,434,-2.019607843137255,-5.020689655172415,0.3333333333333333,1.263157894736842,0.43772269658845,7.095652173913042,0.2920353982300885,2.5384615384615383,1.6658184902459707,20.085714285714285,0.4351145038167939,3.0
Mukesh Choudhary,353,-2.8910769230769233,-3.875,0.1794871794871795,0.6363636363636364,-0.8612538540596084,16.88888888888889,0.40476190476190477,1.8888888888888888,-0.804304828388597,9.636363636363637,0.49214659685863876,2.1363636363636362
Mustafizur Rahman,628,0.9123208478863081,-2.6364567332309274,0.32723112128146453,1.9066666666666667,0.602428180574555,0.7950819672131146,0.32558139534883723,2.210526315789474,1.0894909688013135,1.0,0.44047619047619047,3.0833333333333335
N Rana,47,8.058823529411764,11.0,0.3333333333333333,1.0,-1.1869323879606206,9.12962962962963,0.2376237623762376,1.0909090909090908,7.316638370118844,105.0,0.7368421052631579,4.666666666666667
ND Doshi,19,-0.8999999999999995,-4.5,0.5,3.0,-1.4769230769230761,64.0,0.38461538461538464,2.5,-0.6439393939393927,11.333333333333332,0.4444444444444444,1.3333333333333333
NLTC Perera,245,-2.856637168141594,-1.8730158730158735,0.24778761061946902,0.9180327868852459,-0.7686193732070841,-5.078571428571426,0.3204225352112676,2.022222222222222,-0.9224084121572957,2.5909090909090935,0.4519774011299435,2.2857142857142856
NM Coulter-Nile,504,-0.8682403060337336,3.5629370629370616,0.3292181069958848,1.5384615384615385,0.6149716988652978,3.916666666666668,0.4214876033057851,2.914285714285714,0.7315113759658622,-1.5076923076923094,0.5269121813031161,2.735294117647059
NT Ellis,72,-2.7371007371007376,1.333333333333334,0.2727272727272727,1.125,0.1197411003236235,-15.399999999999999,0.3055555555555556,1.8333333333333333,0.3600000000000003,0.0,0.5666666666666667,2.8333333333333335
Navdeep Saini,555,2.2255639097744364,-2.25,0.3684210526315789,1.8,-1.3399178457325416,-34.25641025641026,0.38857142857142857,1.837837837837838,-0.3527306967984929,-6.51923076923077,0.4888888888888889,2.2
O Thomas,508,3.9893617021276597,3.4000000000000004,0.25,1.5,3.594258373205742,20.666666666666668,0.2727272727272727,1.5,-2.25,-6.0,0.34375,1.1
OC McCoy,357,1.2994350282485883,3.875,0.4067796610169492,2.4,-1.4851460637068818,-3.3333333333333357,0.21686746987951808,1.2,2.6999999999999993,18.0,0.4166666666666667,1.6666666666666667
OF Smith,39,-6.134217067108533,13.5,0.35294117647058826,0.8571428571428571,-3.4188679245283033,2.444444444444443,0.35185185185185186,1.1176470588235294,-0.2941176470588234,33.0,0.5555555555555556,2.0
P Amarnath,485,-4.988586479367866,-9.555555555555555,0.17647058823529413,0.5,-3.1944039372949327,9.041666666666668,0.22115384615384615,0.8518518518518519,-2.3999999999999986,9.0,0.5,0.75
P Awana,96,-1.1030377668308713,1.9285714285714288,0.30952380952380953,1.2380952380952381,0.4012850701469759,2.2135007849293586,0.3920265780730897,2.744186046511628,-0.7771933306867806,15.492857142857144,0.4659090909090909,2.2363636363636363
P Kumar,80,-0.8490117306047509,-0.4358101720552092,0.24253075571177504,1.0454545454545454,0.01504801088378116,1.845238095238095,0.352112676056338,2.358490566037736,1.0785180448423324,-10.690575479566306,0.5314136125654451,3.159533073929961
P Negi,107,-1.1232182451694648,7.844444444444443,0.3246753246753247,1.25,0.1874716001298271,3.833333333333332,0.3299145299145299,2.643835616438356,-1.4906832298136647,9.0,0.4523809523809524,1.7272727272727273
P Parameswaran,75,-1.7885532591414943,3.9333333333333336,0.32432432432432434,1.3333333333333333,0.30719818628377205,-15.571428571428573,0.43037974683544306,2.6153846153846154,-2.9432624113475185,17.25,0.5,1.8
P Sahu,345,-1.4303405572755405,-9.875,0.17647058823529413,1.0,0.6422413793103452,2.333333333333332,0.2375,1.7272727272727273,-3.1448275862068966,24.0,0.4,0.6666666666666666
P Suyal,266,2.047826086956521,17.0,0.21739130434782608,1.25,0.2258064516129039,3.5,0.5,3.0,0.45344827586206726,-34.0,0.43103448275862066,1.6666666666666667
PJ Cummins,396,-0.19223992364731046,-1.492857142857142,0.30739299610894943,1.3859649122807018,0.206527758549079,7.293333333333333,0.29838709677419356,2.0,-0.16147186147186243,-0.19736842105263008,0.45476190476190476,2.2209302325581395
PJ Sangwan,109,-0.8442445307708031,-4.153594771241831,0.30597014925373134,1.5769230769230769,-0.746733553756699,7.7883295194508015,0.3268156424581006,1.8571428571428572,-1.035335721086275,3.027243589743591,0.4666666666666667,2.0125
PP Chawla,342,0.7689753320683099,1.3748251748251743,0.33578431372549017,1.8266666666666667,0.03641053549117679,3.091246532876486,0.33790876059749697,2.331476323119777,1.199165797705943,14.228571428571428,0.4649859943977591,2.4776119402985075
PP Ojha,491,0.43928847641144664,1.1542857142857148,0.25089605734767023,1.3461538461538463,0.2449706118575996,4.518181818181819,0.3678332092330603,3.4545454545454546,-1.327740226215142,-8.764285714285716,0.4364406779661017,2.1914893617021276
PV Tambe,516,0.046086072517789844,-0.5833333333333321,0.19230769230769232,0.8823529411764706,0.5826937107835981,2.93888888888889,0.3191919191919192,2.7241379310344827,-2.007287449392712,-0.9583333333333321,0.40789473684210525,1.8235294117647058
PVD Chameera,50,-0.18275862068965587,-4.125,0.31666666666666665,1.1875,-0.23403052572074667,-43.36,0.3620689655172414,1.75,-0.0425531914893611,3.3571428571428577,0.5460992907801419,2.3333333333333335
PWH de Silva,142,1.8327272727272739,3.0357142857142865,0.38666666666666666,2.0714285714285716,0.5447538403083092,6.6822580645161285,0.40074906367041196,2.9722222222222223,-3.3879194630872487,44.5,0.4,1.2
Pankaj Singh,473,-2.882961783439491,-34.916666666666664,0.16666666666666666,0.5333333333333333,-2.1466666666666665,-27.875,0.31,1.3478260869565217,-0.4720153224090229,23.833333333333336,0.4864864864864865,2.3225806451612905
R Ashwin,543,1.5613040225279011,-3.9105254322645617,0.311284046692607,2.5806451612903225,0.8160956126559213,-3.4825800789820107,0.32360627177700346,3.1350210970464136,1.7202486389330272,8.46598639455782,0.45576923076923076,3.3380281690140845
R Bhatia,605,0.13702359346642368,-1.1904761904761916,0.2675438596491228,1.7941176470588236,-0.4801512055159982,0.9635305298170564,0.2717948717948718,2.48993288590604,-5.568965517241379,46.0,0.3333333333333333,0.8
R Dhawan,261,-0.4038461538461533,-11.741379310344827,0.17777777777777778,0.9411764705882353,-0.24493322859387234,-0.4102564102564088,0.30597014925373134,2.510204081632653,0.028911564625849095,-4.118421052631579,0.43434343434343436,2.5294117647058822
R McLaren,331,-1.384615384615385,-0.9523809523809526,0.20512820512820512,0.8421052631578947,-0.4303530599518943,-15.05797101449275,0.2773109243697479,1.375,-2.171538040503558,-12.625,0.46206896551724136,1.8611111111111112
R Parag,529,-1.9285714285714306,11.0,0.0,0.0,-1.8096072931276304,-7.48,0.20833333333333334,1.0344827586206897,3.3636363636363633,-2.3333333333333335,0.16666666666666666,0.5
R Rampaul,10,-2.2154582763337896,-3.697368421052632,0.3333333333333333,1.4166666666666667,3.210566037735849,9.833333333333332,0.38,9.5,1.9302197802197814,2.1999999999999993,0.5875,3.76
R Sharma,591,0.43594110537303443,-8.355555555555556,0.29605263157894735,1.7307692307692308,0.40321921057366694,7.286184210526315,0.37315634218289084,3.3289473684210527,0.13948787061994672,-2.7777777777777786,0.4090909090909091,2.769230769230769
R Shepherd,301,0.6666666666666661,3.0,0.3333333333333333,1.3333333333333333,-2.3401574803149607,-8.833333333333332,0.36666666666666664,1.2222222222222223,-1.0,18.0,0.6666666666666666,2.6666666666666665
R Shukla,268,-3.6573849878934634,-4.166666666666666,0.25,0.7777777777777778,-2.4117647058823533,-14.666666666666668,0.29411764705882354,1.1111111111111112,-0.91287284144427,36.0,0.40384615384615385,1.75
R Tewatia,522,2.2775775054073533,1.73076923076923,0.39473684210526316,3.75,0.38157404879501566,-1.2462229481421012,0.3062015503875969,2.2149532710280373,0.8389830508474585,47.0,0.4166666666666667,2.5
R Vinay Kumar,127,-1.0301570849478807,0.7336642807665665,0.2581648522550544,1.1608391608391608,-0.25107518101148774,2.8519736842105274,0.35327635327635326,2.175438596491228,-0.15840160218899868,4.262764632627643,0.46908602150537637,2.585185185185185
RA Jadeja,296,1.1377654931626413,-4.768942235558889,0.32790224032586557,2.037974683544304,0.04007219445314014,-0.8684047852805357,0.32310114128295947,2.623003194888179,-1.3413583871599144,-3.1133333333333333,0.4198473282442748,2.037037037037037
RD Chahar,147,2.404533565823888,3.033333333333333,0.3870967741935484,3.6,0.1809790627123995,2.3944444444444457,0.35311572700296734,2.6641791044776117,-0.05827702702702808,37.866666666666674,0.515625,2.2
RE van der Merwe,412,0.7466666666666661,-1.015037593984962,0.18888888888888888,2.125,0.5785362197688153,6.321428571428573,0.3778501628664495,4.833333333333333,-2.257142857142858,13.0,0.42857142857142855,1.5
RG More,126,0.625,-2.0,0.1875,1.5,0.2804878048780495,29.0,0.08333333333333333,0.5,-4.034482758620689,23.0,0.0,0.0
RG Sharma,492,-0.3706896551724128,4.742857142857143,0.2708333333333333,1.625,-0.7961068110177738,-12.318452380952383,0.2245762711864407,1.962962962962963,-0.16998191681736152,5.125,0.4489795918367347,2.75
RJ Harris,240,0.0008722859580920783,0.8458994708994716,0.2943396226415094,1.471698113207547,0.07375913936934264,4.5,0.3816793893129771,2.380952380952381,0.7284438337341115,0.09359605911330249,0.5756097560975609,3.2777777777777777
RJ Peterson,478,-3.6341463414634134,-3.1428571428571432,0.2777777777777778,0.8333333333333334,0.6853932584269664,-0.1999999999999993,0.5555555555555556,3.3333333333333335,3.3000000000000007,48.0,0.5,3.0
RP Meredith,321,-0.7764435360245283,3.0,0.35526315789473684,1.5,0.19277673545966234,-14.166666666666664,0.41346153846153844,2.263157894736842,-0.2856014220817684,-18.03846153846154,0.4457831325301205,2.0555555555555554
RP Singh,183,1.1493975903614455,2.0090909090909097,0.28515625,1.5051546391752577,-0.6715152428684483,-0.8441176470588232,0.33613445378151263,1.951219512195122,-0.31236583149740227,-7.112732919254658,0.5291113381001021,2.8152173913043477
RR Powar,79,-0.96875,-2.8571428571428577,0.4166666666666667,2.5,-0.01862049654657394,-16.990881458966566,0.3181818181818182,2.896551724137931,0.010602910602910853,-1.3333333333333321,0.5538461538461539,2.769230769230769
RR Raje,122,-0.2928600242033088,-28.625,0.21621621621621623,1.1428571428571428,-2.424016167967215,0.8115942028985526,0.2872340425531915,1.5,-3.8000000000000007,9.0,0.6666666666666666,1.3333333333333333
Rashid Khan,464,1.8528422822317951,-3.343406593406595,0.3844086021505376,2.6,2.074415340880331,5.147832267235252,0.39173967459324155,4.173333333333333,0.43922902494330973,10.808429118773944,0.42346938775510207,2.515151515151515
Rasikh Salam,531,-4.181818181818183,5.0,0.0,0.0,1.75,36.0,0.3333333333333333,2.0,1.6894736842105251,8.0,0.4,2.0
Ravi Bishnoi,487,2.9489042933810365,-0.6786324786324798,0.3875968992248062,2.272727272727273,-0.1946495452113428,-2.9499999999999993,0.353968253968254,2.623529411764706,0.41023498694517,6.916666666666668,0.49333333333333335,2.3125
S Aravind,606,-0.4454935622317606,4.251785714285715,0.296551724137931,1.4333333333333333,-0.6090380006846967,8.672727272727272,0.32608695652173914,1.6216216216216217,-0.19161047647735785,1.115800865800864,0.44630071599045346,2.460526315789474
S Badree,241,6.434782608695652,17.0,0.3333333333333333,1.0,-1.2870174510840826,2.434210526315791,0.3225806451612903,2.142857142857143,0.09367838044308563,5.199999999999999,0.5,2.75
S Gopal,291,4.800687285223367,7.166666666666668,0.2777777777777778,5.0,-0.18163192475098633,8.055050505050506,0.3130659767141009,2.0508474576271185,0.808014367007809,19.958333333333336,0.4424778761061947,2.1739130434782608
S Kaul,162,1.1631156786564745,2.2669007901668135,0.2623762376237624,1.4324324324324325,-0.61680644079168,-5.377551020408163,0.32727272727272727,1.9726027397260273,-1.3727000427899014,4.692307692307693,0.40058479532163743,1.630952380952381
S Kaushik,177,-1.5728518057285168,2.333333333333332,0.18181818181818182,0.4444444444444444,1.500474580786971,19.791666666666668,0.35403726708074534,2.590909090909091,-4.668146503884575,36.0,0.4117647058823529,0.875
S Ladda,82,-2.3636363636363633,0.375,0.3333333333333333,1.2,-1.692710515291159,-66.05263157894737,0.34523809523809523,2.0714285714285716,-0.5975935828877006,27.0,0.4117647058823529,1.4
S Lamichhane,597,-2.6571428571428566,-20.454545454545453,0.26666666666666666,1.3333333333333333,-0.8637298891891216,4.5773809523809526,0.308411214953271,2.2,0.17602388524696622,21.966666666666665,0.4788732394366197,2.0
S Nadeem,227,0.6062562065541197,-8.658536585365853,0.24561403508771928,1.5555555555555556,0.7944047370441965,1.0112359550561791,0.3157894736842105,2.7857142857142856,-0.1397129186602868,-1.4567567567567572,0.38047138047138046,2.0545454545454547
S Narwal,21,-9.696078431372547,2.333333333333334,0.16666666666666666,0.3333333333333333,-3.6727272727272737,38.0,0.3181818181818182,1.4,-1.3260989010989004,6.149999999999999,0.4153846153846154,1.588235294117647
S Randiv,482,-1.3714285714285719,4.0,0.3333333333333333,2.0,-0.1875,-3.1999999999999993,0.3472222222222222,2.6315789473684212,-0.6034482758620676,46.0,0.3333333333333333,1.3333333333333333
S Sreesanth,472,-1.7281414237935984,-2.9444444444444446,0.27692307692307694,1.0285714285714285,0.42595633102163877,-11.804761904761904,0.42441860465116277,2.7037037037037037,0.3787735035363111,5.455172413793104,0.5169340463458111,2.761904761904762
S Tyagi,157,-7.233201581027668,0.5,0.09090909090909091,0.16666666666666666,1.1206896551724128,-12.153846153846153,0.5,3.0,-0.8740740740740751,-11.328571428571426,0.47530864197530864,2.2
SA Abbott,52,-3.9565217391304355,17.0,0.3333333333333333,0.6666666666666666,-1.3190476190476197,17.0,0.2222222222222222,0.8,-2.8000000000000007,48.0,0.23333333333333334,0.7777777777777778
SB Bangar,124,-2.9983060417843035,-3.75,0.08695652173913043,0.2,-0.4369747899159666,-8.53846153846154,0.3888888888888889,2.1,2.105614973262033,20.833333333333332,0.6470588235294118,5.5
SB Jakati,564,-1.4103260869565215,-1.9521531100478473,0.296875,1.52,-0.7580989502591127,1.7868903386144765,0.31161137440758296,2.390909090909091,-0.7472261735419625,-68.0909090909091,0.37894736842105264,1.6363636363636365
SB Styris,621,-0.6197240259740262,3.6904761904761916,0.328125,1.3125,0.8082607548165743,-84.61111111111111,0.4074074074074074,3.3846153846153846,1.552941176470588,-17.714285714285715,0.42857142857142855,4.5
SC Ganguly,316,-7.909090909090908,3.666666666666666,0.09090909090909091,0.2,0.428468208092486,8.833333333333332,0.2833333333333333,2.2666666666666666,-3.9333333333333336,12.0,0.3333333333333333,1.5
SC Kuggeleijn,23,-4.0,-3.0,0.4583333333333333,2.2,-3.466666666666666,72.0,0.2777777777777778,1.6666666666666667,-4.2,24.0,0.16666666666666666,0.5
SD Chitnis,633,7.0,18.0,0.3333333333333333,1.0,2.379933110367894,42.0,0.21739130434782608,1.0,-3.8000000000000007,25.0,0.4,1.0
SE Bond,225,0.06289308176100583,-14.76923076923077,0.2777777777777778,1.3636363636363635,1.2173913043478262,11.09090909090909,0.42857142857142855,3.0,2.843906655142609,16.75,0.47191011235955055,3.0
SJ Srivastava,602,0.012176560121766045,0.7333333333333325,0.35185185185185186,1.5833333333333333,-0.8536246276067532,-8.84375,0.3157894736842105,1.6666666666666667,-1.8756255792400385,10.888888888888886,0.4153846153846154,1.6363636363636365
SK Raina,542,-0.8731724297980961,-4.526315789473685,0.2903225806451613,1.7142857142857142,-0.17217821782178167,-14.630252100840337,0.3171428571428571,2.611764705882353,2.8236263736263734,-0.5,0.3384615384615385,2.4444444444444446
SK Trivedi,393,0.3098057563242129,-0.8266666666666662,0.2953020134228188,1.76,-0.09224644286304073,-1.7738735014468787,0.32855778414517667,2.84297520661157,-1.7823881700554516,1.4642857142857153,0.48,1.935483870967742
SK Warne,256,0.25765061573630277,-2.9794117647058815,0.3286384976525822,1.794871794871795,0.3219276616729303,4.035383029886635,0.3709677419354839,3.484848484848485,-1.9748184019370463,-5.5,0.3142857142857143,1.2222222222222223
SL Malinga,432,1.6680308766185785,3.5301486199575365,0.3252788104089219,2.287581699346405,0.6049458243267125,2.5990516332982097,0.3569023569023569,2.6835443037974684,1.0680506936734941,-4.761764705882353,0.5369003690036901,3.5272727272727273
SM Boland,641,5.525735294117647,23.5,0.29411764705882354,2.5,-2.7234042553191484,41.0,0.0,0.0,0.0,9.0,0.5,1.8
SM Curran,595,-1.8062285651067587,1.7873015873015863,0.28019323671497587,1.16,-1.2015887394606644,9.149999999999999,0.2831858407079646,1.5238095238095237,0.5891509433962261,-8.666666666666668,0.39937106918238996,2.0483870967741935
SM Harwood,176,-3.2857142857142847,-5.333333333333332,0.2916666666666667,1.1666666666666667,3.072192513368984,27.0,0.6470588235294118,5.5,4.423529411764706,-5.857142857142858,0.8333333333333334,7.5
SM Pollock,320,2.6363636363636367,16.0,0.16666666666666666,0.5,-0.48643042350907617,1.5500000000000007,0.36923076923076925,2.1818181818181817,1.6650246305418719,-3.912698412698415,0.5172413793103449,3.888888888888889
SMSM Senanayake,43,-0.2608695652173907,-1.2777777777777786,0.2608695652173913,1.5,-2.7763975155279503,9.0,0.2619047619047619,1.5714285714285714,1.05508280254777,21.083333333333336,0.448,4.666666666666667
SN Thakur,583,-0.36497470057003945,-1.244831591173055,0.3,1.3928571428571428,-0.3087987332821651,2.002201834862383,0.37067209775967414,2.3037974683544302,-1.2027444625545272,1.6666666666666679,0.4357976653696498,1.8512396694214877
SP Narine,460,2.7599489418380934,-1.6963924963924963,0.37823275862068967,2.8306451612903225,1.4857375190971362,-0.6163414355814218,0.3731796116504854,4.046052631578948,1.1442355647895912,1.6070833333333354,0.4765906362545018,3.2540983606557377
SR Watson,477,0.3292515081115912,0.5719536330223356,0.31802120141342755,1.44,0.6692685995310805,-11.921716054842989,0.3416252072968491,2.4523809523809526,0.5319919236928232,-0.13946251768033946,0.5129151291512916,2.656050955414013
SS Cottrell,209,-0.4358974358974379,0.75,0.2777777777777778,0.625,2.9617441382147263,126.0,0.29411764705882354,2.5,0.8701298701298699,5.399999999999999,0.5714285714285714,2.6666666666666665
SS Sarkar,95,0.6000000000000005,17.0,0.3076923076923077,2.0,-3.0,17.0,0.0,0.0,-9.827586206896552,23.0,0.0,0.0
ST Jayasuriya,138,-0.6203991575569159,0.6136363636363633,0.2711864406779661,1.7777777777777777,-0.038491540468568175,-1.0495495495495497,0.28761061946902655,2.3214285714285716,-0.068965517241379,23.0,0.3333333333333333,1.0
STR Binny,475,-1.6481927710843385,-10.777777777777779,0.16666666666666666,1.0,0.06568009742150682,5.6712328767123275,0.32887700534759357,2.3207547169811322,-0.05943611887223721,-0.1325757575757578,0.4258064516129032,2.4444444444444446
SW Tait,105,0.9972247918593897,1.4285714285714288,0.3546099290780142,2.0833333333333335,-1.4114320187014542,0.6730769230769234,0.4157303370786517,2.0555555555555554,1.63516784173419,-10.071428571428573,0.5113122171945701,2.825
Sandeep Sharma,435,-0.16816972169025313,0.4064475347661194,0.26021505376344084,1.2604166666666667,0.0671752422207863,5.514444444444443,0.31263383297644537,2.246153846153846,1.200334894105243,4.423824593128391,0.5084870848708487,2.8949579831932772
Shahbaz Ahmed,462,3.811797752808989,3.8888888888888893,0.25,3.0,-1.9078220585615018,-7.231111111111112,0.22566371681415928,1.5,-0.4991883116883109,-49.92307692307692,0.36363636363636365,1.75
Shahid Afridi,133,1.381798002219755,-7.363636363636363,0.23529411764705882,1.3333333333333333,1.2255639097744346,14.25,0.3333333333333333,2.375,-0.04831932773109138,-0.1999999999999993,0.4583333333333333,2.2
Shakib Al Hasan,295,-0.744958782498415,-2.1792717086834728,0.24736842105263157,1.4242424242424243,0.6103282740059264,0.35281788542151915,0.3056558363417569,3.175,-0.39303158580267006,7.515299877600981,0.4572072072072072,2.388235294117647
Shivam Mavi,518,-0.9895698515416811,-1.4102564102564106,0.2864864864864865,1.2619047619047619,0.6410256410256396,1.5,0.4382716049382716,3.380952380952381,0.0815916955017304,-4.111111111111114,0.44982698961937717,2.0
Shoaib Ahmed,81,-5.891891891891891,0.5,0.16666666666666666,0.5,0.26574803149606296,9.399999999999999,0.359375,2.875,-5.856060606060605,4.0,0.3888888888888889,1.0
Simarjeet Singh,244,1.5714285714285712,2.0,0.4166666666666667,2.5,3.787234042553191,41.0,0.8333333333333334,2.5,1.1274545454545457,-8.5,0.5113636363636364,2.3684210526315788
Sohail Tanvir,410,1.3024118738404447,7.388888888888889,0.3877551020408163,3.1666666666666665,1.6842105263157894,1.5714285714285712,0.5833333333333334,3.5,0.7685319767441854,0.16666666666666785,0.59375,3.619047619047619
T Natarajan,397,-0.6243194192377501,-1.0268505079825836,0.26262626262626265,1.164179104477612,-0.30479418628381794,-21.72885572139304,0.2589641434262948,2.5,-1.28771551724138,5.745454545454546,0.4947916666666667,2.111111111111111
T Thushara,59,-1.0453333333333354,3.8636363636363633,0.28888888888888886,1.4444444444444444,1.203125,-17.2,0.4666666666666667,7.0,2.6015037593984953,65.0,0.5263157894736842,3.75
TA Boult,190,-1.8540837230876281,-0.5765873015873026,0.2551594746716698,0.9927007299270073,0.20929169840061057,5.804822043628013,0.3069306930693069,2.0,0.6397094841084687,-1.5599868160843755,0.5353339787028074,2.7241379310344827
TG Southee,347,-1.0612244897959187,-1.5333333333333332,0.24848484848484848,1.1081081081081081,0.07142380348441257,5.524999999999999,0.33649289099526064,2.5357142857142856,-0.4901639412284604,-8.17727272727273,0.46921797004991683,2.3114754098360657
TK Curran,29,-1.6192714453584003,0.0659340659340657,0.17117117117117117,0.6333333333333333,-0.5731964483906768,2.2727272727272734,0.24705882352941178,1.4,-1.2364077669902898,-5.666666666666664,0.425,1.5454545454545454
TL Suman,476,-2.928571428571429,1.0,0.25,1.0,0.6632678132678134,-0.0588235294117645,0.3,3.0,-1.3999999999999995,25.0,0.2,0.5
TM Dilshan,60,0.0600000000000005,-15.0,0.32,2.6666666666666665,-0.9647921570153084,-28.369565217391305,0.29207920792079206,1.903225806451613,0.3759398496240607,15.0,0.2857142857142857,1.5
TP Sudhindra,349,-0.7234042553191493,2.5,0.14285714285714285,0.5,-2.294776119402984,9.5,0.20833333333333334,0.8333333333333334,-0.23333333333333428,-1.5,0.4166666666666667,2.0
TS Mills,182,-0.8229961832061079,-7.2666666666666675,0.3125,1.25,-2.6500204666393774,-48.1875,0.21428571428571427,0.75,0.0,12.25,0.4927536231884058,2.2666666666666666
TU Deshpande,158,-1.8829787234042552,-8.333333333333334,0.25,1.0,-2.7947057166995197,0.3000000000000007,0.1320754716981132,0.5,-2.390769230769232,-43.57142857142857,0.49230769230769234,1.6
Tejas Baroka,88,,-3.0,0.0,0.0,-0.4285714285714288,30.0,0.16666666666666666,1.0,2.1999999999999993,24.0,0.6666666666666666,1.3333333333333333
UT Yadav,302,-0.8961498039797142,0.6031746031746028,0.2769010043041607,1.1987577639751552,-0.49777235094407146,1.6839826839826841,0.3460122699386503,2.0,-0.005151638234497824,1.6181818181818173,0.49959382615759546,2.430830039525692
Umar Gul,400,-0.7046511627907002,18.06666666666667,0.23255813953488372,1.0,2.4943137560367656,11.568181818181817,0.42857142857142855,3.0,2.416783216783216,21.6,0.5714285714285714,4.0
Umran Malik,332,2.105158730158731,5.5,0.4583333333333333,1.6923076923076923,0.24143990446131625,15.850000000000001,0.47017543859649125,2.2711864406779663,-6.7,16.0,0.25,0.6
V Pratap Singh,233,-0.36974789915966255,7.875,0.21428571428571427,1.0,-2.0068107787977487,-1.533333333333335,0.3333333333333333,2.0,-2.22974828375286,1.0,0.43478260869565216,1.9047619047619047
V Sehwag,443,-7.012987012987013,1.833333333333334,0.18181818181818182,0.5,-0.8291985092045326,-3.333333333333332,0.38613861386138615,2.0526315789473686,-10.4,8.0,0.08333333333333333,0.14285714285714285
V Shankar,128,0.8520833333333329,-13.357142857142858,0.3333333333333333,1.875,-0.25648256952604687,3.1015873015873012,0.33513513513513515,1.9375,4.125,56.0,0.375,1.5
VG Arora,326,-9.05714285714286,0.5,0.1,0.25,-1.228438228438229,10.600000000000001,0.2222222222222222,0.8,-0.20030464584920082,-5.800000000000001,0.4230769230769231,1.9411764705882353
VR Aaron,1,-0.459303437603241,-0.4222222222222225,0.3015075376884422,1.1111111111111112,-0.3448659657099551,-1.459071729957806,0.38618925831202044,2.0684931506849313,-1.0432375264402136,-2.2666666666666657,0.46808510638297873,2.1204819277108435
VRV Singh,382,1.0118587697786143,1.3400673400673409,0.27184466019417475,1.5555555555555556,-0.7731564986737407,-21.833333333333332,0.3103448275862069,1.7419354838709677,-2.896293989411399,-53.46666666666667,0.42105263157894735,1.3333333333333333
VS Malik,351,1.7142857142857153,37.0,0.2857142857142857,0.6666666666666666,-0.2557640750670256,-11.6875,0.3142857142857143,1.8333333333333333,-0.8309458720612355,-1.5,0.4838709677419355,2.727272727272727
VS Yeligati,648,-4.25,18.0,0.16666666666666666,0.5,-0.2271805273833678,70.0,0.23529411764705882,0.6666666666666666,-8.399999999999999,25.0,0.2,0.5
VY Mahesh,427,2.98426435877262,7.311004784688995,0.46774193548387094,3.2222222222222223,-0.6915199081163852,-7.022321428571427,0.3177083333333333,1.967741935483871,-3.23141564318035,28.1,0.38461538461538464,1.25
WD Parnell,136,0.23752969121140133,0.3611111111111107,0.3431372549019608,1.9444444444444444,1.2012316314228935,-15.904761904761905,0.425531914893617,4.0,0.6152223652223645,6.5,0.5057915057915058,2.911111111111111
WPUJC Vaas,599,-0.017786561264820477,-1.1470588235294112,0.21739130434782608,0.7692307692307693,-1.695402298850575,-14.90909090909091,0.1388888888888889,1.0,1.1646372301108716,21.713235294117645,0.5824742268041238,3.2285714285714286
Washington Sundar,615,-1.0154546316488098,-2.1944444444444446,0.2830188679245283,1.3636363636363635,0.7776909857834706,-8.4625468164794,0.2928709055876686,3.1020408163265305,0.7308612440191391,-3.2515592515592537,0.4494047619047619,2.603448275862069
Y Venugopal Rao,539,-4.353448275862068,-12.4,0.20833333333333334,0.625,-1.019555658412405,3.342857142857145,0.2483221476510067,1.5416666666666667,-0.6157635467980302,-8.166666666666664,0.40476190476190477,1.5454545454545454
YA Abdulla,37,-2.136406104017439,5.863636363636363,0.2807017543859649,1.0666666666666667,-0.3061118784530388,-1.8333333333333321,0.375,2.0,0.5505617977528088,21.375,0.5714285714285714,2.823529411764706
YK Pathan,631,0.44842105263157883,-8.814814814814815,0.27631578947368424,1.6153846153846154,-0.6555623930309036,-5.7114020731042,0.29656160458452724,2.3,0.8595891047689879,-0.45040650406503957,0.4755043227665706,3.1132075471698113
YS Chahal,322,0.9102552619793993,1.4124700239808163,0.2896551724137931,1.826086956521739,0.5200650141903242,5.685089234312034,0.35642570281124497,2.9583333333333335,0.5041610905356197,4.298611111111111,0.4330708661417323,2.1710526315789473
Yash Dayal,271,0.6629213483146081,-7.529411764705882,0.2962962962962963,2.2857142857142856,-1.1544117647058822,29.333333333333336,0.3541666666666667,1.5454545454545454,-2.556223175965666,3.1818181818181834,0.4777777777777778,1.72
Z Khan,222,0.4330461130574754,-1.400555041628122,0.25254237288135595,1.3796296296296295,-0.3648846503897749,7.955855855855855,0.2939189189189189,1.74,0.7215319895058458,5.647844827586205,0.5063593004769475,2.9220183486238533
