0,1,2,3,4,5,6,bowler,Innings,Runs,Extras,Dismissals,Balls Bowled,4s,6s,0s,1s,2s,Highest Conceeded,Strike Rate,Bowling Average,economy,Runs Conceded
6.0,10.0,3.0,1.0,0.0,0.0,0.0,A Ashish Reddy,20,386,14,19,264,26.0,20.0,89.0,110.0,23.0,36,13.894736842105264,20.31578947368421,8.772727272727273,400
0.0,2.0,0.0,0.0,0.0,0.0,0.0,A Badoni,2,11,1,2,12,0.0,0.0,4.0,5.0,3.0,6,6.0,5.5,5.5,12
6.0,3.0,2.0,0.0,1.0,0.0,0.0,A Chandila,12,242,3,11,234,17.0,10.0,105.0,91.0,10.0,39,21.272727272727273,22.0,6.205128205128206,245
1.0,3.0,1.0,0.0,0.0,0.0,0.0,A Choudhary,5,137,7,5,102,13.0,6.0,49.0,31.0,9.0,51,20.4,27.4,8.058823529411764,144
1.0,0.0,0.0,0.0,0.0,0.0,0.0,A Dananjaya,1,46,1,0,24,2.0,4.0,7.0,10.0,2.0,46,inf,inf,11.5,47
1.0,2.0,0.0,0.0,0.0,0.0,0.0,A Flintoff,3,105,1,2,66,7.0,7.0,21.0,27.0,4.0,50,33.0,52.5,9.545454545454545,106
15.0,16.0,6.0,1.0,2.0,2.0,0.0,A Kumble,42,1027,62,49,970,72.0,35.0,410.0,406.0,57.0,46,19.79591836734694,20.959183673469386,6.352577319587629,1089
53.0,54.0,27.0,14.0,5.0,1.0,0.0,A Mishra,154,3897,125,175,3266,228.0,175.0,1244.0,1415.0,248.0,55,18.662857142857142,22.268571428571427,7.159216166564605,4022
10.0,4.0,2.0,0.0,0.0,0.0,0.0,A Mithun,16,448,29,8,297,42.0,21.0,114.0,117.0,17.0,39,37.125,56.0,9.05050505050505,477
22.0,33.0,15.0,15.0,2.0,1.0,0.0,A Nehra,88,2422,115,121,1917,279.0,76.0,888.0,621.0,103.0,53,15.84297520661157,20.016528925619834,7.580594679186229,2537
0.0,1.0,0.0,0.0,0.0,0.0,0.0,A Nel,1,31,0,1,18,3.0,2.0,7.0,5.0,1.0,31,18.0,31.0,10.333333333333334,31
5.0,10.0,12.0,2.0,1.0,0.0,0.0,A Nortje,30,884,62,44,686,93.0,34.0,314.0,228.0,31.0,50,15.590909090909092,20.09090909090909,7.7317784256559765,946
6.0,7.0,7.0,2.0,1.0,0.0,0.0,A Singh,23,603,36,31,474,67.0,17.0,212.0,148.0,41.0,47,15.290322580645162,19.451612903225808,7.632911392405063,639
14.0,10.0,5.0,1.0,0.0,0.0,0.0,A Symonds,30,656,38,23,528,44.0,33.0,219.0,207.0,36.0,46,22.956521739130434,28.52173913043478,7.454545454545455,694
1.0,0.0,0.0,1.0,0.0,0.0,0.0,A Uniyal,2,64,3,3,36,6.0,3.0,11.0,14.0,4.0,39,12.0,21.333333333333332,10.666666666666666,67
3.0,6.0,3.0,1.0,0.0,0.0,1.0,A Zampa,14,361,12,21,287,15.0,20.0,98.0,138.0,20.0,53,13.666666666666666,17.19047619047619,7.547038327526133,373
7.0,4.0,2.0,0.0,0.0,0.0,0.0,AA Chavan,13,318,21,8,248,28.0,16.0,117.0,79.0,14.0,41,31.0,39.75,7.693548387096774,339
9.0,1.0,0.0,0.0,0.0,0.0,0.0,AA Jhunjhunwala,10,126,4,1,85,10.0,5.0,31.0,31.0,10.0,27,85.0,126.0,8.894117647058824,130
0.0,1.0,0.0,0.0,0.0,0.0,0.0,AA Kazi,1,20,1,1,12,1.0,1.0,3.0,6.0,2.0,20,12.0,20.0,10.0,21
0.0,1.0,0.0,0.0,0.0,0.0,0.0,AA Noffke,1,35,6,1,24,2.0,2.0,8.0,11.0,2.0,35,24.0,35.0,8.75,41
21.0,12.0,6.0,3.0,0.0,0.0,0.0,AB Agarkar,42,1112,62,33,784,113.0,41.0,310.0,305.0,46.0,49,23.757575757575758,33.696969696969695,8.510204081632653,1174
27.0,25.0,14.0,7.0,2.0,0.0,0.0,AB Dinda,75,1987,116,82,1530,232.0,58.0,711.0,483.0,95.0,61,18.658536585365855,24.23170731707317,7.792156862745099,2103
3.0,3.0,2.0,1.0,1.0,0.0,0.0,AB McDonald,10,259,4,14,186,20.0,11.0,54.0,93.0,10.0,42,13.285714285714286,18.5,8.35483870967742,263
0.0,1.0,0.0,0.0,0.0,0.0,0.0,AC Gilchrist,1,0,0,1,1,0.0,0.0,1.0,0.0,0.0,0,1.0,0.0,0.0,0
4.0,7.0,3.0,1.0,0.0,0.0,0.0,AC Thomas,15,394,22,16,317,41.0,11.0,143.0,104.0,26.0,50,19.8125,24.625,7.457413249211356,416
6.0,1.0,0.0,0.0,0.0,0.0,0.0,AC Voges,7,74,2,1,54,8.0,2.0,17.0,28.0,1.0,17,54.0,74.0,8.222222222222223,76
4.0,3.0,4.0,1.0,0.0,1.0,0.0,AD Mascarenhas,13,353,12,19,308,34.0,8.0,132.0,105.0,29.0,34,16.210526315789473,18.57894736842105,6.876623376623376,365
23.0,17.0,2.0,1.0,1.0,0.0,0.0,AD Mathews,44,1054,41,28,792,98.0,29.0,253.0,366.0,61.0,43,28.285714285714285,37.642857142857146,7.984848484848485,1095
34.0,30.0,14.0,6.0,3.0,1.0,1.0,AD Russell,89,2114,100,99,1437,215.0,89.0,567.0,512.0,97.0,52,14.515151515151516,21.353535353535353,8.826722338204593,2214
5.0,3.0,0.0,2.0,0.0,0.0,0.0,AF Milne,10,313,26,9,208,35.0,13.0,87.0,69.0,13.0,47,23.11111111111111,34.77777777777778,9.028846153846153,339
7.0,1.0,1.0,3.0,0.0,0.0,0.0,AG Murtaza,12,304,18,12,264,22.0,14.0,111.0,112.0,10.0,46,22.0,25.333333333333332,6.90909090909091,322
4.0,1.0,0.0,0.0,0.0,0.0,0.0,AJ Finch,5,66,1,1,43,4.0,4.0,14.0,18.0,4.0,29,43.0,66.0,9.209302325581396,67
10.0,5.0,8.0,3.0,2.0,2.0,0.0,AJ Tye,30,949,56,48,687,90.0,33.0,253.0,289.0,47.0,47,14.3125,19.770833333333332,8.2882096069869,1005
5.0,1.0,0.0,0.0,0.0,0.0,0.0,AK Markram,6,86,1,1,60,4.0,6.0,18.0,32.0,1.0,36,60.0,86.0,8.6,87
10.0,1.0,1.0,0.0,0.0,0.0,0.0,AL Menaria,12,140,4,3,110,15.0,4.0,43.0,46.0,5.0,20,36.666666666666664,46.666666666666664,7.636363636363637,144
12.0,6.0,0.0,1.0,0.0,0.0,0.0,AM Nayar,19,311,12,9,229,22.0,13.0,80.0,103.0,21.0,25,25.444444444444443,34.55555555555556,8.148471615720524,323
0.0,1.0,0.0,0.0,0.0,0.0,0.0,AM Rahane,1,5,0,1,6,0.0,0.0,2.0,3.0,1.0,5,6.0,5.0,5.0,5
2.0,3.0,2.0,0.0,0.0,0.0,0.0,AM Salvi,7,190,15,7,150,18.0,7.0,67.0,52.0,12.0,39,21.428571428571427,27.142857142857142,7.6,205
6.0,8.0,2.0,1.0,0.0,0.0,0.0,AN Ahmed,17,467,48,15,349,43.0,20.0,144.0,135.0,20.0,58,23.266666666666666,31.133333333333333,8.02865329512894,515
0.0,1.0,2.0,0.0,0.0,0.0,0.0,AP Dole,3,105,9,5,67,11.0,4.0,28.0,23.0,7.0,40,13.4,21.0,9.402985074626866,114
47.0,44.0,26.0,3.0,1.0,0.0,0.0,AR Patel,121,3043,97,109,2559,195.0,124.0,922.0,1203.0,149.0,51,23.477064220183486,27.91743119266055,7.1348182883939035,3140
5.0,4.0,2.0,0.0,0.0,0.0,1.0,AS Joseph,12,342,16,14,233,34.0,18.0,104.0,70.0,14.0,53,16.642857142857142,24.428571428571427,8.806866952789699,358
14.0,10.0,3.0,1.0,0.0,1.0,0.0,AS Rajpoot,29,772,72,24,539,89.0,31.0,247.0,172.0,26.0,56,22.458333333333332,32.166666666666664,8.59369202226345,844
5.0,0.0,0.0,0.0,0.0,0.0,0.0,AS Raut,5,44,1,0,30,4.0,1.0,7.0,14.0,4.0,13,inf,inf,8.799999999999999,45
1.0,2.0,0.0,0.0,0.0,0.0,0.0,AS Roy,3,63,3,2,54,2.0,3.0,18.0,31.0,3.0,28,27.0,31.5,7.0,66
1.0,0.0,0.0,0.0,0.0,0.0,0.0,AU Rashid,1,35,0,0,18,1.0,4.0,6.0,7.0,0.0,35,inf,inf,11.666666666666666,35
3.0,0.0,0.0,0.0,0.0,0.0,0.0,AUK Pathan,3,57,6,0,39,5.0,2.0,11.0,21.0,2.0,30,inf,inf,8.769230769230768,63
3.0,2.0,0.0,0.0,0.0,0.0,0.0,Abdul Samad,5,108,5,2,54,6.0,8.0,12.0,22.0,7.0,36,27.0,54.0,12.0,113
1.0,0.0,0.0,0.0,0.0,0.0,0.0,Abdur Razzak,1,23,6,0,13,3.0,1.0,6.0,3.0,1.0,23,inf,inf,10.615384615384615,29
12.0,3.0,2.0,0.0,0.0,0.0,0.0,Abhishek Sharma,17,208,10,7,157,11.0,9.0,45.0,82.0,14.0,32,22.428571428571427,29.714285714285715,7.949044585987261,218
2.0,1.0,1.0,1.0,0.0,0.0,0.0,Akash Deep,5,199,7,6,115,15.0,14.0,46.0,33.0,11.0,54,19.166666666666668,33.166666666666664,10.382608695652173,206
1.0,0.0,0.0,0.0,0.0,0.0,0.0,Akash Singh,1,39,0,0,24,5.0,1.0,7.0,9.0,2.0,39,inf,inf,9.75,39
1.0,0.0,0.0,0.0,0.0,0.0,0.0,Aman Hakim Khan,1,13,0,0,6,1.0,1.0,1.0,3.0,0.0,13,inf,inf,13.0,13
1.0,6.0,0.0,0.0,1.0,0.0,0.0,Anand Rajan,8,188,18,10,150,17.0,8.0,75.0,52.0,10.0,43,15.0,18.8,7.5200000000000005,206
11.0,8.0,2.0,0.0,0.0,0.0,0.0,Ankit Sharma,21,436,17,12,367,28.0,18.0,147.0,154.0,24.0,32,30.583333333333332,36.333333333333336,7.128065395095367,453
4.0,0.0,2.0,0.0,0.0,0.0,0.0,Ankit Soni,6,141,4,4,109,8.0,7.0,41.0,45.0,11.0,31,27.25,35.25,7.761467889908257,145
9.0,7.0,4.0,2.0,0.0,0.0,0.0,Anureet Singh,22,601,35,21,419,65.0,22.0,166.0,147.0,28.0,56,19.952380952380953,28.61904761904762,8.606205250596659,636
11.0,14.0,7.0,3.0,1.0,1.0,0.0,Arshdeep Singh,37,1003,83,46,762,100.0,28.0,317.0,283.0,73.0,41,16.565217391304348,21.804347826086957,7.897637795275591,1086
11.0,12.0,7.0,7.0,1.0,0.0,0.0,Avesh Khan,38,1124,66,51,835,120.0,47.0,385.0,273.0,40.0,56,16.372549019607842,22.03921568627451,8.076646706586827,1190
9.0,2.0,7.0,5.0,0.0,0.0,0.0,Azhar Mahmood,23,681,26,31,542,73.0,18.0,219.0,207.0,33.0,42,17.483870967741936,21.967741935483872,7.538745387453874,707
8.0,3.0,2.0,0.0,0.0,0.0,0.0,B Akhil,13,235,11,7,189,18.0,9.0,69.0,85.0,12.0,39,27.0,33.57142857142857,7.4603174603174605,246
1.0,0.0,0.0,0.0,0.0,0.0,0.0,B Chipli,1,20,0,0,6,1.0,2.0,1.0,0.0,2.0,20,inf,inf,20.0,20
0.0,2.0,0.0,0.0,0.0,0.0,0.0,B Geeves,2,90,1,2,48,17.0,1.0,16.0,14.0,1.0,49,24.0,45.0,11.25,91
49.0,46.0,38.0,10.0,2.0,1.0,0.0,B Kumar,146,3818,246,165,3273,400.0,111.0,1581.0,1054.0,223.0,52,19.836363636363636,23.13939393939394,6.999083409715857,4064
3.0,2.0,4.0,0.0,0.0,0.0,0.0,B Laughlin,9,271,13,10,169,26.0,10.0,54.0,71.0,18.0,46,16.9,27.1,9.621301775147929,284
15.0,17.0,5.0,1.0,0.0,0.0,0.0,B Lee,38,1042,84,30,888,123.0,25.0,435.0,267.0,65.0,43,29.6,34.733333333333334,7.04054054054054,1126
2.0,1.0,3.0,0.0,0.0,0.0,0.0,B Stanlake,6,194,6,7,144,19.0,9.0,70.0,43.0,6.0,41,20.571428571428573,27.714285714285715,8.083333333333334,200
8.0,3.0,3.0,0.0,1.0,0.0,0.0,BA Bhatt,15,389,19,13,297,35.0,13.0,104.0,133.0,16.0,34,22.846153846153847,29.923076923076923,7.858585858585858,408
18.0,10.0,6.0,3.0,0.0,0.0,0.0,BA Stokes,37,938,67,31,687,97.0,32.0,281.0,258.0,47.0,45,22.161290322580644,30.258064516129032,8.192139737991265,1005
3.0,5.0,2.0,0.0,0.0,0.0,0.0,BAW Mendis,10,295,11,9,245,17.0,12.0,83.0,118.0,17.0,39,27.22222222222222,32.77777777777778,7.224489795918368,306
9.0,11.0,3.0,1.0,0.0,0.0,0.0,BB Sran,24,718,49,20,486,73.0,29.0,207.0,167.0,37.0,48,24.3,35.9,8.864197530864198,767
8.0,6.0,3.0,0.0,0.0,0.0,0.0,BCJ Cutting,17,422,8,12,281,44.0,15.0,85.0,132.0,12.0,40,23.416666666666668,35.166666666666664,9.01067615658363,430
1.0,3.0,1.0,2.0,0.0,0.0,0.0,BE Hendricks,7,224,15,11,151,24.0,7.0,61.0,48.0,13.0,57,13.727272727272727,20.363636363636363,8.900662251655628,239
9.0,8.0,1.0,1.0,0.0,1.0,0.0,BJ Hodge,20,294,16,18,234,17.0,14.0,83.0,106.0,18.0,29,13.0,16.333333333333332,7.538461538461538,310
1.0,0.0,0.0,0.0,0.0,0.0,0.0,BJ Rohrer,1,11,1,0,6,2.0,0.0,2.0,3.0,0.0,11,inf,inf,11.0,12
1.0,1.0,0.0,0.0,0.0,0.0,0.0,BMAJ Mendis,2,36,0,1,30,2.0,2.0,11.0,14.0,1.0,20,30.0,36.0,7.199999999999999,36
1.0,10.0,5.0,1.0,0.0,0.0,0.0,BW Hilfenhaus,17,461,36,23,375,48.0,21.0,200.0,100.0,20.0,40,16.304347826086957,20.043478260869566,7.376,497
10.0,7.0,6.0,1.0,1.0,0.0,0.0,Basil Thampi,25,828,34,26,522,75.0,41.0,181.0,203.0,38.0,69,20.076923076923077,31.846153846153847,9.517241379310345,862
12.0,10.0,6.0,0.0,0.0,0.0,0.0,Bipul Sharma,28,557,24,22,426,28.0,31.0,149.0,199.0,27.0,40,19.363636363636363,25.318181818181817,7.845070422535212,581
1.0,0.0,0.0,0.0,0.0,0.0,0.0,C Ganapathy,1,13,0,0,6,1.0,1.0,1.0,3.0,0.0,13,inf,inf,13.0,13
2.0,0.0,0.0,0.0,0.0,0.0,0.0,C Munro,2,15,0,0,12,1.0,1.0,5.0,5.0,0.0,8,inf,inf,7.5,15
1.0,2.0,0.0,0.0,0.0,0.0,0.0,C Nanda,3,55,3,2,48,1.0,2.0,16.0,23.0,8.0,32,24.0,27.5,6.875,58
6.0,7.0,2.0,2.0,0.0,0.0,0.0,C Sakariya,17,481,40,17,382,43.0,15.0,158.0,161.0,26.0,41,22.470588235294116,28.294117647058822,7.554973821989529,521
14.0,4.0,0.0,1.0,0.0,0.0,0.0,C de Grandhomme,19,301,22,7,218,22.0,13.0,75.0,105.0,15.0,35,31.142857142857142,43.0,8.284403669724771,323
25.0,8.0,4.0,1.0,0.0,0.0,0.0,CH Gayle,38,680,75,19,557,49.0,27.0,224.0,250.0,30.0,38,29.31578947368421,35.78947368421053,7.324955116696589,755
24.0,25.0,19.0,9.0,3.0,1.0,0.0,CH Morris,81,2220,157,107,1731,222.0,79.0,781.0,591.0,117.0,50,16.177570093457945,20.747663551401867,7.694974003466205,2377
11.0,9.0,1.0,1.0,0.0,0.0,0.0,CJ Anderson,22,497,28,14,297,52.0,23.0,104.0,121.0,15.0,56,21.214285714285715,35.5,10.040404040404042,525
1.0,0.0,0.0,0.0,0.0,0.0,0.0,CJ Dala,1,33,1,0,18,3.0,2.0,8.0,3.0,3.0,33,inf,inf,11.0,34
1.0,0.0,0.0,0.0,0.0,0.0,0.0,CJ Green,1,24,0,0,17,4.0,0.0,6.0,6.0,1.0,24,inf,inf,8.470588235294118,24
10.0,9.0,4.0,4.0,1.0,0.0,0.0,CJ Jordan,28,805,65,33,547,74.0,33.0,212.0,208.0,47.0,57,16.575757575757574,24.393939393939394,8.829981718464351,870
1.0,1.0,0.0,0.0,0.0,0.0,0.0,CJ McKay,2,60,0,1,42,8.0,1.0,14.0,17.0,1.0,36,42.0,60.0,8.571428571428571,60
3.0,0.0,0.0,0.0,0.0,0.0,0.0,CK Kapugedera,3,49,0,0,17,5.0,3.0,0.0,7.0,2.0,26,inf,inf,17.294117647058822,49
0.0,2.0,4.0,1.0,0.0,0.0,0.0,CK Langeveldt,7,178,21,13,157,17.0,8.0,84.0,50.0,6.0,45,12.076923076923077,13.692307692307692,6.802547770700636,199
5.0,1.0,0.0,0.0,0.0,0.0,0.0,CL White,6,81,5,1,42,5.0,6.0,12.0,21.0,2.0,22,42.0,81.0,11.571428571428571,86
6.0,6.0,2.0,2.0,0.0,0.0,0.0,CR Brathwaite,16,363,21,16,257,37.0,12.0,89.0,113.0,15.0,41,16.0625,22.6875,8.474708171206226,384
4.0,6.0,8.0,3.0,0.0,0.0,0.0,CR Woakes,21,635,39,31,441,68.0,28.0,195.0,149.0,23.0,46,14.225806451612904,20.483870967741936,8.639455782312925,674
1.0,3.0,4.0,1.0,0.0,1.0,0.0,CRD Fernando,10,279,27,19,238,30.0,9.0,119.0,78.0,12.0,39,12.526315789473685,14.68421052631579,7.033613445378151,306
14.0,17.0,9.0,0.0,1.0,1.0,0.0,CV Varun,42,1151,35,44,978,77.0,46.0,374.0,426.0,66.0,49,22.227272727272727,26.15909090909091,7.061349693251533,1186
0.0,1.0,0.0,0.0,0.0,0.0,0.0,D Brevis,1,8,0,1,3,2.0,0.0,1.0,0.0,0.0,8,3.0,8.0,16.0,8
1.0,2.0,0.0,0.0,0.0,0.0,0.0,D Kalyankrishna,3,85,3,2,48,8.0,4.0,13.0,22.0,2.0,32,24.0,42.5,10.625,88
2.0,1.0,3.0,0.0,0.0,0.0,0.0,D Pretorius,6,198,15,7,126,11.0,11.0,49.0,47.0,19.0,48,18.0,28.285714285714285,9.428571428571429,213
4.0,1.0,0.0,0.0,0.0,0.0,0.0,D Salunkhe,5,70,10,1,48,6.0,3.0,18.0,21.0,2.0,23,48.0,70.0,8.75,80
5.0,4.0,3.0,1.0,1.0,0.0,0.0,D Wiese,14,390,19,17,279,44.0,9.0,93.0,127.0,15.0,46,16.41176470588235,22.941176470588236,8.387096774193548,409
0.0,1.0,0.0,1.0,0.0,0.0,0.0,D du Preez,2,55,1,4,43,6.0,1.0,18.0,13.0,3.0,31,10.75,13.75,7.674418604651163,56
1.0,0.0,0.0,0.0,0.0,0.0,0.0,DA Warner,1,1,1,0,1,0.0,0.0,1.0,1.0,0.0,1,inf,inf,6.0,2
0.0,0.0,0.0,1.0,0.0,0.0,0.0,DAJ Bracewell,1,31,1,3,24,2.0,2.0,11.0,9.0,1.0,31,8.0,10.333333333333334,7.75,32
1.0,1.0,0.0,0.0,0.0,0.0,0.0,DB Ravi Teja,2,28,0,1,18,1.0,2.0,4.0,10.0,1.0,19,18.0,28.0,9.333333333333334,28
6.0,7.0,8.0,4.0,2.0,0.0,0.0,DE Bollinger,27,663,53,43,578,73.0,19.0,292.0,183.0,29.0,38,13.44186046511628,15.418604651162791,6.88235294117647,716
1.0,0.0,1.0,0.0,0.0,0.0,0.0,DG Nalkande,2,57,2,2,31,5.0,3.0,10.0,11.0,4.0,36,15.5,28.5,11.032258064516128,59
40.0,54.0,43.0,17.0,4.0,0.0,0.0,DJ Bravo,158,4178,258,207,3129,348.0,155.0,1225.0,1291.0,269.0,50,15.115942028985508,20.183574879227052,8.01150527325024,4436
2.0,0.0,0.0,0.0,0.0,0.0,0.0,DJ Harris,2,26,0,0,18,2.0,1.0,4.0,10.0,1.0,15,inf,inf,8.666666666666666,26
21.0,8.0,1.0,0.0,0.0,0.0,0.0,DJ Hooda,30,489,16,10,349,36.0,22.0,110.0,169.0,22.0,37,34.9,48.9,8.406876790830946,505
19.0,4.0,3.0,0.0,0.0,0.0,0.0,DJ Hussey,26,467,18,10,317,30.0,25.0,98.0,144.0,25.0,36,31.7,46.7,8.839116719242902,485
2.0,0.0,0.0,0.0,0.0,0.0,0.0,DJ Mitchell,2,26,1,0,12,3.0,1.0,2.0,6.0,1.0,20,inf,inf,13.0,27
3.0,2.0,1.0,0.0,0.0,0.0,0.0,DJ Muthuswami,6,101,7,4,84,14.0,3.0,47.0,14.0,5.0,24,21.0,25.25,7.2142857142857135,108
2.0,1.0,1.0,0.0,0.0,0.0,0.0,DJ Thornely,4,38,2,3,42,5.0,0.0,21.0,18.0,0.0,15,14.0,12.666666666666666,5.428571428571429,40
4.0,3.0,0.0,0.0,0.0,0.0,0.0,DJ Willey,7,166,5,3,126,18.0,5.0,48.0,48.0,8.0,46,42.0,55.333333333333336,7.904761904761905,171
13.0,3.0,1.0,1.0,0.0,0.0,1.0,DJG Sammy,19,341,13,14,238,33.0,12.0,82.0,97.0,20.0,34,17.0,24.357142857142858,8.596638655462185,354
1.0,1.0,0.0,0.0,0.0,0.0,0.0,DJM Short,2,19,4,1,18,1.0,1.0,8.0,7.0,1.0,10,18.0,19.0,6.333333333333334,23
26.0,21.0,11.0,3.0,1.0,1.0,0.0,DL Chahar,63,1661,78,61,1329,206.0,43.0,642.0,419.0,69.0,45,21.78688524590164,27.229508196721312,7.498871331828443,1739
12.0,15.0,4.0,2.0,0.0,1.0,0.0,DL Vettori,34,871,23,34,777,67.0,24.0,291.0,348.0,54.0,42,22.852941176470587,25.61764705882353,6.725868725868725,894
1.0,2.0,0.0,0.0,0.0,0.0,0.0,DNT Zoysa,3,96,4,2,68,12.0,3.0,26.0,26.0,2.0,36,34.0,48.0,8.470588235294118,100
7.0,12.0,5.0,4.0,1.0,0.0,0.0,DP Nannes,29,734,81,38,650,89.0,15.0,347.0,198.0,32.0,48,17.105263157894736,19.31578947368421,6.775384615384615,815
5.0,4.0,0.0,0.0,0.0,0.0,0.0,DP Vijaykumar,9,192,13,4,154,23.0,5.0,74.0,46.0,9.0,31,38.5,48.0,7.48051948051948,205
6.0,8.0,0.0,1.0,1.0,0.0,0.0,DR Sams,16,489,39,15,362,41.0,25.0,172.0,127.0,24.0,55,24.133333333333333,32.6,8.104972375690608,528
28.0,12.0,4.0,1.0,1.0,0.0,0.0,DR Smith,46,787,38,27,543,75.0,33.0,194.0,221.0,34.0,35,20.11111111111111,29.14814814814815,8.696132596685082,825
36.0,31.0,16.0,8.0,1.0,0.0,0.0,DS Kulkarni,92,2364,149,91,1794,271.0,81.0,849.0,562.0,108.0,51,19.714285714285715,25.978021978021978,7.906354515050167,2513
21.0,16.0,12.0,0.0,0.0,0.0,0.0,DT Christian,49,1152,66,40,886,103.0,39.0,354.0,348.0,76.0,49,22.15,28.8,7.8013544018058685,1218
36.0,24.0,24.0,11.0,0.0,0.0,0.0,DW Steyn,95,2406,177,105,2189,284.0,55.0,1159.0,641.0,130.0,56,20.847619047619048,22.914285714285715,6.594792142530837,2583
1.0,0.0,0.0,0.0,0.0,0.0,0.0,F du Plessis,1,16,0,0,6,0.0,2.0,0.0,4.0,0.0,16,inf,inf,16.0,16
2.0,2.0,0.0,0.0,0.0,0.0,0.0,FA Allen,4,135,1,2,90,11.0,7.0,27.0,44.0,1.0,46,45.0,67.5,9.0,136
2.0,2.0,2.0,0.0,0.0,0.0,0.0,FH Edwards,6,144,16,6,141,20.0,2.0,84.0,36.0,8.0,40,23.5,24.0,6.127659574468085,160
1.0,1.0,0.0,0.0,0.0,0.0,0.0,FY Fazal,2,20,0,1,12,1.0,1.0,1.0,8.0,1.0,14,12.0,20.0,10.0,20
2.0,0.0,1.0,0.0,0.0,0.0,0.0,Fazalhaq Farooqi,3,106,4,2,72,10.0,4.0,28.0,27.0,6.0,47,36.0,53.0,8.833333333333334,110
6.0,8.0,5.0,1.0,1.0,0.0,0.0,GB Hogg,21,552,33,25,459,40.0,21.0,177.0,193.0,32.0,39,18.36,22.08,7.215686274509803,585
1.0,3.0,1.0,1.0,0.0,0.0,0.0,GC Viljoen,6,210,19,8,138,25.0,6.0,55.0,47.0,12.0,49,17.25,26.25,9.130434782608695,229
5.0,6.0,2.0,0.0,1.0,0.0,0.0,GD McGrath,14,352,14,14,325,41.0,10.0,166.0,100.0,10.0,42,23.214285714285715,25.142857142857142,6.498461538461538,366
1.0,1.0,0.0,0.0,0.0,0.0,0.0,GD Phillips,2,19,1,1,12,2.0,1.0,5.0,5.0,0.0,16,12.0,19.0,9.5,20
5.0,1.0,0.0,0.0,0.0,0.0,0.0,GH Vihari,6,46,2,1,42,5.0,1.0,19.0,16.0,2.0,14,42.0,46.0,6.571428571428572,48
2.0,3.0,0.0,0.0,0.0,0.0,0.0,GHS Garton,5,128,8,3,92,11.0,6.0,38.0,36.0,6.0,29,30.666666666666668,42.666666666666664,8.347826086956522,136
42.0,17.0,7.0,0.0,0.0,0.0,0.0,GJ Maxwell,66,1060,27,31,786,60.0,60.0,273.0,361.0,48.0,39,25.35483870967742,34.193548387096776,8.091603053435115,1087
0.0,1.0,0.0,0.0,0.0,0.0,0.0,GR Napier,1,27,1,1,24,2.0,1.0,9.0,11.0,1.0,27,24.0,27.0,6.75,28
1.0,1.0,0.0,0.0,0.0,0.0,0.0,GS Sandhu,2,82,4,1,48,8.0,2.0,10.0,18.0,10.0,49,48.0,82.0,10.25,86
1.0,3.0,0.0,0.0,0.0,0.0,0.0,Gagandeep Singh,4,141,1,3,84,14.0,6.0,26.0,27.0,11.0,43,28.0,47.0,10.071428571428571,142
3.0,1.0,2.0,0.0,0.0,0.0,0.0,Gurkeerat Singh,6,93,4,5,78,6.0,3.0,30.0,36.0,6.0,27,15.6,18.6,7.153846153846153,97
3.0,3.0,2.0,0.0,0.0,0.0,0.0,HF Gurney,8,231,8,7,163,23.0,7.0,57.0,67.0,15.0,41,23.285714285714285,33.0,8.503067484662576,239
35.0,22.0,8.0,5.0,0.0,0.0,0.0,HH Pandya,70,1484,82,53,1056,136.0,65.0,430.0,401.0,66.0,54,19.92452830188679,28.0,8.431818181818182,1566
4.0,0.0,1.0,0.0,0.0,0.0,0.0,HR Shokeen,5,123,7,2,90,7.0,10.0,47.0,26.0,3.0,47,45.0,61.5,8.2,130
18.0,27.0,20.0,8.0,1.0,1.0,1.0,HV Patel,76,2121,141,106,1595,189.0,87.0,659.0,620.0,109.0,53,15.047169811320755,20.00943396226415,7.978683385579938,2262
65.0,49.0,31.0,11.0,3.0,1.0,0.0,Harbhajan Singh,160,3928,173,161,3420,296.0,145.0,1390.0,1468.0,185.0,56,21.242236024844722,24.39751552795031,6.891228070175439,4101
10.0,8.0,7.0,3.0,0.0,0.0,0.0,Harmeet Singh,28,698,49,31,553,69.0,22.0,236.0,204.0,43.0,45,17.838709677419356,22.516129032258064,7.573236889692586,747
10.0,3.0,0.0,2.0,0.0,0.0,0.0,Harpreet Brar,15,363,16,9,288,21.0,19.0,115.0,118.0,22.0,40,32.0,40.333333333333336,7.5625,379
1.0,1.0,0.0,0.0,0.0,0.0,0.0,Harshit Rana,2,50,2,1,31,5.0,3.0,12.0,10.0,1.0,27,31.0,50.0,9.677419354838708,52
1.0,0.0,0.0,0.0,0.0,0.0,0.0,I Malhotra,1,23,0,0,6,2.0,2.0,0.0,1.0,1.0,23,inf,inf,23.0,23
43.0,32.0,14.0,3.0,0.0,1.0,0.0,I Sharma,93,2582,197,74,2018,310.0,80.0,987.0,575.0,127.0,63,27.27027027027027,34.891891891891895,7.676907829534192,2779
4.0,4.0,2.0,0.0,0.0,0.0,0.0,I Udana,10,274,12,8,174,26.0,11.0,57.0,72.0,16.0,42,21.75,34.25,9.448275862068964,286
9.0,11.0,4.0,0.0,0.0,0.0,0.0,IC Pandey,24,584,25,19,464,77.0,17.0,229.0,123.0,18.0,41,24.42105263157895,30.736842105263158,7.551724137931034,609
0.0,1.0,0.0,0.0,0.0,0.0,0.0,IC Porel,1,37,5,1,24,6.0,1.0,12.0,7.0,0.0,37,24.0,37.0,9.25,42
38.0,35.0,20.0,8.0,0.0,0.0,0.0,IK Pathan,101,2569,142,99,2044,291.0,82.0,954.0,666.0,115.0,47,20.646464646464647,25.949494949494948,7.5410958904109595,2711
1.0,6.0,0.0,1.0,0.0,0.0,0.0,IS Sodhi,8,201,3,9,181,9.0,8.0,67.0,80.0,17.0,40,20.11111111111111,22.333333333333332,6.662983425414364,204
15.0,20.0,11.0,8.0,5.0,0.0,0.0,Imran Tahir,59,1664,65,86,1317,97.0,83.0,474.0,597.0,86.0,59,15.313953488372093,19.348837209302324,7.5808656036446465,1729
21.0,14.0,8.0,5.0,0.0,0.0,0.0,Iqbal Abdulla,48,1083,42,45,920,88.0,37.0,369.0,395.0,50.0,40,20.444444444444443,24.066666666666666,7.0630434782608695,1125
14.0,15.0,3.0,2.0,0.0,0.0,0.0,J Botha,34,781,37,27,694,59.0,24.0,283.0,294.0,43.0,42,25.703703703703702,28.925925925925927,6.752161383285303,818
5.0,12.0,4.0,0.0,0.0,0.0,0.0,J Suchith,21,585,19,20,420,47.0,26.0,156.0,171.0,32.0,45,21.0,29.25,8.357142857142858,604
4.0,4.0,3.0,0.0,0.0,0.0,0.0,J Syed Mohammad,11,279,7,10,192,18.0,12.0,54.0,90.0,21.0,43,19.2,27.9,8.71875,286
2.0,6.0,1.0,0.0,0.0,1.0,0.0,J Theron,10,288,23,13,223,28.0,9.0,88.0,98.0,12.0,42,17.153846153846153,22.153846153846153,7.748878923766815,311
11.0,7.0,1.0,0.0,0.0,0.0,0.0,J Yadav,19,411,10,9,368,29.0,15.0,154.0,147.0,29.0,37,40.888888888888886,45.666666666666664,6.701086956521739,421
29.0,33.0,15.0,7.0,3.0,0.0,0.0,JA Morkel,87,2256,153,96,1736,264.0,56.0,762.0,593.0,125.0,56,18.083333333333332,23.5,7.797235023041474,2409
1.0,1.0,1.0,0.0,0.0,0.0,0.0,JA Richardson,3,114,8,3,66,9.0,7.0,27.0,18.0,7.0,53,22.0,38.0,10.363636363636363,122
8.0,13.0,8.0,6.0,0.0,0.0,0.0,JC Archer,35,948,60,47,831,81.0,44.0,424.0,261.0,45.0,46,17.680851063829788,20.170212765957448,6.844765342960288,1008
8.0,6.0,1.0,1.0,0.0,0.0,0.0,JD Ryder,16,297,17,11,236,21.0,13.0,89.0,101.0,17.0,34,21.454545454545453,27.0,7.5508474576271185,314
35.0,26.0,19.0,7.0,1.0,2.0,0.0,JD Unadkat,90,2729,77,99,1897,234.0,125.0,694.0,751.0,126.0,51,19.161616161616163,27.565656565656564,8.631523458091724,2806
7.0,2.0,4.0,1.0,0.0,0.0,0.0,JDP Oram,14,342,20,13,238,34.0,14.0,92.0,89.0,14.0,51,18.307692307692307,26.307692307692307,8.621848739495798,362
8.0,3.0,1.0,1.0,0.0,0.0,0.0,JDS Neesham,13,328,14,8,216,32.0,14.0,74.0,89.0,12.0,51,27.0,41.0,9.11111111111111,342
2.0,1.0,1.0,1.0,0.0,0.0,0.0,JE Taylor,5,152,15,6,118,10.0,9.0,59.0,30.0,14.0,43,19.666666666666668,25.333333333333332,7.728813559322033,167
8.0,5.0,2.0,0.0,0.0,0.0,0.0,JEC Franklin,15,216,9,9,153,21.0,6.0,43.0,75.0,9.0,35,17.0,24.0,8.470588235294118,225
42.0,24.0,19.0,4.0,0.0,0.0,0.0,JH Kallis,89,2222,126,74,1751,236.0,58.0,693.0,702.0,104.0,50,23.66216216216216,30.027027027027028,7.613934894346087,2348
38.0,38.0,20.0,15.0,7.0,2.0,0.0,JJ Bumrah,120,3298,201,161,2793,307.0,102.0,1228.0,994.0,214.0,55,17.347826086956523,20.48447204968944,7.084854994629431,3499
1.0,1.0,1.0,0.0,0.0,0.0,0.0,JJ van der Wath,3,125,9,3,74,17.0,6.0,35.0,16.0,1.0,50,24.666666666666668,41.666666666666664,10.135135135135135,134
4.0,1.0,5.0,0.0,0.0,0.0,0.0,JL Pattinson,10,311,10,11,213,34.0,10.0,87.0,68.0,22.0,51,19.363636363636363,28.272727272727273,8.76056338028169,321
4.0,0.0,0.0,1.0,0.0,0.0,0.0,JM Kemp,5,51,7,3,44,6.0,1.0,21.0,17.0,2.0,14,14.666666666666666,17.0,6.954545454545455,58
12.0,10.0,6.0,7.0,3.0,0.0,0.0,JO Holder,38,1124,75,55,827,106.0,40.0,341.0,316.0,66.0,50,15.036363636363637,20.436363636363637,8.154776299879082,1199
1.0,3.0,1.0,0.0,0.0,0.0,0.0,JP Behrendorff,5,162,6,5,114,19.0,8.0,57.0,28.0,5.0,48,22.8,32.4,8.526315789473685,168
32.0,13.0,3.0,0.0,1.0,0.0,0.0,JP Duminy,49,802,45,23,678,53.0,33.0,265.0,308.0,42.0,33,29.47826086956522,34.869565217391305,7.097345132743362,847
20.0,22.0,8.0,5.0,2.0,3.0,0.0,JP Faulkner,60,1744,105,76,1243,160.0,67.0,487.0,448.0,121.0,54,16.355263157894736,22.94736842105263,8.418342719227674,1849
1.0,2.0,0.0,0.0,0.0,0.0,0.0,JPR Scantlebury-Searles,3,86,3,2,42,4.0,7.0,10.0,21.0,2.0,49,21.0,43.0,12.285714285714285,89
8.0,5.0,6.0,4.0,1.0,0.0,0.0,JR Hazlewood,24,718,36,33,549,75.0,30.0,257.0,170.0,31.0,62,16.636363636363637,21.757575757575758,7.846994535519126,754
8.0,10.0,2.0,0.0,0.0,0.0,0.0,JR Hopes,20,539,23,14,360,44.0,28.0,128.0,143.0,26.0,53,25.714285714285715,38.5,8.983333333333334,562
1.0,1.0,1.0,0.0,0.0,0.0,0.0,JW Hastings,3,63,3,3,59,11.0,0.0,34.0,13.0,3.0,29,19.666666666666668,21.0,6.40677966101695,66
1.0,0.0,0.0,0.0,0.0,0.0,0.0,Jalaj S Saxena,1,27,0,0,18,4.0,0.0,5.0,7.0,2.0,27,inf,inf,9.0,27
3.0,2.0,2.0,0.0,0.0,0.0,0.0,Jaskaran Singh,7,162,12,6,106,23.0,4.0,49.0,25.0,9.0,34,17.666666666666668,27.0,9.169811320754718,174
5.0,7.0,3.0,0.0,0.0,0.0,0.0,Joginder Sharma,15,402,19,13,263,38.0,17.0,83.0,120.0,14.0,46,20.23076923076923,30.923076923076923,9.171102661596958,421
6.0,0.0,0.0,0.0,0.0,0.0,0.0,K Goel,6,92,2,0,66,9.0,2.0,21.0,27.0,7.0,25,inf,inf,8.363636363636363,94
14.0,9.0,5.0,0.0,0.0,0.0,0.0,K Gowtham,28,655,22,19,480,59.0,29.0,178.0,195.0,25.0,45,25.263157894736842,34.473684210526315,8.1875,677
1.0,1.0,2.0,0.0,0.0,0.0,0.0,K Kartikeya,4,102,1,5,78,8.0,5.0,30.0,30.0,5.0,32,15.6,20.4,7.846153846153847,103
3.0,1.0,1.0,0.0,0.0,0.0,0.0,K Khejroliya,5,147,10,3,95,9.0,10.0,35.0,43.0,4.0,39,31.666666666666668,49.0,9.284210526315789,157
11.0,19.0,17.0,9.0,7.0,0.0,0.0,K Rabada,63,1901,122,108,1447,187.0,75.0,648.0,479.0,103.0,58,13.398148148148149,17.60185185185185,7.882515549412577,2023
0.0,1.0,1.0,0.0,0.0,0.0,0.0,K Santokie,2,87,4,3,48,6.0,6.0,19.0,13.0,7.0,47,16.0,29.0,10.875,91
3.0,0.0,0.0,0.0,0.0,0.0,0.0,K Upadhyay,3,79,2,0,54,9.0,3.0,22.0,20.0,1.0,33,inf,inf,8.777777777777779,81
1.0,0.0,0.0,0.0,0.0,0.0,0.0,K Yadav,1,16,1,0,12,3.0,0.0,5.0,4.0,0.0,16,inf,inf,8.0,17
3.0,4.0,1.0,1.0,0.0,0.0,0.0,KA Jamieson,9,258,13,9,171,27.0,14.0,79.0,52.0,7.0,40,19.0,28.666666666666668,9.052631578947368,271
51.0,36.0,17.0,1.0,2.0,0.0,0.0,KA Pollard,107,2077,123,81,1496,169.0,78.0,518.0,711.0,108.0,45,18.469135802469136,25.641975308641975,8.330213903743315,2200
2.0,0.0,0.0,0.0,0.0,0.0,0.0,KAJ Roach,2,76,4,0,49,10.0,3.0,24.0,12.0,3.0,46,inf,inf,9.306122448979592,80
5.0,4.0,2.0,0.0,0.0,0.0,0.0,KC Cariappa,11,340,9,8,218,23.0,19.0,69.0,95.0,15.0,54,27.25,42.5,9.357798165137615,349
53.0,23.0,10.0,6.0,1.0,0.0,0.0,KH Pandya,93,1971,95,65,1675,138.0,64.0,602.0,809.0,110.0,42,25.76923076923077,30.323076923076922,7.0602985074626865,2066
3.0,2.0,0.0,0.0,0.0,0.0,0.0,KJ Abbott,5,170,12,2,97,24.0,4.0,35.0,31.0,7.0,44,48.5,85.0,10.515463917525773,182
9.0,9.0,6.0,10.0,0.0,0.0,0.0,KK Ahmed,34,1070,46,51,780,112.0,43.0,352.0,245.0,52.0,46,15.294117647058824,20.980392156862745,8.23076923076923,1116
7.0,6.0,7.0,4.0,1.0,0.0,0.0,KK Cooper,25,725,64,36,577,59.0,23.0,233.0,222.0,62.0,49,16.02777777777778,20.13888888888889,7.538994800693241,789
7.0,3.0,1.0,0.0,0.0,0.0,0.0,KL Nagarkoti,11,280,7,5,180,21.0,14.0,57.0,76.0,15.0,40,36.0,56.0,9.333333333333334,287
0.0,2.0,1.0,0.0,0.0,0.0,0.0,KM Asif,3,90,3,4,50,8.0,6.0,20.0,14.0,4.0,42,12.5,22.5,10.8,93
4.0,1.0,1.0,1.0,1.0,0.0,0.0,KMA Paul,8,216,23,10,168,18.0,8.0,67.0,79.0,7.0,45,16.8,21.6,7.714285714285715,239
0.0,4.0,1.0,0.0,0.0,0.0,0.0,KMDN Kulasekara,5,115,7,6,102,16.0,0.0,52.0,27.0,12.0,37,17.0,19.166666666666668,6.764705882352941,122
6.0,5.0,1.0,0.0,1.0,0.0,0.0,KP Appanna,13,278,13,11,216,20.0,11.0,76.0,99.0,15.0,30,19.636363636363637,25.272727272727273,7.722222222222221,291
6.0,5.0,2.0,0.0,0.0,0.0,0.0,KP Pietersen,13,205,13,9,174,10.0,9.0,63.0,86.0,11.0,31,19.333333333333332,22.77777777777778,7.068965517241379,218
2.0,4.0,0.0,0.0,1.0,0.0,0.0,KR Sen,7,230,10,8,151,24.0,11.0,65.0,47.0,9.0,51,18.875,28.75,9.139072847682119,240
2.0,0.0,0.0,0.0,0.0,0.0,0.0,KS Williamson,2,31,0,0,18,1.0,2.0,2.0,11.0,2.0,24,inf,inf,10.333333333333334,31
26.0,25.0,9.0,4.0,1.0,1.0,0.0,KV Sharma,66,1593,52,64,1222,87.0,91.0,449.0,529.0,79.0,56,19.09375,24.890625,7.8216039279869065,1645
2.0,7.0,5.0,0.0,1.0,0.0,0.0,KW Richardson,15,458,21,21,335,40.0,23.0,146.0,113.0,22.0,47,15.952380952380953,21.80952380952381,8.202985074626865,479
4.0,1.0,2.0,0.0,1.0,1.0,0.0,Kamran Khan,9,228,20,14,167,25.0,10.0,81.0,55.0,5.0,47,11.928571428571429,16.285714285714285,8.191616766467067,248
2.0,3.0,2.0,1.0,1.0,0.0,0.0,Karanveer Singh,9,312,11,14,204,19.0,19.0,75.0,79.0,20.0,51,14.571428571428571,22.285714285714285,9.176470588235293,323
4.0,9.0,3.0,0.0,0.0,0.0,0.0,Kartik Tyagi,16,541,35,15,365,52.0,27.0,164.0,121.0,22.0,46,24.333333333333332,36.06666666666667,8.893150684931507,576
21.0,20.0,7.0,6.0,3.0,0.0,0.0,Kuldeep Yadav,57,1621,50,64,1195,91.0,87.0,395.0,563.0,80.0,58,18.671875,25.328125,8.138912133891214,1671
1.0,0.0,1.0,1.0,0.0,0.0,0.0,L Ablish,3,72,4,5,42,11.0,1.0,14.0,16.0,3.0,39,8.4,14.4,10.285714285714285,76
23.0,28.0,14.0,4.0,3.0,1.0,0.0,L Balaji,73,1952,131,85,1516,188.0,69.0,641.0,568.0,106.0,49,17.83529411764706,22.96470588235294,7.725593667546174,2083
1.0,3.0,6.0,3.0,1.0,0.0,0.0,L Ngidi,14,430,30,28,326,39.0,22.0,155.0,111.0,14.0,62,11.642857142857142,15.357142857142858,7.914110429447852,460
0.0,1.0,0.0,0.0,0.0,0.0,0.0,LA Carseldine,1,5,1,1,6,1.0,0.0,5.0,1.0,0.0,5,6.0,5.0,5.0,6
5.0,1.0,0.0,1.0,0.0,0.0,0.0,LE Plunkett,7,221,7,4,150,15.0,12.0,46.0,73.0,8.0,52,37.5,55.25,8.84,228
11.0,12.0,6.0,3.0,2.0,1.0,0.0,LH Ferguson,35,1036,57,46,772,111.0,40.0,350.0,256.0,48.0,54,16.782608695652176,22.52173913043478,8.05181347150259,1093
0.0,1.0,0.0,0.0,0.0,0.0,0.0,LI Meriwala,1,31,1,1,19,4.0,1.0,6.0,7.0,1.0,31,19.0,31.0,9.789473684210526,32
4.0,2.0,0.0,0.0,0.0,0.0,0.0,LJ Wright,6,120,5,2,71,5.0,9.0,19.0,38.0,4.0,35,35.5,60.0,10.140845070422536,125
0.0,1.0,0.0,0.0,0.0,0.0,0.0,LMP Simmons,1,34,0,1,18,2.0,2.0,2.0,10.0,2.0,34,18.0,34.0,11.333333333333332,34
1.0,0.0,0.0,0.0,0.0,0.0,0.0,LPC Silva,1,21,0,0,6,0.0,3.0,0.0,3.0,0.0,21,inf,inf,21.0,21
14.0,11.0,0.0,2.0,0.0,0.0,0.0,LR Shukla,27,429,29,17,316,39.0,16.0,127.0,112.0,31.0,37,18.58823529411765,25.235294117647058,8.145569620253164,458
2.0,0.0,0.0,0.0,0.0,0.0,0.0,LRPL Taylor,2,23,1,0,12,0.0,2.0,1.0,9.0,1.0,12,inf,inf,11.5,24
10.0,1.0,1.0,1.0,0.0,0.0,0.0,LS Livingstone,13,209,6,6,144,11.0,12.0,47.0,67.0,13.0,25,24.0,34.833333333333336,8.708333333333332,215
7.0,4.0,2.0,0.0,0.0,0.0,0.0,Lalit Yadav,13,249,4,8,193,15.0,11.0,60.0,93.0,15.0,41,24.125,31.125,7.740932642487046,253
18.0,15.0,7.0,2.0,0.0,0.0,0.0,M Ashwin,42,1079,50,35,848,80.0,46.0,321.0,369.0,57.0,43,24.228571428571428,30.82857142857143,7.6344339622641515,1129
4.0,4.0,0.0,2.0,0.0,0.0,0.0,M Jansen,10,302,23,10,229,28.0,14.0,109.0,76.0,12.0,57,22.9,30.2,7.9126637554585155,325
26.0,21.0,7.0,0.0,1.0,0.0,0.0,M Kartik,55,1341,77,39,1154,97.0,41.0,433.0,521.0,84.0,50,29.58974358974359,34.38461538461539,6.972270363951473,1418
3.0,0.0,0.0,0.0,0.0,0.0,0.0,M Manhas,3,42,0,0,42,2.0,1.0,15.0,21.0,2.0,19,inf,inf,6.0,42
9.0,8.0,1.0,1.0,1.0,0.0,0.0,M Markande,20,505,17,17,360,42.0,23.0,118.0,165.0,17.0,42,21.176470588235293,29.705882352941178,8.416666666666666,522
19.0,25.0,18.0,5.0,3.0,0.0,0.0,M Morkel,70,2005,131,88,1642,230.0,61.0,804.0,499.0,95.0,48,18.65909090909091,22.78409090909091,7.326431181485992,2136
23.0,26.0,12.0,3.0,2.0,0.0,0.0,M Muralitharan,66,1642,123,67,1530,105.0,67.0,695.0,611.0,100.0,51,22.83582089552239,24.507462686567163,6.43921568627451,1765
5.0,2.0,1.0,0.0,1.0,0.0,0.0,M Ntini,9,238,19,8,212,29.0,8.0,110.0,59.0,6.0,42,26.5,29.75,6.735849056603774,257
1.0,0.0,1.0,0.0,0.0,0.0,0.0,M Pathirana,2,41,15,2,41,6.0,0.0,27.0,13.0,2.0,21,20.5,20.5,6.0,56
17.0,21.0,8.0,4.0,0.0,1.0,0.0,M Prasidh Krishna,51,1619,122,54,1168,197.0,56.0,566.0,340.0,65.0,53,21.62962962962963,29.98148148148148,8.316780821917808,1741
3.0,3.0,1.0,1.0,1.0,0.0,0.0,M Theekshana,9,259,8,12,210,17.0,11.0,70.0,103.0,11.0,35,17.5,21.583333333333332,7.4,267
4.0,0.0,0.0,0.0,0.0,0.0,0.0,M Vijay,4,48,1,0,36,6.0,0.0,9.0,20.0,2.0,16,inf,inf,8.0,49
2.0,1.0,1.0,1.0,0.0,0.0,0.0,M de Lange,5,157,14,6,110,21.0,4.0,48.0,38.0,4.0,37,18.333333333333332,26.166666666666668,8.563636363636363,171
1.0,0.0,1.0,0.0,0.0,0.0,0.0,MA Khote,2,51,1,2,30,4.0,2.0,6.0,13.0,5.0,29,15.0,25.5,10.2,52
6.0,9.0,5.0,4.0,2.0,0.0,0.0,MA Starc,26,656,69,39,583,77.0,8.0,287.0,182.0,56.0,40,14.948717948717949,16.82051282051282,6.751286449399657,725
1.0,0.0,0.0,0.0,0.0,0.0,0.0,MA Wood,1,48,2,0,24,6.0,2.0,7.0,8.0,2.0,48,inf,inf,12.0,50
1.0,0.0,0.0,0.0,0.0,0.0,0.0,MB Parmar,1,32,1,0,18,6.0,0.0,5.0,8.0,0.0,32,inf,inf,10.666666666666666,33
29.0,19.0,9.0,3.0,0.0,0.0,0.0,MC Henriques,60,1256,46,46,951,123.0,38.0,343.0,417.0,55.0,44,20.67391304347826,27.304347826086957,7.92429022082019,1302
5.0,3.0,7.0,4.0,1.0,0.0,0.0,MF Maharoof,20,494,38,33,425,46.0,16.0,196.0,156.0,25.0,44,12.878787878787879,14.969696969696969,6.974117647058824,532
16.0,15.0,19.0,3.0,1.0,0.0,0.0,MG Johnson,54,1633,107,66,1244,196.0,55.0,619.0,349.0,76.0,51,18.848484848484848,24.742424242424242,7.87620578778135,1740
1.0,0.0,0.0,0.0,0.0,0.0,0.0,MG Neser,1,61,1,0,25,6.0,4.0,5.0,7.0,3.0,61,inf,inf,14.64,62
2.0,3.0,0.0,0.0,0.0,0.0,0.0,MJ Clarke,5,67,5,3,66,4.0,2.0,24.0,33.0,3.0,27,22.0,22.333333333333332,6.090909090909091,72
1.0,0.0,1.0,0.0,0.0,0.0,0.0,MJ Henry,2,70,1,2,30,7.0,5.0,8.0,10.0,1.0,39,15.0,35.0,14.0,71
13.0,22.0,12.0,7.0,2.0,0.0,0.0,MJ McClenaghan,56,1726,113,75,1283,181.0,72.0,599.0,421.0,70.0,50,17.106666666666666,23.013333333333332,8.071706936866718,1839
3.0,8.0,1.0,0.0,0.0,0.0,0.0,MJ Santner,12,266,16,10,241,23.0,7.0,95.0,106.0,13.0,36,24.1,26.6,6.62240663900415,282
7.0,1.0,0.0,0.0,0.0,0.0,0.0,MK Lomror,8,91,1,1,72,7.0,2.0,19.0,39.0,6.0,22,72.0,91.0,7.583333333333333,92
5.0,1.0,0.0,0.0,0.0,0.0,0.0,MK Tiwary,6,78,5,1,42,2.0,7.0,12.0,20.0,4.0,28,42.0,78.0,11.142857142857142,83
17.0,15.0,2.0,2.0,1.0,0.0,0.0,MM Ali,37,617,14,29,555,28.0,32.0,214.0,268.0,21.0,32,19.137931034482758,21.275862068965516,6.6702702702702705,631
22.0,14.0,18.0,5.0,3.0,1.0,0.0,MM Patel,63,1670,63,82,1366,188.0,53.0,634.0,425.0,73.0,54,16.658536585365855,20.365853658536587,7.335285505124451,1733
28.0,29.0,19.0,8.0,1.0,1.0,0.0,MM Sharma,86,2428,60,100,1760,261.0,82.0,698.0,624.0,122.0,57,17.6,24.28,8.277272727272727,2488
4.0,5.0,1.0,1.0,0.0,0.0,0.0,MN Samuels,11,278,7,10,214,23.0,12.0,85.0,84.0,15.0,39,21.4,27.8,7.794392523364486,285
27.0,16.0,3.0,3.0,1.0,0.0,0.0,MP Stoinis,50,1025,47,35,655,89.0,48.0,202.0,294.0,41.0,45,18.714285714285715,29.285714285714285,9.389312977099237,1072
8.0,8.0,6.0,0.0,1.0,0.0,0.0,MR Marsh,23,506,22,24,393,53.0,15.0,159.0,158.0,21.0,55,16.375,21.083333333333332,7.7251908396946565,528
17.0,18.0,6.0,3.0,0.0,0.0,0.0,MS Gony,44,1250,67,39,893,135.0,53.0,401.0,284.0,48.0,53,22.897435897435898,32.05128205128205,8.3986562150056,1317
2.0,0.0,0.0,0.0,0.0,0.0,0.0,Mandeep Singh,2,26,0,0,12,1.0,2.0,1.0,6.0,2.0,18,inf,inf,13.0,26
0.0,1.0,0.0,0.0,0.0,0.0,0.0,Mashrafe Mortaza,1,54,5,1,26,4.0,4.0,10.0,6.0,4.0,54,26.0,54.0,12.461538461538463,59
2.0,3.0,3.0,0.0,0.0,0.0,0.0,Mohammad Asif,8,289,18,9,193,37.0,8.0,77.0,62.0,14.0,49,21.444444444444443,32.111111111111114,8.984455958549223,307
2.0,2.0,0.0,0.0,0.0,0.0,0.0,Mohammad Hafeez,4,61,10,2,61,5.0,2.0,28.0,27.0,1.0,28,30.5,30.5,6.0,71
9.0,5.0,2.0,0.0,1.0,0.0,0.0,Mohammad Nabi,17,405,12,13,343,29.0,18.0,136.0,144.0,17.0,42,26.384615384615383,31.153846153846153,7.084548104956269,417
23.0,36.0,23.0,10.0,1.0,0.0,0.0,Mohammed Shami,93,2783,171,116,2050,304.0,105.0,915.0,664.0,121.0,52,17.67241379310345,23.99137931034483,8.145365853658538,2954
29.0,17.0,14.0,4.0,1.0,0.0,0.0,Mohammed Siraj,65,1866,126,61,1340,185.0,91.0,626.0,423.0,74.0,54,21.9672131147541,30.59016393442623,8.355223880597014,1992
2.0,4.0,0.0,2.0,1.0,0.0,0.0,Mohsin Khan,9,185,17,14,198,18.0,5.0,115.0,55.0,11.0,42,14.142857142857142,13.214285714285714,5.606060606060606,202
1.0,0.0,0.0,0.0,0.0,0.0,0.0,Monu Kumar,1,16,4,0,13,2.0,0.0,7.0,6.0,1.0,16,inf,inf,7.384615384615385,20
8.0,3.0,7.0,1.0,0.0,0.0,0.0,Mujeeb Ur Rahman,19,564,34,20,434,39.0,25.0,170.0,181.0,34.0,59,21.7,28.2,7.797235023041474,598
5.0,4.0,1.0,2.0,1.0,0.0,0.0,Mukesh Choudhary,13,406,19,16,273,47.0,17.0,137.0,68.0,18.0,49,17.0625,25.375,8.923076923076923,425
15.0,15.0,8.0,8.0,0.0,0.0,0.0,Mustafizur Rahman,46,1325,64,55,1054,118.0,43.0,428.0,405.0,86.0,54,19.163636363636364,24.09090909090909,7.5426944971537,1389
13.0,3.0,2.0,0.0,0.0,0.0,0.0,N Rana,18,173,5,7,127,20.0,4.0,45.0,55.0,7.0,20,18.142857142857142,24.714285714285715,8.173228346456693,178
1.0,1.0,0.0,0.0,0.0,0.0,0.0,NB Singh,2,14,4,1,24,2.0,0.0,17.0,6.0,0.0,7,24.0,14.0,3.5,18
2.0,2.0,0.0,0.0,0.0,0.0,0.0,ND Doshi,4,78,1,2,56,5.0,6.0,25.0,20.0,1.0,24,28.0,39.0,8.357142857142858,79
1.0,0.0,0.0,0.0,0.0,0.0,0.0,NJ Rimmington,1,19,1,0,18,3.0,0.0,10.0,3.0,2.0,19,inf,inf,6.333333333333334,20
2.0,0.0,0.0,0.0,0.0,0.0,0.0,NL McCullum,2,34,1,0,30,1.0,2.0,11.0,14.0,2.0,22,inf,inf,6.8,35
15.0,10.0,6.0,5.0,0.0,0.0,0.0,NLTC Perera,36,998,33,37,701,113.0,28.0,253.0,266.0,53.0,54,18.945945945945947,26.972972972972972,8.542082738944366,1031
12.0,10.0,8.0,6.0,2.0,0.0,0.0,NM Coulter-Nile,38,1063,62,52,866,123.0,34.0,419.0,267.0,47.0,48,16.653846153846153,20.442307692307693,7.364896073903003,1125
3.0,1.0,0.0,0.0,1.0,0.0,0.0,NT Ellis,5,139,9,5,103,12.0,7.0,46.0,37.0,6.0,45,20.6,27.8,8.097087378640778,148
14.0,9.0,7.0,0.0,0.0,0.0,0.0,Navdeep Saini,30,872,56,23,637,97.0,37.0,297.0,194.0,30.0,47,27.695652173913043,37.91304347826087,8.213500784929357,928
1.0,1.0,2.0,0.0,0.0,0.0,0.0,O Thomas,4,76,9,5,62,9.0,1.0,24.0,26.0,1.0,31,12.4,15.2,7.35483870967742,85
1.0,2.0,3.0,1.0,0.0,0.0,0.0,OC McCoy,7,219,23,11,157,19.0,8.0,66.0,67.0,11.0,49,14.272727272727273,19.90909090909091,8.369426751592357,242
2.0,3.0,0.0,0.0,1.0,0.0,0.0,OF Smith,6,173,6,7,91,12.0,16.0,40.0,25.0,2.0,51,13.0,24.714285714285715,11.406593406593405,179
1.0,3.0,2.0,0.0,0.0,0.0,0.0,P Amarnath,6,236,5,7,132,29.0,7.0,34.0,51.0,8.0,57,18.857142857142858,33.714285714285715,10.727272727272727,241
8.0,12.0,9.0,3.0,1.0,0.0,0.0,P Awana,33,1000,46,43,751,107.0,35.0,332.0,242.0,56.0,58,17.46511627906977,23.25581395348837,7.989347536617844,1046
3.0,0.0,0.0,0.0,0.0,0.0,0.0,P Dubey,3,72,0,0,48,5.0,4.0,12.0,26.0,1.0,29,inf,inf,9.0,72
51.0,40.0,22.0,6.0,0.0,0.0,0.0,P Kumar,119,3106,236,102,2525,338.0,104.0,1260.0,759.0,159.0,48,24.754901960784313,30.45098039215686,7.38059405940594,3342
17.0,16.0,6.0,2.0,1.0,0.0,0.0,P Negi,42,922,32,38,716,57.0,47.0,266.0,314.0,49.0,46,18.842105263157894,24.263157894736842,7.726256983240223,954
3.0,2.0,2.0,1.0,0.0,0.0,0.0,P Parameswaran,8,219,7,9,155,23.0,10.0,70.0,48.0,7.0,44,17.22222222222222,24.333333333333332,8.477419354838709,226
1.0,0.0,0.0,0.0,0.0,0.0,0.0,P Prasanth,1,18,0,0,6,0.0,3.0,3.0,0.0,0.0,18,inf,inf,18.0,18
1.0,0.0,0.0,0.0,0.0,0.0,0.0,P Ray Barman,1,56,0,0,24,3.0,4.0,2.0,10.0,5.0,56,inf,inf,14.0,56
3.0,1.0,1.0,0.0,0.0,0.0,0.0,P Sahu,5,144,8,3,105,11.0,5.0,29.0,54.0,8.0,35,35.0,48.0,8.228571428571428,152
3.0,2.0,0.0,0.0,0.0,0.0,0.0,P Suyal,5,140,14,2,100,16.0,5.0,48.0,31.0,6.0,42,50.0,70.0,8.399999999999999,154
6.0,3.0,0.0,0.0,1.0,0.0,0.0,PC Valthaty,10,199,8,7,151,15.0,7.0,48.0,70.0,12.0,34,21.571428571428573,28.428571428571427,7.907284768211921,207
2.0,3.0,1.0,0.0,0.0,0.0,0.0,PD Collingwood,6,100,1,5,89,4.0,3.0,25.0,50.0,8.0,27,17.8,20.0,6.741573033707866,101
1.0,0.0,1.0,0.0,0.0,0.0,0.0,PH Solanki,2,38,1,2,36,1.0,2.0,12.0,20.0,1.0,20,18.0,19.0,6.333333333333334,39
16.0,10.0,12.0,2.0,2.0,0.0,0.0,PJ Cummins,42,1296,109,48,954,126.0,54.0,414.0,334.0,67.0,55,19.875,27.0,8.150943396226415,1405
13.0,18.0,7.0,4.0,0.0,0.0,0.0,PJ Sangwan,42,1182,85,44,862,126.0,43.0,383.0,289.0,62.0,46,19.59090909090909,26.863636363636363,8.22737819025522,1267
1.0,1.0,0.0,0.0,0.0,0.0,0.0,PM Sarvesh Kumar,2,41,1,1,30,7.0,0.0,12.0,11.0,1.0,23,30.0,41.0,8.2,42
57.0,64.0,31.0,9.0,3.0,0.0,0.0,PP Chawla,164,4234,134,165,3276,319.0,182.0,1206.0,1349.0,244.0,57,19.854545454545455,25.66060606060606,7.7545787545787555,4368
31.0,28.0,23.0,7.0,1.0,0.0,0.0,PP Ojha,90,2261,138,99,1901,146.0,97.0,753.0,813.0,128.0,44,19.2020202020202,22.838383838383837,7.136244082062072,2399
15.0,11.0,5.0,1.0,1.0,0.0,0.0,PV Tambe,33,834,32,28,660,64.0,28.0,229.0,297.0,55.0,39,23.571428571428573,29.785714285714285,7.581818181818182,866
6.0,2.0,3.0,1.0,0.0,0.0,0.0,PVD Chameera,12,366,27,11,266,47.0,13.0,134.0,70.0,13.0,53,24.181818181818183,33.27272727272727,8.25563909774436,393
4.0,6.0,6.0,0.0,1.0,1.0,0.0,PWH de Silva,18,485,14,27,378,26.0,34.0,158.0,151.0,13.0,42,14.0,17.962962962962962,7.698412698412698,499
11.0,1.0,5.0,0.0,0.0,0.0,0.0,Pankaj Singh,17,453,19,11,301,52.0,17.0,125.0,95.0,18.0,47,27.363636363636363,41.18181818181818,9.029900332225914,472
7.0,4.0,0.0,0.0,0.0,0.0,0.0,Parvez Rasool,11,268,5,4,198,22.0,11.0,64.0,92.0,11.0,37,49.5,67.0,8.121212121212121,273
63.0,74.0,35.0,7.0,1.0,1.0,0.0,R Ashwin,181,4387,209,174,3904,272.0,170.0,1548.0,1799.0,225.0,48,22.436781609195403,25.21264367816092,6.742315573770492,4596
41.0,28.0,14.0,6.0,2.0,0.0,0.0,R Bhatia,91,1986,73,82,1638,120.0,68.0,490.0,875.0,103.0,47,19.975609756097562,24.21951219512195,7.274725274725274,2059
13.0,10.0,8.0,0.0,0.0,0.0,0.0,R Dhawan,31,757,62,26,605,62.0,21.0,221.0,275.0,51.0,47,23.26923076923077,29.115384615384617,7.507438016528925,819
8.0,7.0,2.0,1.0,0.0,0.0,0.0,R McLaren,18,520,38,14,357,69.0,11.0,144.0,120.0,26.0,54,25.5,37.142857142857146,8.739495798319327,558
0.0,1.0,1.0,0.0,0.0,0.0,0.0,R Ninan,2,65,0,3,36,3.0,5.0,8.0,17.0,3.0,34,12.0,21.666666666666668,10.833333333333334,65
14.0,5.0,0.0,0.0,0.0,0.0,0.0,R Parag,19,274,6,5,157,18.0,15.0,36.0,75.0,17.0,25,31.4,54.8,10.471337579617835,280
1.0,0.0,0.0,0.0,0.0,0.0,0.0,R Powell,1,16,1,0,6,1.0,1.0,1.0,2.0,2.0,16,inf,inf,16.0,17
1.0,6.0,4.0,1.0,0.0,0.0,0.0,R Rampaul,12,299,20,17,270,25.0,14.0,146.0,73.0,18.0,38,15.882352941176471,17.58823529411765,6.644444444444444,319
1.0,2.0,2.0,0.0,0.0,0.0,0.0,R Sai Kishore,5,119,3,6,96,7.0,5.0,29.0,53.0,4.0,42,16.0,19.833333333333332,7.4375,122
1.0,0.0,0.0,0.0,0.0,0.0,0.0,R Sanjay Yadav,1,21,2,0,12,3.0,1.0,8.0,1.0,1.0,21,inf,inf,10.5,23
10.0,2.0,2.0,0.0,0.0,0.0,0.0,R Sathish,14,227,6,6,139,18.0,10.0,36.0,65.0,15.0,50,23.166666666666668,37.833333333333336,9.798561151079138,233
14.0,19.0,10.0,1.0,0.0,0.0,0.0,R Sharma,44,1079,21,42,928,70.0,45.0,351.0,412.0,54.0,42,22.095238095238095,25.69047619047619,6.976293103448276,1100
1.0,1.0,0.0,1.0,0.0,0.0,0.0,R Shepherd,3,93,5,4,54,8.0,7.0,26.0,13.0,3.0,39,13.5,23.25,10.333333333333334,98
2.0,3.0,2.0,0.0,0.0,0.0,0.0,R Shukla,7,198,19,7,123,21.0,9.0,53.0,35.0,11.0,43,17.571428571428573,28.285714285714285,9.658536585365855,217
27.0,14.0,5.0,4.0,0.0,0.0,0.0,R Tewatia,50,1074,28,36,832,53.0,60.0,284.0,411.0,41.0,45,23.11111111111111,29.833333333333332,7.7451923076923075,1102
36.0,28.0,25.0,12.0,2.0,1.0,0.0,R Vinay Kumar,104,2925,116,127,2138,295.0,100.0,850.0,756.0,173.0,51,16.834645669291337,23.031496062992126,8.208606173994387,3041
97.0,46.0,24.0,10.0,3.0,1.0,0.0,RA Jadeja,181,3991,123,141,3209,247.0,173.0,1134.0,1459.0,241.0,57,22.75886524822695,28.30496453900709,7.462137737612963,4114
1.0,0.0,0.0,0.0,0.0,0.0,0.0,RA Shaikh,1,11,0,0,6,2.0,0.0,1.0,3.0,0.0,11,inf,inf,11.0,11
1.0,0.0,0.0,0.0,0.0,0.0,0.0,RA Tripathi,1,12,0,0,6,2.0,0.0,0.0,4.0,0.0,12,inf,inf,12.0,12
19.0,18.0,12.0,4.0,1.0,0.0,0.0,RD Chahar,54,1444,53,58,1180,91.0,67.0,465.0,495.0,85.0,53,20.344827586206897,24.896551724137932,7.342372881355932,1497
4.0,11.0,4.0,2.0,0.0,0.0,0.0,RE van der Merwe,21,486,29,25,443,25.0,17.0,171.0,202.0,38.0,41,17.72,19.44,6.582392776523703,515
1.0,1.0,0.0,0.0,0.0,0.0,0.0,RG More,2,57,6,1,35,5.0,1.0,7.0,17.0,7.0,30,35.0,57.0,9.771428571428572,63
23.0,6.0,1.0,0.0,2.0,0.0,0.0,RG Sharma,32,438,24,16,339,29.0,14.0,104.0,169.0,30.0,27,21.1875,27.375,7.7522123893805315,462
11.0,13.0,6.0,6.0,1.0,0.0,0.0,RJ Harris,37,998,87,47,833,119.0,27.0,422.0,236.0,59.0,43,17.72340425531915,21.23404255319149,7.1884753901560625,1085
3.0,0.0,0.0,1.0,0.0,0.0,0.0,RJ Peterson,4,70,0,3,48,5.0,5.0,21.0,14.0,3.0,37,16.0,23.333333333333332,8.75,70
7.0,3.0,0.0,0.0,0.0,0.0,0.0,RN ten Doeschate,10,88,6,3,78,4.0,3.0,27.0,44.0,5.0,20,26.0,29.333333333333332,6.769230769230769,94
3.0,7.0,2.0,1.0,0.0,0.0,0.0,RP Meredith,13,374,38,14,271,39.0,17.0,132.0,87.0,13.0,49,19.357142857142858,26.714285714285715,8.280442804428045,412
25.0,31.0,14.0,8.0,3.0,1.0,0.0,RP Singh,82,2236,181,100,1788,254.0,69.0,879.0,549.0,115.0,58,17.88,22.36,7.503355704697986,2417
1.0,0.0,0.0,0.0,0.0,0.0,0.0,RR Bhatkal,1,35,0,0,12,2.0,3.0,0.0,5.0,2.0,35,inf,inf,17.5,35
1.0,0.0,0.0,0.0,0.0,0.0,0.0,RR Bose,1,24,0,0,12,5.0,0.0,5.0,0.0,2.0,24,inf,inf,12.0,24
15.0,7.0,4.0,0.0,0.0,0.0,0.0,RR Powar,26,501,37,15,427,41.0,18.0,191.0,161.0,28.0,33,28.466666666666665,33.4,7.039812646370024,538
6.0,1.0,3.0,0.0,0.0,0.0,0.0,RR Raje,10,200,14,7,140,23.0,4.0,45.0,62.0,8.0,36,20.0,28.571428571428573,8.571428571428571,214
6.0,4.0,3.0,1.0,0.0,0.0,0.0,RS Bopara,14,276,25,13,206,25.0,10.0,73.0,94.0,11.0,36,15.846153846153847,21.23076923076923,8.03883495145631,301
1.0,0.0,0.0,0.0,0.0,0.0,0.0,RS Gavaskar,1,8,0,0,6,1.0,0.0,2.0,2.0,1.0,8,inf,inf,8.0,8
4.0,4.0,1.0,0.0,0.0,0.0,0.0,RV Gomez,9,128,2,6,96,10.0,7.0,39.0,36.0,5.0,28,16.0,21.333333333333332,8.0,130
1.0,0.0,0.0,0.0,0.0,0.0,0.0,RV Patel,1,20,2,0,18,2.0,0.0,7.0,10.0,1.0,20,inf,inf,6.666666666666667,22
1.0,0.0,0.0,0.0,0.0,0.0,0.0,RW Price,1,33,0,0,18,2.0,2.0,1.0,13.0,0.0,33,inf,inf,11.0,33
0.0,1.0,1.0,1.0,0.0,0.0,0.0,Ramandeep Singh,3,49,6,6,36,5.0,2.0,18.0,15.0,1.0,25,6.0,8.166666666666666,8.166666666666668,55
18.0,44.0,17.0,12.0,0.0,1.0,0.0,Rashid Khan,92,2308,103,119,2208,156.0,81.0,918.0,962.0,112.0,55,18.554621848739497,19.394957983193276,6.271739130434783,2411
3.0,0.0,0.0,0.0,0.0,0.0,0.0,Rasikh Salam,3,67,3,0,50,7.0,2.0,17.0,23.0,2.0,39,inf,inf,8.040000000000001,70
11.0,15.0,7.0,4.0,0.0,0.0,0.0,Ravi Bishnoi,37,1027,56,41,849,82.0,41.0,353.0,351.0,51.0,45,20.70731707317073,25.048780487804876,7.257950530035336,1083
11.0,13.0,9.0,3.0,2.0,0.0,0.0,S Aravind,38,1007,50,48,761,105.0,38.0,330.0,273.0,40.0,52,15.854166666666666,20.979166666666668,7.939553219448094,1057
5.0,5.0,1.0,0.0,1.0,0.0,0.0,S Badree,12,309,20,11,258,28.0,14.0,119.0,91.0,11.0,40,23.454545454545453,28.09090909090909,7.186046511627906,329
2.0,4.0,0.0,0.0,0.0,0.0,0.0,S Dhawan,6,65,7,4,48,7.0,3.0,21.0,17.0,1.0,26,12.0,16.25,8.125,72
11.0,0.0,1.0,1.0,0.0,0.0,0.0,S Dube,13,161,15,5,106,12.0,7.0,30.0,53.0,9.0,33,21.2,32.2,9.11320754716981,176
19.0,14.0,10.0,4.0,1.0,0.0,0.0,S Gopal,48,1273,18,50,950,77.0,68.0,324.0,424.0,62.0,46,19.0,25.46,8.040000000000001,1291
17.0,19.0,14.0,4.0,1.0,0.0,0.0,S Kaul,55,1706,66,63,1215,166.0,65.0,436.0,490.0,81.0,62,19.285714285714285,27.07936507936508,8.424691358024692,1772
7.0,1.0,1.0,1.0,0.0,0.0,0.0,S Kaushik,10,291,13,6,205,25.0,14.0,78.0,79.0,14.0,49,34.166666666666664,48.5,8.517073170731706,304
5.0,3.0,1.0,0.0,0.0,0.0,0.0,S Ladda,9,221,4,5,139,12.0,17.0,51.0,52.0,8.0,44,27.8,44.2,9.539568345323742,225
1.0,4.0,2.0,2.0,0.0,0.0,0.0,S Lamichhane,9,291,6,14,210,21.0,17.0,78.0,85.0,10.0,46,15.0,20.785714285714285,8.314285714285713,297
1.0,0.0,0.0,0.0,0.0,0.0,0.0,S Midhun,1,26,3,0,12,2.0,2.0,5.0,3.0,0.0,26,inf,inf,13.0,29
31.0,26.0,11.0,2.0,0.0,0.0,0.0,S Nadeem,70,1753,47,54,1419,114.0,73.0,494.0,673.0,84.0,46,26.27777777777778,32.46296296296296,7.412262156448204,1800
4.0,0.0,1.0,0.0,1.0,0.0,0.0,S Narwal,6,195,8,6,106,17.0,13.0,45.0,27.0,11.0,48,17.666666666666668,32.5,11.037735849056602,203
3.0,0.0,0.0,0.0,0.0,0.0,0.0,S Rana,3,18,0,0,16,2.0,0.0,5.0,8.0,1.0,9,inf,inf,6.75,18
3.0,2.0,3.0,0.0,0.0,0.0,0.0,S Randiv,8,217,6,8,174,20.0,5.0,66.0,73.0,14.0,33,21.75,27.125,7.482758620689656,223
4.0,0.0,1.0,0.0,0.0,0.0,0.0,S Sandeep Warrier,5,130,5,2,103,16.0,4.0,48.0,34.0,4.0,31,51.5,65.0,7.572815533980583,135
17.0,13.0,12.0,2.0,0.0,0.0,0.0,S Sreesanth,44,1112,109,43,903,130.0,39.0,471.0,259.0,45.0,50,21.0,25.86046511627907,7.3887043189368775,1221
2.0,0.0,0.0,0.0,0.0,0.0,0.0,S Sriram,2,49,0,0,18,4.0,4.0,2.0,7.0,1.0,25,inf,inf,16.333333333333336,49
9.0,4.0,1.0,0.0,0.0,0.0,0.0,S Tyagi,14,284,20,6,212,34.0,12.0,109.0,54.0,11.0,43,35.333333333333336,47.333333333333336,8.037735849056602,304
0.0,1.0,0.0,0.0,0.0,0.0,0.0,S Vidyut,1,21,1,1,12,1.0,2.0,6.0,3.0,1.0,21,12.0,21.0,10.5,22
2.0,1.0,0.0,0.0,0.0,0.0,0.0,SA Abbott,3,99,5,1,54,13.0,3.0,18.0,21.0,4.0,44,54.0,99.0,11.0,104
1.0,0.0,0.0,0.0,0.0,0.0,0.0,SA Yadav,1,8,0,0,6,1.0,0.0,2.0,2.0,1.0,8,inf,inf,8.0,8
5.0,2.0,2.0,0.0,0.0,0.0,0.0,SB Bangar,9,212,9,6,150,24.0,7.0,60.0,51.0,10.0,36,25.0,35.333333333333336,8.48,221
27.0,15.0,12.0,1.0,2.0,0.0,0.0,SB Jakati,57,1422,52,50,1087,97.0,60.0,370.0,481.0,86.0,43,21.74,28.44,7.849126034958601,1474
3.0,1.0,0.0,0.0,0.0,0.0,0.0,SB Joshi,4,82,0,1,55,6.0,5.0,18.0,24.0,2.0,27,55.0,82.0,8.945454545454545,82
6.0,2.0,2.0,1.0,0.0,0.0,0.0,SB Styris,11,270,8,9,216,19.0,14.0,91.0,86.0,12.0,36,24.0,30.0,7.5,278
5.0,2.0,0.0,1.0,0.0,0.0,0.0,SB Wagh,8,131,16,5,102,21.0,2.0,56.0,23.0,6.0,36,20.4,26.2,7.7058823529411775,147
14.0,2.0,2.0,2.0,0.0,0.0,0.0,SC Ganguly,20,359,11,12,277,25.0,14.0,85.0,138.0,17.0,39,23.083333333333332,29.916666666666668,7.776173285198556,370
1.0,0.0,1.0,0.0,0.0,0.0,0.0,SC Kuggeleijn,2,69,2,2,48,6.0,3.0,19.0,17.0,5.0,36,24.0,34.5,8.625,71
1.0,0.0,1.0,0.0,0.0,0.0,0.0,SD Chitnis,2,54,8,2,36,4.0,3.0,13.0,16.0,2.0,35,18.0,27.0,9.0,62
2.0,3.0,3.0,0.0,0.0,0.0,0.0,SE Bond,8,218,7,9,186,27.0,3.0,81.0,68.0,12.0,33,20.666666666666668,24.22222222222222,7.03225806451613,225
5.0,1.0,0.0,0.0,0.0,0.0,0.0,SE Rutherford,6,54,6,1,41,4.0,1.0,13.0,24.0,4.0,17,41.0,54.0,7.902439024390244,60
4.0,5.0,5.0,0.0,0.0,0.0,0.0,SJ Srivastava,14,409,35,15,283,50.0,13.0,130.0,96.0,16.0,46,18.866666666666667,27.266666666666666,8.671378091872793,444
46.0,16.0,7.0,0.0,0.0,0.0,0.0,SK Raina,69,1096,43,30,908,71.0,44.0,321.0,445.0,44.0,39,30.266666666666666,36.53333333333333,7.242290748898679,1139
32.0,24.0,12.0,3.0,4.0,0.0,0.0,SK Trivedi,75,1840,104,73,1515,154.0,51.0,572.0,649.0,126.0,54,20.753424657534246,25.205479452054796,7.287128712871287,1944
17.0,20.0,12.0,4.0,1.0,0.0,0.0,SK Warne,54,1408,57,60,1194,91.0,56.0,471.0,504.0,99.0,50,19.9,23.466666666666665,7.075376884422111,1465
28.0,37.0,33.0,13.0,9.0,2.0,0.0,SL Malinga,122,3194,292,188,2846,314.0,86.0,1357.0,1022.0,187.0,56,15.138297872340425,16.98936170212766,6.733661278988054,3486
1.0,0.0,0.0,1.0,0.0,0.0,0.0,SM Boland,2,53,3,3,42,6.0,1.0,16.0,17.0,3.0,31,14.0,17.666666666666668,7.571428571428571,56
13.0,7.0,6.0,4.0,1.0,0.0,0.0,SM Curran,31,962,43,35,653,93.0,40.0,258.0,232.0,57.0,57,18.65714285714286,27.485714285714284,8.839203675344564,1005
1.0,1.0,1.0,0.0,0.0,0.0,0.0,SM Harwood,3,61,13,3,60,6.0,2.0,41.0,12.0,5.0,25,20.0,20.333333333333332,6.1,74
5.0,5.0,2.0,0.0,1.0,0.0,0.0,SM Pollock,13,297,10,13,276,30.0,9.0,136.0,89.0,14.0,39,21.23076923076923,22.846153846153847,6.456521739130434,307
1.0,5.0,2.0,0.0,0.0,0.0,0.0,SMSM Senanayake,8,206,5,9,192,17.0,5.0,78.0,84.0,9.0,50,21.333333333333332,22.88888888888889,6.4375,211
1.0,0.0,0.0,0.0,0.0,0.0,0.0,SN Khan,1,6,0,0,2,1.0,0.0,0.0,0.0,1.0,6,inf,inf,18.0,6
25.0,20.0,21.0,6.0,2.0,0.0,0.0,SN Thakur,74,2231,140,88,1555,224.0,90.0,684.0,516.0,129.0,51,17.670454545454547,25.352272727272727,8.608360128617363,2371
48.0,54.0,30.0,6.0,6.0,3.0,0.0,SP Narine,147,3755,152,171,3467,264.0,134.0,1468.0,1413.0,229.0,48,20.27485380116959,21.95906432748538,6.498413614075569,3907
1.0,0.0,0.0,0.0,0.0,0.0,0.0,SPD Smith,1,5,0,0,2,1.0,0.0,0.0,1.0,0.0,5,inf,inf,15.0,5
4.0,0.0,0.0,0.0,0.0,0.0,0.0,SR Tendulkar,4,57,2,0,36,6.0,1.0,6.0,21.0,3.0,21,inf,inf,9.5,59
42.0,33.0,18.0,10.0,2.0,0.0,0.0,SR Watson,105,2571,171,107,2042,292.0,74.0,952.0,687.0,125.0,59,19.08411214953271,24.02803738317757,7.55435847208619,2742
0.0,1.0,0.0,0.0,0.0,0.0,0.0,SS Agarwal,1,42,0,1,24,3.0,3.0,7.0,10.0,1.0,42,24.0,42.0,10.5,42
2.0,2.0,2.0,0.0,0.0,0.0,0.0,SS Cottrell,6,161,16,6,120,19.0,8.0,70.0,31.0,3.0,49,20.0,26.833333333333332,8.049999999999999,177
1.0,0.0,0.0,0.0,0.0,0.0,0.0,SS Iyer,1,7,0,0,6,0.0,1.0,4.0,1.0,0.0,7,inf,inf,7.0,7
0.0,1.0,0.0,0.0,0.0,0.0,0.0,SS Mundhe,1,5,1,1,6,1.0,0.0,5.0,1.0,0.0,5,6.0,5.0,5.0,6
1.0,1.0,0.0,0.0,0.0,0.0,0.0,SS Sarkar,2,34,0,1,25,4.0,0.0,4.0,16.0,1.0,19,25.0,34.0,8.16,34
13.0,4.0,1.0,2.0,1.0,0.0,0.0,ST Jayasuriya,21,375,21,16,294,22.0,16.0,93.0,149.0,21.0,39,18.375,23.4375,7.653061224489796,396
41.0,17.0,4.0,1.0,0.0,0.0,0.0,STR Binny,63,741,22,28,595,76.0,14.0,221.0,250.0,47.0,32,21.25,26.464285714285715,7.472268907563025,763
8.0,5.0,4.0,3.0,1.0,0.0,0.0,SW Tait,21,557,111,26,482,71.0,12.0,281.0,143.0,25.0,46,18.53846153846154,21.423076923076923,6.933609958506223,668
0.0,1.0,1.0,0.0,0.0,0.0,0.0,Sachin Baby,2,8,0,3,10,1.0,0.0,5.0,4.0,0.0,4,3.3333333333333335,2.6666666666666665,4.800000000000001,8
29.0,42.0,21.0,9.0,3.0,0.0,0.0,Sandeep Sharma,104,2920,126,123,2326,296.0,106.0,1062.0,778.0,149.0,61,18.910569105691057,23.739837398373982,7.532244196044712,3046
14.0,4.0,3.0,1.0,0.0,0.0,0.0,Shahbaz Ahmed,22,461,17,13,331,26.0,24.0,99.0,171.0,21.0,40,25.46153846153846,35.46153846153846,8.356495468277945,478
5.0,2.0,2.0,1.0,0.0,0.0,0.0,Shahid Afridi,10,220,17,9,181,19.0,7.0,70.0,76.0,13.0,31,20.11111111111111,24.444444444444443,7.292817679558011,237
24.0,24.0,19.0,3.0,0.0,0.0,0.0,Shakib Al Hasan,70,1802,62,71,1484,120.0,78.0,554.0,676.0,85.0,46,20.901408450704224,25.380281690140844,7.285714285714285,1864
2.0,0.0,0.0,0.0,0.0,0.0,0.0,Shashank Singh,2,19,1,0,12,2.0,0.0,2.0,7.0,2.0,10,inf,inf,9.5,20
8.0,17.0,6.0,0.0,1.0,0.0,0.0,Shivam Mavi,32,903,55,33,655,92.0,38.0,300.0,208.0,48.0,56,19.848484848484848,27.363636363636363,8.27175572519084,958
2.0,2.0,1.0,0.0,0.0,0.0,0.0,Shivam Sharma,5,165,0,4,114,9.0,10.0,37.0,47.0,11.0,44,28.5,41.25,8.68421052631579,165
4.0,1.0,2.0,0.0,0.0,0.0,0.0,Shoaib Ahmed,7,151,3,5,102,14.0,7.0,36.0,40.0,5.0,30,20.4,30.2,8.882352941176471,154
1.0,1.0,0.0,0.0,1.0,0.0,0.0,Shoaib Akhtar,3,50,4,5,42,6.0,2.0,27.0,8.0,3.0,28,8.4,10.0,7.142857142857142,54
3.0,2.0,0.0,0.0,0.0,0.0,0.0,Shoaib Malik,5,77,10,2,52,7.0,3.0,23.0,19.0,6.0,29,26.0,38.5,8.884615384615385,87
3.0,2.0,1.0,0.0,0.0,0.0,0.0,Simarjeet Singh,6,129,14,4,109,17.0,4.0,61.0,26.0,4.0,26,27.25,32.25,7.100917431192661,143
3.0,2.0,0.0,4.0,1.0,0.0,1.0,Sohail Tanvir,11,246,29,24,248,27.0,7.0,148.0,70.0,13.0,39,10.333333333333334,10.25,5.951612903225806,275
1.0,0.0,0.0,0.0,0.0,0.0,0.0,Sunny Gupta,1,45,2,0,18,4.0,3.0,1.0,11.0,0.0,45,inf,inf,15.0,47
4.0,1.0,0.0,0.0,0.0,0.0,0.0,Swapnil Singh,5,89,1,1,60,1.0,6.0,11.0,37.0,6.0,29,60.0,89.0,8.9,90
1.0,1.0,0.0,0.0,0.0,0.0,0.0,T Henderson,2,40,1,1,36,5.0,0.0,15.0,12.0,4.0,30,36.0,40.0,6.666666666666667,41
10.0,12.0,8.0,5.0,0.0,0.0,0.0,T Natarajan,35,1055,61,43,760,94.0,44.0,290.0,316.0,48.0,58,17.674418604651162,24.53488372093023,8.328947368421051,1116
2.0,3.0,0.0,0.0,0.0,0.0,0.0,T Shamsi,5,181,4,3,120,14.0,8.0,32.0,55.0,11.0,51,40.0,60.333333333333336,9.05,185
1.0,2.0,2.0,0.0,1.0,0.0,0.0,T Thushara,6,152,12,10,137,15.0,4.0,67.0,48.0,10.0,32,13.7,15.2,6.656934306569343,164
15.0,36.0,20.0,5.0,2.0,0.0,0.0,TA Boult,78,2412,110,99,1795,289.0,82.0,841.0,542.0,99.0,62,18.13131313131313,24.363636363636363,8.062395543175487,2522
23.0,13.0,8.0,7.0,0.0,1.0,0.0,TG Southee,52,1603,92,55,1174,167.0,57.0,516.0,390.0,85.0,56,21.345454545454544,29.145454545454545,8.192504258943782,1695
4.0,6.0,2.0,1.0,0.0,0.0,0.0,TK Curran,13,416,16,13,241,33.0,23.0,70.0,106.0,20.0,53,18.53846153846154,32.0,10.356846473029046,432
6.0,3.0,2.0,0.0,0.0,0.0,0.0,TL Suman,11,195,3,7,152,8.0,10.0,45.0,75.0,14.0,29,21.714285714285715,27.857142857142858,7.697368421052632,198
20.0,5.0,0.0,0.0,0.0,0.0,0.0,TM Dilshan,25,361,7,5,271,27.0,15.0,85.0,134.0,13.0,30,54.2,72.2,7.992619926199262,368
3.0,1.0,1.0,0.0,0.0,0.0,0.0,TM Head,5,81,0,3,48,3.0,5.0,7.0,27.0,6.0,30,16.0,27.0,10.125,81
2.0,1.0,0.0,0.0,0.0,0.0,0.0,TP Sudhindra,3,132,5,1,71,9.0,9.0,22.0,26.0,8.0,46,71.0,132.0,11.154929577464788,137
3.0,4.0,2.0,1.0,0.0,0.0,0.0,TS Mills,10,328,21,11,209,37.0,14.0,84.0,71.0,11.0,52,19.0,29.818181818181817,9.416267942583731,349
4.0,2.0,1.0,0.0,0.0,0.0,0.0,TU Deshpande,7,246,14,4,145,32.0,8.0,55.0,47.0,10.0,40,36.25,61.5,10.179310344827586,260
1.0,0.0,0.0,0.0,0.0,0.0,0.0,Tejas Baroka,1,33,0,0,21,2.0,2.0,6.0,9.0,2.0,33,inf,inf,9.428571428571429,33
2.0,0.0,0.0,0.0,0.0,0.0,0.0,Tilak Varma,2,13,0,0,12,2.0,0.0,5.0,5.0,0.0,7,inf,inf,6.5,13
49.0,39.0,23.0,16.0,5.0,0.0,0.0,UT Yadav,132,3791,250,153,2840,427.0,131.0,1278.0,936.0,161.0,64,18.562091503267975,24.77777777777778,8.009154929577464,4041
0.0,2.0,2.0,0.0,2.0,0.0,0.0,Umar Gul,6,166,32,14,141,17.0,5.0,73.0,48.0,10.0,37,10.071428571428571,11.857142857142858,7.063829787234042,198
6.0,5.0,2.0,2.0,0.0,2.0,0.0,Umran Malik,17,511,40,25,371,66.0,18.0,191.0,91.0,18.0,47,14.84,20.44,8.264150943396226,551
22.0,3.0,1.0,0.0,0.0,0.0,0.0,V Kohli,26,354,17,5,257,25.0,11.0,64.0,140.0,24.0,36,51.4,70.8,8.264591439688715,371
1.0,5.0,2.0,1.0,0.0,0.0,0.0,V Pratap Singh,9,289,11,12,204,31.0,10.0,82.0,73.0,13.0,43,17.0,24.083333333333332,8.5,300
10.0,4.0,1.0,0.0,0.0,0.0,0.0,V Sehwag,15,233,3,6,137,19.0,16.0,46.0,53.0,4.0,30,22.833333333333332,38.833333333333336,10.204379562043796,236
11.0,10.0,1.0,0.0,0.0,0.0,0.0,V Shankar,22,323,21,12,243,29.0,12.0,97.0,106.0,13.0,37,20.25,26.916666666666668,7.9753086419753085,344
3.0,0.0,2.0,0.0,0.0,0.0,0.0,VG Arora,5,161,4,4,107,20.0,6.0,42.0,39.0,3.0,41,26.75,40.25,9.02803738317757,165
23.0,9.0,17.0,1.0,0.0,0.0,0.0,VR Aaron,50,1401,126,46,1002,159.0,52.0,481.0,310.0,52.0,60,21.782608695652176,30.456521739130434,8.389221556886227,1527
6.0,1.0,1.0,0.0,0.0,0.0,0.0,VR Iyer,8,112,5,3,76,8.0,5.0,20.0,40.0,5.0,29,25.333333333333332,37.333333333333336,8.842105263157894,117
8.0,6.0,2.0,2.0,0.0,0.0,0.0,VRV Singh,18,531,18,16,364,58.0,16.0,128.0,137.0,30.0,55,22.75,33.1875,8.752747252747252,549
8.0,4.0,1.0,0.0,0.0,0.0,0.0,VS Malik,13,254,14,6,207,30.0,6.0,94.0,69.0,10.0,28,34.5,42.333333333333336,7.362318840579709,268
2.0,0.0,0.0,0.0,0.0,0.0,0.0,VS Yeligati,2,53,8,0,30,7.0,2.0,10.0,13.0,0.0,42,inf,inf,10.6,61
5.0,6.0,4.0,1.0,0.0,1.0,0.0,VY Mahesh,17,478,33,22,346,47.0,20.0,143.0,130.0,17.0,49,15.727272727272727,21.727272727272727,8.289017341040463,511
3.0,4.0,0.0,0.0,0.0,0.0,0.0,WA Mota,7,94,4,4,73,4.0,5.0,27.0,30.0,9.0,25,18.25,23.5,7.726027397260275,98
7.0,11.0,5.0,2.0,1.0,0.0,0.0,WD Parnell,26,651,80,31,577,80.0,11.0,283.0,192.0,34.0,39,18.612903225806452,21.0,6.769497400346621,731
2.0,3.0,5.0,3.0,0.0,0.0,0.0,WPUJC Vaas,13,345,19,22,284,40.0,13.0,138.0,88.0,8.0,45,12.909090909090908,15.681818181818182,7.288732394366198,364
25.0,16.0,5.0,3.0,0.0,0.0,0.0,Washington Sundar,49,1090,26,35,920,69.0,49.0,337.0,427.0,45.0,47,26.285714285714285,31.142857142857142,7.108695652173912,1116
1.0,0.0,0.0,0.0,0.0,0.0,0.0,Y Gnaneswara Rao,1,7,0,0,6,1.0,0.0,3.0,1.0,1.0,7,inf,inf,7.0,7
5.0,2.0,1.0,0.0,0.0,0.0,0.0,Y Nagar,8,117,8,4,70,11.0,6.0,20.0,33.0,2.0,28,17.5,29.25,10.028571428571428,125
1.0,1.0,0.0,0.0,0.0,0.0,0.0,Y Prithvi Raj,2,54,3,1,30,6.0,2.0,11.0,11.0,2.0,27,30.0,54.0,10.8,57
15.0,3.0,2.0,0.0,0.0,0.0,0.0,Y Venugopal Rao,20,329,9,7,216,30.0,13.0,66.0,96.0,16.0,34,30.857142857142858,47.0,9.13888888888889,338
5.0,2.0,1.0,1.0,2.0,0.0,0.0,YA Abdulla,11,294,17,15,210,32.0,13.0,104.0,58.0,15.0,43,14.0,19.6,8.399999999999999,311
1.0,0.0,0.0,0.0,0.0,0.0,0.0,YBK Jaiswal,1,6,0,0,1,0.0,1.0,0.0,0.0,0.0,6,inf,inf,36.0,6
51.0,19.0,9.0,3.0,0.0,0.0,0.0,YK Pathan,82,1372,71,46,1147,99.0,57.0,456.0,514.0,54.0,44,24.934782608695652,29.82608695652174,7.176983435047951,1443
29.0,52.0,32.0,13.0,3.0,1.0,0.0,YS Chahal,130,3524,175,172,2864,209.0,179.0,1129.0,1242.0,171.0,51,16.651162790697676,20.488372093023255,7.382681564245811,3699
2.0,3.0,2.0,2.0,0.0,0.0,0.0,Yash Dayal,9,283,13,13,195,31.0,12.0,87.0,63.0,12.0,43,15.0,21.76923076923077,8.707692307692307,296
51.0,12.0,5.0,3.0,2.0,0.0,0.0,Yuvraj Singh,73,1064,27,39,870,59.0,40.0,282.0,422.0,74.0,35,22.307692307692307,27.28205128205128,7.337931034482758,1091
29.0,36.0,22.0,9.0,3.0,0.0,0.0,Z Khan,99,2691,169,119,2202,312.0,64.0,1005.0,743.0,142.0,50,18.50420168067227,22.613445378151262,7.332425068119891,2860
